signal_date,ticker,name,condition_id,matched_conditions,foreign_net_buy_streak,foreign_qty,foreign_net_buy_2d_qty,foreign_net_buy_3d_qty,foreign_volume_ratio_pct,event_close,next_trading_day,next_open,next_open_return_pct,next_close,next_close_return_pct,d_plus_5_close,d_plus_5_return_pct,d_plus_10_close,d_plus_10_return_pct,d_plus_20_close,d_plus_20_return_pct,result_label,review_note
2026-05-04,009150,삼성전기,foreign_buy_streak_2,"foreign_buy_streak_2,foreign_buy_2d_all,foreign_buy_vol_0_5pct,foreign_buy_vol_1pct,foreign_buy_vol_2pct",2,98847,115166,42049,11.41,918000,2026-05-06,971000,5.77,912000,-0.65,958000,4.36,987000,7.52,1716000,86.93,상승 지속,"D+1(2026-05-06) 시가 +5.77%, 종가 -0.65%; D+5 +4.36%; D+10 +7.52%; D+20 +86.93%"
2026-05-04,062040,산일전기,foreign_buy_streak_2,"foreign_buy_streak_2,foreign_buy_2d_all",2,8055,23769,-96259,0.38,333500,2026-05-06,329000,-1.35,319500,-4.20,312000,-6.45,245500,-26.39,222500,-33.28,하락 전환,"D+1(2026-05-06) 시가 -1.35%, 종가 -4.20%; D+5 -6.45%; D+10 -26.39%; D+20 -33.28%"
2026-05-04,006910,보성파워텍,foreign_buy_streak_2,"foreign_buy_streak_2,foreign_buy_2d_all,foreign_buy_vol_0_5pct,foreign_buy_vol_1pct,foreign_buy_vol_2pct",2,1293305,1510379,1122602,2.86,14350,2026-05-06,14590,1.67,15830,10.31,13010,-9.34,10600,-26.13,8900,-37.98,하락 전환,"D+1(2026-05-06) 시가 +1.67%, 종가 +10.31%; D+5 -9.34%; D+10 -26.13%; D+20 -37.98%"
2026-05-04,016360,삼성증권,foreign_buy_streak_3,"foreign_buy_streak_2,foreign_buy_streak_3,foreign_buy_2d_all,foreign_buy_3d_all,foreign_buy_vol_0_5pct,foreign_buy_vol_1pct,foreign_buy_vol_2pct",3,91847,124930,187952,2.19,137900,2026-05-06,161100,16.82,149500,8.41,128000,-7.18,114500,-16.97,127000,-7.90,하락 전환,"D+1(2026-05-06) 시가 +16.82%, 종가 +8.41%; D+5 -7.18%; D+10 -16.97%; D+20 -7.90%"
2026-05-04,050890,쏠리드,foreign_buy_streak_3,"foreign_buy_streak_2,foreign_buy_streak_3,foreign_buy_2d_all,foreign_buy_3d_all,foreign_buy_vol_0_5pct,foreign_buy_vol_1pct,foreign_buy_vol_2pct",3,1728544,2776072,2891642,7.79,18640,2026-05-06,19020,2.04,18440,-1.07,17400,-6.65,15130,-18.83,14990,-19.58,하락 전환,"D+1(2026-05-06) 시가 +2.04%, 종가 -1.07%; D+5 -6.65%; D+10 -18.83%; D+20 -19.58%"
2026-05-04,079550,LIG디펜스앤에어로스페이스,foreign_buy_streak_3,"foreign_buy_streak_2,foreign_buy_streak_3,foreign_buy_2d_all,foreign_buy_3d_all,foreign_buy_vol_0_5pct,foreign_buy_vol_1pct,foreign_buy_vol_2pct",3,15323,21395,74523,5.19,983000,2026-05-06,966000,-1.73,979000,-0.41,879000,-10.58,862000,-12.31,733000,-25.43,하락 전환,"D+1(2026-05-06) 시가 -1.73%, 종가 -0.41%; D+5 -10.58%; D+10 -12.31%; D+20 -25.43%"
2026-05-04,432720,퀄리타스반도체,foreign_buy_streak_3,"foreign_buy_streak_2,foreign_buy_streak_3,foreign_buy_2d_all,foreign_buy_3d_all,foreign_buy_vol_0_5pct,foreign_buy_vol_1pct",3,133978,218409,221164,1.90,29500,2026-05-06,31250,5.93,28000,-5.08,22850,-22.54,18610,-36.92,15210,-48.44,하락 전환,"D+1(2026-05-06) 시가 +5.93%, 종가 -5.08%; D+5 -22.54%; D+10 -36.92%; D+20 -48.44%"
2026-05-04,067310,하나마이크론,foreign_buy_streak_4,"foreign_buy_streak_2,foreign_buy_streak_3,foreign_buy_2d_all,foreign_buy_3d_all,foreign_buy_vol_0_5pct,foreign_buy_vol_1pct,foreign_buy_vol_2pct",4,552536,709914,776080,15.49,42050,2026-05-06,44400,5.59,43500,3.45,41400,-1.55,47550,13.08,45400,7.97,상승 지속,"D+1(2026-05-06) 시가 +5.59%, 종가 +3.45%; D+5 -1.55%; D+10 +13.08%; D+20 +7.97%"
2026-05-04,247540,에코프로비엠,foreign_buy_streak_2,"foreign_buy_streak_2,foreign_buy_2d_all,foreign_buy_vol_0_5pct,foreign_buy_vol_1pct,foreign_buy_vol_2pct",2,213790,226234,223312,35.81,215500,2026-05-06,218000,1.16,228500,6.03,205500,-4.64,182400,-15.36,197400,-8.40,하락 전환,"D+1(2026-05-06) 시가 +1.16%, 종가 +6.03%; D+5 -4.64%; D+10 -15.36%; D+20 -8.40%"
2026-05-04,254490,미래반도체,foreign_buy_streak_3,"foreign_buy_streak_2,foreign_buy_streak_3,foreign_buy_2d_all,foreign_buy_3d_all,foreign_buy_vol_0_5pct,foreign_buy_vol_1pct",3,41313,276151,305425,1.04,29250,2026-05-06,31450,7.52,29600,1.20,35600,21.71,30550,4.44,27200,-7.01,하락 전환,"D+1(2026-05-06) 시가 +7.52%, 종가 +1.20%; D+5 +21.71%; D+10 +4.44%; D+20 -7.01%"
2026-05-04,403870,HPSP,foreign_buy_streak_2,"foreign_buy_streak_2,foreign_buy_2d_all,foreign_buy_vol_0_5pct,foreign_buy_vol_1pct,foreign_buy_vol_2pct",2,111216,339675,186650,5.65,54400,2026-05-06,56200,3.31,56600,4.04,51300,-5.70,49000,-9.93,47500,-12.68,하락 전환,"D+1(2026-05-06) 시가 +3.31%, 종가 +4.04%; D+5 -5.70%; D+10 -9.93%; D+20 -12.68%"
2026-04-30,001440,대한전선,foreign_buy_streak_3,"foreign_buy_streak_2,foreign_buy_streak_3,foreign_buy_2d_all,foreign_buy_3d_all,foreign_buy_vol_0_5pct,foreign_buy_vol_1pct",3,577887,975577,1718500,1.71,56300,2026-05-04,59700,6.04,60700,7.82,70500,25.22,58100,3.20,42500,-24.51,하락 전환,"D+1(2026-05-04) 시가 +6.04%, 종가 +7.82%; D+5 +25.22%; D+10 +3.20%; D+20 -24.51%"
2026-04-30,016360,삼성증권,foreign_buy_streak_2,"foreign_buy_streak_2,foreign_buy_2d_all,foreign_buy_vol_0_5pct,foreign_buy_vol_1pct,foreign_buy_vol_2pct",2,33083,96105,73638,9.57,107500,2026-05-04,110400,2.70,137900,28.28,135200,25.77,119900,11.53,120600,12.19,상승 지속,"D+1(2026-05-04) 시가 +2.70%, 종가 +28.28%; D+5 +25.77%; D+10 +11.53%; D+20 +12.19%"
2026-04-30,050890,쏠리드,foreign_buy_streak_2,"foreign_buy_streak_2,foreign_buy_2d_all,foreign_buy_vol_0_5pct,foreign_buy_vol_1pct,foreign_buy_vol_2pct",2,1047528,1163098,872424,4.93,17110,2026-05-04,17550,2.57,18640,8.94,18150,6.08,15400,-9.99,14410,-15.78,하락 전환,"D+1(2026-05-04) 시가 +2.57%, 종가 +8.94%; D+5 +6.08%; D+10 -9.99%; D+20 -15.78%"
2026-04-30,199820,제일일렉트릭,foreign_buy_streak_2,"foreign_buy_streak_2,foreign_buy_2d_all",2,23284,70878,17342,0.11,17260,2026-05-04,18730,8.52,20700,19.93,16800,-2.67,14200,-17.73,11040,-36.04,하락 전환,"D+1(2026-05-04) 시가 +8.52%, 종가 +19.93%; D+5 -2.67%; D+10 -17.73%; D+20 -36.04%"
2026-04-30,079550,LIG디펜스앤에어로스페이스,foreign_buy_streak_2,"foreign_buy_streak_2,foreign_buy_2d_all,foreign_buy_vol_0_5pct,foreign_buy_vol_1pct,foreign_buy_vol_2pct",2,6072,59200,24775,2.49,941000,2026-05-04,949000,0.85,983000,4.46,875000,-7.01,839000,-10.84,726000,-22.85,하락 전환,"D+1(2026-05-04) 시가 +0.85%, 종가 +4.46%; D+5 -7.01%; D+10 -10.84%; D+20 -22.85%"
2026-04-30,064350,현대로템,foreign_buy_streak_3,"foreign_buy_streak_2,foreign_buy_streak_3,foreign_buy_2d_all,foreign_buy_3d_all,foreign_buy_vol_0_5pct,foreign_buy_vol_1pct,foreign_buy_vol_2pct",3,287828,557307,829778,19.45,268500,2026-05-04,270000,0.56,269000,0.19,219500,-18.25,201000,-25.14,203000,-24.39,하락 전환,"D+1(2026-05-04) 시가 +0.56%, 종가 +0.19%; D+5 -18.25%; D+10 -25.14%; D+20 -24.39%"
2026-04-30,432720,퀄리타스반도체,foreign_buy_streak_2,"foreign_buy_streak_2,foreign_buy_2d_all,foreign_buy_vol_0_5pct",2,84431,87186,36852,0.91,25050,2026-05-04,26050,3.99,29500,17.76,23950,-4.39,19030,-24.03,14750,-41.12,하락 전환,"D+1(2026-05-04) 시가 +3.99%, 종가 +17.76%; D+5 -4.39%; D+10 -24.03%; D+20 -41.12%"
2026-04-30,058470,리노공업,foreign_buy_streak_3,"foreign_buy_streak_2,foreign_buy_streak_3,foreign_buy_2d_all,foreign_buy_3d_all,foreign_buy_vol_0_5pct,foreign_buy_vol_1pct,foreign_buy_vol_2pct",3,496801,610061,800327,18.91,119300,2026-05-04,122500,2.68,120800,1.26,115800,-2.93,101000,-15.34,92800,-22.21,하락 전환,"D+1(2026-05-04) 시가 +2.68%, 종가 +1.26%; D+5 -2.93%; D+10 -15.34%; D+20 -22.21%"
2026-04-30,067310,하나마이크론,foreign_buy_streak_3,"foreign_buy_streak_2,foreign_buy_streak_3,foreign_buy_2d_all,foreign_buy_3d_all,foreign_buy_vol_0_5pct,foreign_buy_vol_1pct,foreign_buy_vol_2pct",3,157378,223544,406064,12.38,39700,2026-05-04,40400,1.76,42050,5.92,43150,8.69,48950,23.30,41400,4.28,상승,"D+1(2026-05-04) 시가 +1.76%, 종가 +5.92%; D+5 +8.69%; D+10 +23.30%; D+20 +4.28%"
2026-04-30,178320,서진시스템,foreign_buy_streak_2,"foreign_buy_streak_2,foreign_buy_2d_all,foreign_buy_vol_0_5pct,foreign_buy_vol_1pct,foreign_buy_vol_2pct",2,117175,1002567,701751,3.22,59500,2026-05-04,60600,1.85,61300,3.03,67500,13.45,72800,22.35,72600,22.02,상승 지속,"D+1(2026-05-04) 시가 +1.85%, 종가 +3.03%; D+5 +13.45%; D+10 +22.35%; D+20 +22.02%"
2026-04-30,254490,미래반도체,foreign_buy_streak_2,"foreign_buy_streak_2,foreign_buy_2d_all,foreign_buy_vol_0_5pct,foreign_buy_vol_1pct,foreign_buy_vol_2pct",2,234838,264112,247773,9.30,23350,2026-05-04,23850,2.14,29250,25.27,40100,71.73,31600,35.33,26400,13.06,상승 지속,"D+1(2026-05-04) 시가 +2.14%, 종가 +25.27%; D+5 +71.73%; D+10 +35.33%; D+20 +13.06%"
2026-04-30,046890,서울반도체,foreign_buy_streak_2,"foreign_buy_streak_2,foreign_buy_2d_all,foreign_buy_vol_0_5pct",2,98941,147095,-326582,0.69,16510,2026-05-04,18680,13.14,17930,8.60,17060,3.33,15400,-6.72,13930,-15.63,하락 전환,"D+1(2026-05-04) 시가 +13.14%, 종가 +8.60%; D+5 +3.33%; D+10 -6.72%; D+20 -15.63%"
2026-05-06,005930,삼성전자,foreign_buy_streak_2,"foreign_buy_streak_2,foreign_buy_2d_all,foreign_buy_vol_0_5pct,foreign_buy_vol_1pct,foreign_buy_vol_2pct",2,11842188,17057167,16216223,22.30,266000,2026-05-07,272000,2.26,271500,2.07,284000,6.77,276000,3.76,329000,23.68,상승 지속,"D+1(2026-05-07) 시가 +2.26%, 종가 +2.07%; D+5 +6.77%; D+10 +3.76%; D+20 +23.68%"
2026-05-06,000660,SK하이닉스,foreign_buy_streak_2,"foreign_buy_streak_2,foreign_buy_2d_all,foreign_buy_vol_0_5pct,foreign_buy_vol_1pct",2,117563,1346687,1326856,1.77,1601000,2026-05-07,1622000,1.31,1654000,3.31,1976000,23.42,1745000,8.99,2070000,29.29,상승 지속,"D+1(2026-05-07) 시가 +1.31%, 종가 +3.31%; D+5 +23.42%; D+10 +8.99%; D+20 +29.29%"
2026-05-06,006800,미래에셋증권,foreign_buy_streak_2,"foreign_buy_streak_2,foreign_buy_2d_all,foreign_buy_vol_0_5pct,foreign_buy_vol_1pct,foreign_buy_vol_2pct",2,1034032,2620939,2133289,5.00,83800,2026-05-07,82800,-1.19,79000,-5.73,72900,-13.01,62000,-26.01,56400,-32.70,하락 전환,"D+1(2026-05-07) 시가 -1.19%, 종가 -5.73%; D+5 -13.01%; D+10 -26.01%; D+20 -32.70%"
2026-05-06,005380,현대차,foreign_buy_streak_2,"foreign_buy_streak_2,foreign_buy_2d_all,foreign_buy_vol_0_5pct,foreign_buy_vol_1pct,foreign_buy_vol_2pct",2,280869,305459,-107487,16.61,550000,2026-05-07,579000,5.27,572000,4.00,710000,29.09,592000,7.64,700000,27.27,상승 지속,"D+1(2026-05-07) 시가 +5.27%, 종가 +4.00%; D+5 +29.09%; D+10 +7.64%; D+20 +27.27%"
2026-05-06,018880,한온시스템,foreign_buy_streak_2,"foreign_buy_streak_2,foreign_buy_2d_all,foreign_buy_vol_0_5pct,foreign_buy_vol_1pct,foreign_buy_vol_2pct",2,2892350,12505371,11474772,2.11,5410,2026-05-07,5450,0.74,4900,-9.43,5040,-6.84,4355,-19.50,4695,-13.22,하락 전환,"D+1(2026-05-07) 시가 +0.74%, 종가 -9.43%; D+5 -6.84%; D+10 -19.50%; D+20 -13.22%"
2026-05-06,028260,삼성물산,foreign_buy_streak_2,"foreign_buy_streak_2,foreign_buy_2d_all,foreign_buy_vol_0_5pct,foreign_buy_vol_1pct,foreign_buy_vol_2pct",2,97583,273670,245925,5.59,375500,2026-05-07,392000,4.39,405000,7.86,428500,14.11,370500,-1.33,460500,22.64,상승 지속,"D+1(2026-05-07) 시가 +4.39%, 종가 +7.86%; D+5 +14.11%; D+10 -1.33%; D+20 +22.64%"
2026-05-06,006910,보성파워텍,foreign_buy_streak_3,"foreign_buy_streak_2,foreign_buy_streak_3,foreign_buy_2d_all,foreign_buy_3d_all,foreign_buy_vol_0_5pct,foreign_buy_vol_1pct,foreign_buy_vol_2pct",3,1082891,2376196,2593270,2.75,15830,2026-05-07,16160,2.08,15600,-1.45,12460,-21.29,10210,-35.50,8360,-47.19,하락 전환,"D+1(2026-05-07) 시가 +2.08%, 종가 -1.45%; D+5 -21.29%; D+10 -35.50%; D+20 -47.19%"
2026-05-06,066570,LG전자,foreign_buy_streak_3,"foreign_buy_streak_2,foreign_buy_streak_3,foreign_buy_2d_all,foreign_buy_3d_all,foreign_buy_vol_0_5pct,foreign_buy_vol_1pct,foreign_buy_vol_2pct",3,968067,1008643,1198510,24.35,154900,2026-05-07,155000,0.06,148700,-4.00,191400,23.56,181000,16.85,303000,95.61,상승 지속,"D+1(2026-05-07) 시가 +0.06%, 종가 -4.00%; D+5 +23.56%; D+10 +16.85%; D+20 +95.61%"
2026-05-06,011790,SKC,foreign_buy_streak_7,"foreign_buy_streak_2,foreign_buy_streak_3,foreign_buy_2d_all,foreign_buy_3d_all,foreign_buy_vol_0_5pct,foreign_buy_vol_1pct,foreign_buy_vol_2pct",7,299831,421042,425372,12.08,161200,2026-05-07,184000,14.14,174100,8.00,144100,-10.61,122900,-23.76,142300,-11.72,하락 전환,"D+1(2026-05-07) 시가 +14.14%, 종가 +8.00%; D+5 -10.61%; D+10 -23.76%; D+20 -11.72%"
2026-05-06,003530,한화투자증권,foreign_buy_streak_4,"foreign_buy_streak_2,foreign_buy_streak_3,foreign_buy_2d_all,foreign_buy_3d_all,foreign_buy_vol_0_5pct,foreign_buy_vol_1pct,foreign_buy_vol_2pct",4,936624,2155121,2243999,2.46,9370,2026-05-07,9260,-1.17,8490,-9.39,7280,-22.31,6280,-32.98,5970,-36.29,하락 전환,"D+1(2026-05-07) 시가 -1.17%, 종가 -9.39%; D+5 -22.31%; D+10 -32.98%; D+20 -36.29%"
2026-05-06,086520,에코프로,foreign_buy_streak_2,"foreign_buy_streak_2,foreign_buy_2d_all,foreign_buy_vol_0_5pct,foreign_buy_vol_1pct,foreign_buy_vol_2pct",2,342294,404075,116733,17.58,162800,2026-05-07,161700,-0.68,159700,-1.90,135000,-17.08,118700,-27.09,118500,-27.21,하락 전환,"D+1(2026-05-07) 시가 -0.68%, 종가 -1.90%; D+5 -17.08%; D+10 -27.09%; D+20 -27.21%"
2026-05-06,003670,포스코퓨처엠,foreign_buy_streak_2,"foreign_buy_streak_2,foreign_buy_2d_all,foreign_buy_vol_0_5pct,foreign_buy_vol_1pct,foreign_buy_vol_2pct",2,267195,359069,271224,25.33,288500,2026-05-07,288000,-0.17,296000,2.60,251500,-12.82,216500,-24.96,209000,-27.56,하락 전환,"D+1(2026-05-07) 시가 -0.17%, 종가 +2.60%; D+5 -12.82%; D+10 -24.96%; D+20 -27.56%"
2026-05-06,034730,SK,foreign_buy_streak_13,"foreign_buy_streak_2,foreign_buy_streak_3,foreign_buy_2d_all,foreign_buy_3d_all,foreign_buy_vol_0_5pct,foreign_buy_vol_1pct,foreign_buy_vol_2pct",13,86239,142870,144840,15.34,520000,2026-05-07,535000,2.88,543000,4.42,550000,5.77,526000,1.15,625000,20.19,상승 지속,"D+1(2026-05-07) 시가 +2.88%, 종가 +4.42%; D+5 +5.77%; D+10 +1.15%; D+20 +20.19%"
2026-05-06,161580,필옵틱스,foreign_buy_streak_2,"foreign_buy_streak_2,foreign_buy_2d_all,foreign_buy_vol_0_5pct,foreign_buy_vol_1pct,foreign_buy_vol_2pct",2,451548,456670,443743,9.07,63000,2026-05-07,61800,-1.90,58200,-7.62,53600,-14.92,44750,-28.97,41950,-33.41,하락 전환,"D+1(2026-05-07) 시가 -1.90%, 종가 -7.62%; D+5 -14.92%; D+10 -28.97%; D+20 -33.41%"
2026-05-06,079550,LIG디펜스앤에어로스페이스,foreign_buy_streak_4,"foreign_buy_streak_2,foreign_buy_streak_3,foreign_buy_2d_all,foreign_buy_3d_all,foreign_buy_vol_0_5pct,foreign_buy_vol_1pct,foreign_buy_vol_2pct",4,28986,44309,50381,9.61,979000,2026-05-07,960000,-1.94,866000,-11.54,873000,-10.83,833000,-14.91,726000,-25.84,하락 전환,"D+1(2026-05-07) 시가 -1.94%, 종가 -11.54%; D+5 -10.83%; D+10 -14.91%; D+20 -25.84%"
2026-05-06,373220,LG에너지솔루션,foreign_buy_streak_2,"foreign_buy_streak_2,foreign_buy_2d_all,foreign_buy_vol_0_5pct,foreign_buy_vol_1pct,foreign_buy_vol_2pct",2,52562,67990,22618,8.91,482000,2026-05-07,482000,0.00,483000,0.21,430000,-10.79,384500,-20.23,414000,-14.11,하락 전환,"D+1(2026-05-07) 시가 +0.00%, 종가 +0.21%; D+5 -10.79%; D+10 -20.23%; D+20 -14.11%"
2026-05-06,064260,다날,foreign_buy_streak_3,"foreign_buy_streak_2,foreign_buy_streak_3,foreign_buy_2d_all,foreign_buy_3d_all,foreign_buy_vol_0_5pct",3,227086,444618,605172,0.83,8000,2026-05-07,7920,-1.00,7500,-6.25,7010,-12.38,6120,-23.50,5490,-31.37,하락 전환,"D+1(2026-05-07) 시가 -1.00%, 종가 -6.25%; D+5 -12.38%; D+10 -23.50%; D+20 -31.37%"
2026-05-06,403870,HPSP,foreign_buy_streak_3,"foreign_buy_streak_2,foreign_buy_streak_3,foreign_buy_2d_all,foreign_buy_3d_all,foreign_buy_vol_0_5pct,foreign_buy_vol_1pct",3,44709,155925,384384,1.13,56600,2026-05-07,57000,0.71,54700,-3.36,55300,-2.30,48400,-14.49,50300,-11.13,하락 전환,"D+1(2026-05-07) 시가 +0.71%, 종가 -3.36%; D+5 -2.30%; D+10 -14.49%; D+20 -11.13%"
2026-05-06,247540,에코프로비엠,foreign_buy_streak_3,"foreign_buy_streak_2,foreign_buy_streak_3,foreign_buy_2d_all,foreign_buy_3d_all,foreign_buy_vol_0_5pct,foreign_buy_vol_1pct,foreign_buy_vol_2pct",3,99084,312874,325318,10.17,228500,2026-05-07,229500,0.44,235500,3.06,197100,-13.74,176700,-22.67,180100,-21.18,하락 전환,"D+1(2026-05-07) 시가 +0.44%, 종가 +3.06%; D+5 -13.74%; D+10 -22.67%; D+20 -21.18%"
2026-05-06,452190,한빛레이저,foreign_buy_streak_2,"foreign_buy_streak_2,foreign_buy_2d_all,foreign_buy_vol_0_5pct,foreign_buy_vol_1pct,foreign_buy_vol_2pct",2,474566,525110,505181,2.19,10010,2026-05-07,10230,2.20,9250,-7.59,8120,-18.88,6800,-32.07,5190,-48.15,하락 전환,"D+1(2026-05-07) 시가 +2.20%, 종가 -7.59%; D+5 -18.88%; D+10 -32.07%; D+20 -48.15%"
2026-05-06,277810,레인보우로보틱스,foreign_buy_streak_2,"foreign_buy_streak_2,foreign_buy_2d_all,foreign_buy_vol_0_5pct,foreign_buy_vol_1pct,foreign_buy_vol_2pct",2,17594,38372,-37790,6.56,702000,2026-05-07,708000,0.85,697000,-0.71,878000,25.07,638000,-9.12,668000,-4.84,보합,"D+1(2026-05-07) 시가 +0.85%, 종가 -0.71%; D+5 +25.07%; D+10 -9.12%; D+20 -4.84%"
2026-05-06,267320,나인테크,foreign_buy_streak_2,"foreign_buy_streak_2,foreign_buy_2d_all,foreign_buy_vol_0_5pct,foreign_buy_vol_1pct",2,428239,556392,472763,1.19,3940,2026-05-07,3935,-0.13,3665,-6.98,3305,-16.12,2965,-24.75,2815,-28.55,하락 전환,"D+1(2026-05-07) 시가 -0.13%, 종가 -6.98%; D+5 -16.12%; D+10 -24.75%; D+20 -28.55%"
2026-05-06,100590,머큐리,foreign_buy_streak_2,"foreign_buy_streak_2,foreign_buy_2d_all,foreign_buy_vol_0_5pct",2,136885,147791,-66943,0.91,8880,2026-05-07,9110,2.59,9900,11.49,9280,4.50,7200,-18.92,5290,-40.43,하락 전환,"D+1(2026-05-07) 시가 +2.59%, 종가 +11.49%; D+5 +4.50%; D+10 -18.92%; D+20 -40.43%"
2026-05-07,034020,두산에너빌리티,foreign_buy_streak_2,"foreign_buy_streak_2,foreign_buy_2d_all,foreign_buy_vol_0_5pct,foreign_buy_vol_1pct,foreign_buy_vol_2pct",2,1004761,1259081,1087130,12.87,136400,2026-05-08,134500,-1.39,129600,-4.99,117100,-14.15,108400,-20.53,85800,-37.10,하락 전환,"D+1(2026-05-08) 시가 -1.39%, 종가 -4.99%; D+5 -14.15%; D+10 -20.53%; D+20 -37.10%"
2026-05-07,011790,SKC,foreign_buy_streak_8,"foreign_buy_streak_2,foreign_buy_streak_3,foreign_buy_2d_all,foreign_buy_3d_all,foreign_buy_vol_0_5pct,foreign_buy_vol_1pct,foreign_buy_vol_2pct",8,303182,603013,724224,11.00,174100,2026-05-08,163700,-5.97,159900,-8.16,146200,-16.03,136600,-21.54,128000,-26.48,하락 전환,"D+1(2026-05-08) 시가 -5.97%, 종가 -8.16%; D+5 -16.03%; D+10 -21.54%; D+20 -26.48%"
2026-05-07,006400,삼성SDI,foreign_buy_streak_2,"foreign_buy_streak_2,foreign_buy_2d_all,foreign_buy_vol_0_5pct",2,5428,60718,-43630,0.90,694000,2026-05-08,683000,-1.59,678000,-2.31,636000,-8.36,616000,-11.24,503000,-27.52,하락 전환,"D+1(2026-05-08) 시가 -1.59%, 종가 -2.31%; D+5 -8.36%; D+10 -11.24%; D+20 -27.52%"
2026-05-07,086520,에코프로,foreign_buy_streak_3,"foreign_buy_streak_2,foreign_buy_streak_3,foreign_buy_2d_all,foreign_buy_3d_all,foreign_buy_vol_0_5pct,foreign_buy_vol_1pct,foreign_buy_vol_2pct",3,101731,444025,505806,5.63,159700,2026-05-08,158200,-0.94,155000,-2.94,142300,-10.90,129800,-18.72,105200,-34.13,하락 전환,"D+1(2026-05-08) 시가 -0.94%, 종가 -2.94%; D+5 -10.90%; D+10 -18.72%; D+20 -34.13%"
2026-05-07,247540,에코프로비엠,foreign_buy_streak_4,"foreign_buy_streak_2,foreign_buy_streak_3,foreign_buy_2d_all,foreign_buy_3d_all,foreign_buy_vol_0_5pct,foreign_buy_vol_1pct,foreign_buy_vol_2pct",4,125980,225064,438854,11.05,235500,2026-05-08,235500,0.00,237500,0.85,209000,-11.25,195000,-17.20,159700,-32.19,하락 전환,"D+1(2026-05-08) 시가 +0.00%, 종가 +0.85%; D+5 -11.25%; D+10 -17.20%; D+20 -32.19%"
2026-05-07,000720,현대건설,foreign_buy_streak_3,"foreign_buy_streak_2,foreign_buy_streak_3,foreign_buy_2d_all,foreign_buy_3d_all",3,3915,303845,431495,0.26,167400,2026-05-08,165000,-1.43,164000,-2.03,169300,1.14,147100,-12.13,116500,-30.41,하락 전환,"D+1(2026-05-08) 시가 -1.43%, 종가 -2.03%; D+5 +1.14%; D+10 -12.13%; D+20 -30.41%"
2026-05-07,072950,빛샘전자,foreign_buy_streak_2,"foreign_buy_streak_2,foreign_buy_2d_all,foreign_buy_vol_0_5pct,foreign_buy_vol_1pct",2,131516,132676,78990,1.53,17060,2026-05-08,17390,1.93,16190,-5.10,17700,3.75,14100,-17.35,9670,-43.32,하락 전환,"D+1(2026-05-08) 시가 +1.93%, 종가 -5.10%; D+5 +3.75%; D+10 -17.35%; D+20 -43.32%"
2026-05-11,010170,대한광통신,foreign_buy_streak_3,"foreign_buy_streak_2,foreign_buy_streak_3,foreign_buy_2d_all,foreign_buy_3d_all,foreign_buy_vol_0_5pct,foreign_buy_vol_1pct,foreign_buy_vol_2pct",3,3135305,3346224,6879822,3.71,27950,2026-05-12,30000,7.33,29100,4.11,23100,-17.35,27800,-0.54,16300,-41.68,하락 전환,"D+1(2026-05-12) 시가 +7.33%, 종가 +4.11%; D+5 -17.35%; D+10 -0.54%; D+20 -41.68%"
2026-05-11,277810,레인보우로보틱스,foreign_buy_streak_2,"foreign_buy_streak_2,foreign_buy_2d_all,foreign_buy_vol_0_5pct,foreign_buy_vol_1pct,foreign_buy_vol_2pct",2,56990,267902,250416,12.83,865000,2026-05-12,886000,2.43,855000,-1.16,746000,-13.76,772000,-10.75,598000,-30.87,하락 전환,"D+1(2026-05-12) 시가 +2.43%, 종가 -1.16%; D+5 -13.76%; D+10 -10.75%; D+20 -30.87%"
2026-05-11,000270,기아,foreign_buy_streak_2,"foreign_buy_streak_2,foreign_buy_2d_all,foreign_buy_vol_0_5pct,foreign_buy_vol_1pct,foreign_buy_vol_2pct",2,759760,880743,844058,25.48,174700,2026-05-12,175700,0.57,168300,-3.66,162500,-6.98,167000,-4.41,159700,-8.59,하락 전환,"D+1(2026-05-12) 시가 +0.57%, 종가 -3.66%; D+5 -6.98%; D+10 -4.41%; D+20 -8.59%"
2026-05-11,003280,흥아해운,foreign_buy_streak_5,"foreign_buy_streak_2,foreign_buy_streak_3,foreign_buy_2d_all,foreign_buy_3d_all,foreign_buy_vol_0_5pct,foreign_buy_vol_1pct,foreign_buy_vol_2pct",5,441699,848174,1441101,8.42,2670,2026-05-12,2670,0.00,2780,4.12,2690,0.75,2380,-10.86,1860,-30.34,하락 전환,"D+1(2026-05-12) 시가 +0.00%, 종가 +4.12%; D+5 +0.75%; D+10 -10.86%; D+20 -30.34%"
2026-05-11,051910,LG화학,foreign_buy_streak_3,"foreign_buy_streak_2,foreign_buy_streak_3,foreign_buy_2d_all,foreign_buy_3d_all,foreign_buy_vol_0_5pct,foreign_buy_vol_1pct,foreign_buy_vol_2pct",3,48314,73374,115496,14.91,423500,2026-05-12,419000,-1.06,388500,-8.26,373000,-11.92,351000,-17.12,323000,-23.73,하락 전환,"D+1(2026-05-12) 시가 -1.06%, 종가 -8.26%; D+5 -11.92%; D+10 -17.12%; D+20 -23.73%"
2026-05-11,047040,대우건설,foreign_buy_streak_2,"foreign_buy_streak_2,foreign_buy_2d_all,foreign_buy_vol_0_5pct,foreign_buy_vol_1pct,foreign_buy_vol_2pct",2,220683,396739,-534466,2.93,32100,2026-05-12,32100,0.00,30150,-6.07,29300,-8.72,29450,-8.26,20750,-35.36,하락 전환,"D+1(2026-05-12) 시가 +0.00%, 종가 -6.07%; D+5 -8.72%; D+10 -8.26%; D+20 -35.36%"
2026-05-11,373220,LG에너지솔루션,foreign_buy_streak_5,"foreign_buy_streak_2,foreign_buy_streak_3,foreign_buy_2d_all,foreign_buy_3d_all,foreign_buy_vol_0_5pct,foreign_buy_vol_1pct,foreign_buy_vol_2pct",5,27028,38899,52502,6.63,468000,2026-05-12,470000,0.43,443000,-5.34,408000,-12.82,399500,-14.64,385500,-17.63,하락 전환,"D+1(2026-05-12) 시가 +0.43%, 종가 -5.34%; D+5 -12.82%; D+10 -14.64%; D+20 -17.63%"
2026-05-11,348340,뉴로메카,foreign_buy_streak_2,"foreign_buy_streak_2,foreign_buy_2d_all,foreign_buy_vol_0_5pct,foreign_buy_vol_1pct",2,10980,131417,114128,1.21,67100,2026-05-12,44468,-33.73,48090,-28.33,41419,-38.27,39831,-40.64,29222,-56.45,하락 전환,"D+1(2026-05-12) 시가 -33.73%, 종가 -28.33%; D+5 -38.27%; D+10 -40.64%; D+20 -56.45%"
2026-05-11,108490,로보티즈,foreign_buy_streak_2,"foreign_buy_streak_2,foreign_buy_2d_all,foreign_buy_vol_0_5pct,foreign_buy_vol_1pct,foreign_buy_vol_2pct",2,30749,169946,143461,3.05,377500,2026-05-12,378500,0.26,345000,-8.61,306000,-18.94,313000,-17.09,274500,-27.28,하락 전환,"D+1(2026-05-12) 시가 +0.26%, 종가 -8.61%; D+5 -18.94%; D+10 -17.09%; D+20 -27.28%"
2026-05-11,027360,아주IB투자,foreign_buy_streak_3,"foreign_buy_streak_2,foreign_buy_streak_3,foreign_buy_2d_all,foreign_buy_3d_all,foreign_buy_vol_0_5pct,foreign_buy_vol_1pct",3,373711,539451,906745,1.10,17600,2026-05-12,17810,1.19,16850,-4.26,17010,-3.35,16510,-6.19,8980,-48.98,하락 전환,"D+1(2026-05-12) 시가 +1.19%, 종가 -4.26%; D+5 -3.35%; D+10 -6.19%; D+20 -48.98%"
2026-05-11,440110,파두,foreign_buy_streak_3,"foreign_buy_streak_2,foreign_buy_streak_3,foreign_buy_2d_all,foreign_buy_3d_all,foreign_buy_vol_0_5pct,foreign_buy_vol_1pct,foreign_buy_vol_2pct",3,229075,723155,1015159,12.22,100400,2026-05-12,102000,1.59,94800,-5.58,98900,-1.49,116800,16.33,99600,-0.80,보합,"D+1(2026-05-12) 시가 +1.59%, 종가 -5.58%; D+5 -1.49%; D+10 +16.33%; D+20 -0.80%"
2026-05-11,389500,에스비비테크,foreign_buy_streak_5,"foreign_buy_streak_2,foreign_buy_streak_3,foreign_buy_2d_all,foreign_buy_3d_all,foreign_buy_vol_0_5pct,foreign_buy_vol_1pct,foreign_buy_vol_2pct",5,241143,324142,371722,14.58,90000,2026-05-12,89500,-0.56,103300,14.78,83200,-7.56,90900,1.00,55200,-38.67,하락 전환,"D+1(2026-05-12) 시가 -0.56%, 종가 +14.78%; D+5 -7.56%; D+10 +1.00%; D+20 -38.67%"
2026-05-11,000250,삼천당제약,foreign_buy_streak_5,"foreign_buy_streak_2,foreign_buy_streak_3,foreign_buy_2d_all,foreign_buy_3d_all,foreign_buy_vol_0_5pct,foreign_buy_vol_1pct,foreign_buy_vol_2pct",5,11120,23448,41174,5.23,409500,2026-05-12,413500,0.98,415000,1.34,373500,-8.79,362500,-11.48,258500,-36.87,하락 전환,"D+1(2026-05-12) 시가 +0.98%, 종가 +1.34%; D+5 -8.79%; D+10 -11.48%; D+20 -36.87%"
2026-05-12,006400,삼성SDI,foreign_buy_streak_2,"foreign_buy_streak_2,foreign_buy_2d_all,foreign_buy_vol_0_5pct,foreign_buy_vol_1pct,foreign_buy_vol_2pct",2,46251,210567,171602,3.43,629000,2026-05-13,612000,-2.70,634000,0.79,587000,-6.68,630000,0.16,498500,-20.75,하락 전환,"D+1(2026-05-13) 시가 -2.70%, 종가 +0.79%; D+5 -6.68%; D+10 +0.16%; D+20 -20.75%"
2026-05-12,005490,POSCO홀딩스,foreign_buy_streak_2,"foreign_buy_streak_2,foreign_buy_2d_all,foreign_buy_vol_0_5pct,foreign_buy_vol_1pct,foreign_buy_vol_2pct",2,218926,278634,198258,16.73,479000,2026-05-13,475000,-0.84,478500,-0.10,440500,-8.04,423500,-11.59,358000,-25.26,하락 전환,"D+1(2026-05-13) 시가 -0.84%, 종가 -0.10%; D+5 -8.04%; D+10 -11.59%; D+20 -25.26%"
2026-05-12,329180,HD현대중공업,foreign_buy_streak_2,"foreign_buy_streak_2,foreign_buy_2d_all,foreign_buy_vol_0_5pct,foreign_buy_vol_1pct,foreign_buy_vol_2pct",2,100967,139348,37761,11.31,707000,2026-05-13,712000,0.71,733000,3.68,598000,-15.42,744000,5.23,646000,-8.63,하락 전환,"D+1(2026-05-13) 시가 +0.71%, 종가 +3.68%; D+5 -15.42%; D+10 +5.23%; D+20 -8.63%"
2026-05-12,277810,레인보우로보틱스,foreign_buy_streak_3,"foreign_buy_streak_2,foreign_buy_streak_3,foreign_buy_2d_all,foreign_buy_3d_all,foreign_buy_vol_0_5pct,foreign_buy_vol_1pct,foreign_buy_vol_2pct",3,16356,73346,284258,2.77,855000,2026-05-13,844000,-1.29,878000,2.69,666000,-22.11,732000,-14.39,605000,-29.24,하락 전환,"D+1(2026-05-13) 시가 -1.29%, 종가 +2.69%; D+5 -22.11%; D+10 -14.39%; D+20 -29.24%"
2026-05-12,051910,LG화학,foreign_buy_streak_4,"foreign_buy_streak_2,foreign_buy_streak_3,foreign_buy_2d_all,foreign_buy_3d_all,foreign_buy_vol_0_5pct,foreign_buy_vol_1pct",4,12695,61009,86069,1.21,388500,2026-05-13,395000,1.67,387500,-0.26,350500,-9.78,331000,-14.80,316500,-18.53,하락 전환,"D+1(2026-05-13) 시가 +1.67%, 종가 -0.26%; D+5 -9.78%; D+10 -14.80%; D+20 -18.53%"
2026-05-12,032820,우리기술,foreign_buy_streak_2,"foreign_buy_streak_2,foreign_buy_2d_all,foreign_buy_vol_0_5pct,foreign_buy_vol_1pct,foreign_buy_vol_2pct",2,964252,1555505,1422400,4.95,20000,2026-05-13,20000,0.00,18140,-9.30,16570,-17.15,15690,-21.55,13520,-32.40,하락 전환,"D+1(2026-05-13) 시가 +0.00%, 종가 -9.30%; D+5 -17.15%; D+10 -21.55%; D+20 -32.40%"
2026-05-12,047040,대우건설,foreign_buy_streak_3,"foreign_buy_streak_2,foreign_buy_streak_3,foreign_buy_2d_all,foreign_buy_3d_all,foreign_buy_vol_0_5pct,foreign_buy_vol_1pct,foreign_buy_vol_2pct",3,592007,812690,988746,5.74,30150,2026-05-13,28900,-4.15,28950,-3.98,27050,-10.28,26750,-11.28,20450,-32.17,하락 전환,"D+1(2026-05-13) 시가 -4.15%, 종가 -3.98%; D+5 -10.28%; D+10 -11.28%; D+20 -32.17%"
2026-05-12,373220,LG에너지솔루션,foreign_buy_streak_6,"foreign_buy_streak_2,foreign_buy_streak_3,foreign_buy_2d_all,foreign_buy_3d_all,foreign_buy_vol_0_5pct,foreign_buy_vol_1pct,foreign_buy_vol_2pct",6,66628,93656,105527,9.97,443000,2026-05-13,443500,0.11,430000,-2.93,400000,-9.71,383500,-13.43,384500,-13.21,하락 전환,"D+1(2026-05-13) 시가 +0.11%, 종가 -2.93%; D+5 -9.71%; D+10 -13.43%; D+20 -13.21%"
2026-05-12,024840,KBI메탈,foreign_buy_streak_2,"foreign_buy_streak_2,foreign_buy_2d_all",2,77103,78378,78378,0.33,9200,2026-05-13,8440,-8.26,7640,-16.96,6420,-30.22,6050,-34.24,4495,-51.14,하락 전환,"D+1(2026-05-13) 시가 -8.26%, 종가 -16.96%; D+5 -30.22%; D+10 -34.24%; D+20 -51.14%"
2026-05-12,218410,RFHIC,foreign_buy_streak_2,"foreign_buy_streak_2,foreign_buy_2d_all,foreign_buy_vol_0_5pct,foreign_buy_vol_1pct,foreign_buy_vol_2pct",2,76695,145287,143762,4.43,112500,2026-05-13,108100,-3.91,105300,-6.40,93900,-16.53,99000,-12.00,74900,-33.42,하락 전환,"D+1(2026-05-13) 시가 -3.91%, 종가 -6.40%; D+5 -16.53%; D+10 -12.00%; D+20 -33.42%"
2026-05-12,141080,리가켐바이오,foreign_buy_streak_2,"foreign_buy_streak_2,foreign_buy_2d_all,foreign_buy_vol_0_5pct,foreign_buy_vol_1pct,foreign_buy_vol_2pct",2,157497,173702,161582,16.43,203500,2026-05-13,207000,1.72,197700,-2.85,150300,-26.14,162800,-20.00,134800,-33.76,하락 전환,"D+1(2026-05-13) 시가 +1.72%, 종가 -2.85%; D+5 -26.14%; D+10 -20.00%; D+20 -33.76%"
2026-05-12,440110,파두,foreign_buy_streak_4,"foreign_buy_streak_2,foreign_buy_streak_3,foreign_buy_2d_all,foreign_buy_3d_all,foreign_buy_vol_0_5pct,foreign_buy_vol_1pct,foreign_buy_vol_2pct",4,157748,386823,880903,7.98,94800,2026-05-13,92000,-2.95,100000,5.49,107900,13.82,116900,23.31,99300,4.75,상승,"D+1(2026-05-13) 시가 -2.95%, 종가 +5.49%; D+5 +13.82%; D+10 +23.31%; D+20 +4.75%"
2026-05-12,389500,에스비비테크,foreign_buy_streak_6,"foreign_buy_streak_2,foreign_buy_streak_3,foreign_buy_2d_all,foreign_buy_3d_all,foreign_buy_vol_0_5pct,foreign_buy_vol_1pct,foreign_buy_vol_2pct",6,61988,303131,386130,3.94,103300,2026-05-13,102900,-0.39,106400,3.00,76200,-26.23,83000,-19.65,55700,-46.08,하락 전환,"D+1(2026-05-13) 시가 -0.39%, 종가 +3.00%; D+5 -26.23%; D+10 -19.65%; D+20 -46.08%"
2026-05-12,058470,리노공업,foreign_buy_streak_2,"foreign_buy_streak_2,foreign_buy_2d_all,foreign_buy_vol_0_5pct,foreign_buy_vol_1pct,foreign_buy_vol_2pct",2,89644,101782,-72019,6.86,108400,2026-05-13,107400,-0.92,112300,3.60,96100,-11.35,102500,-5.44,99800,-7.93,하락 전환,"D+1(2026-05-13) 시가 -0.92%, 종가 +3.60%; D+5 -11.35%; D+10 -5.44%; D+20 -7.93%"
2026-05-13,307950,현대오토에버,foreign_buy_streak_2,"foreign_buy_streak_2,foreign_buy_2d_all",2,1904,16682,-28014,0.22,699000,2026-05-14,702000,0.43,689000,-1.43,558000,-20.17,746000,6.72,684000,-2.15,보합,"D+1(2026-05-14) 시가 +0.43%, 종가 -1.43%; D+5 -20.17%; D+10 +6.72%; D+20 -2.15%"
2026-05-13,034220,LG디스플레이,foreign_buy_streak_3,"foreign_buy_streak_2,foreign_buy_streak_3,foreign_buy_2d_all,foreign_buy_3d_all,foreign_buy_vol_0_5pct,foreign_buy_vol_1pct,foreign_buy_vol_2pct",3,4427350,5055302,6046871,11.84,14170,2026-05-14,14370,1.41,15340,8.26,12560,-11.36,14420,1.76,13900,-1.91,보합,"D+1(2026-05-14) 시가 +1.41%, 종가 +8.26%; D+5 -11.36%; D+10 +1.76%; D+20 -1.91%"
2026-05-13,012200,계양전기,foreign_buy_streak_2,"foreign_buy_streak_2,foreign_buy_2d_all",2,81384,263630,52770,0.21,12380,2026-05-14,11914,-3.76,9758,-21.18,7810,-36.91,7442,-39.89,5787,-53.26,하락 전환,"D+1(2026-05-14) 시가 -3.76%, 종가 -21.18%; D+5 -36.91%; D+10 -39.89%; D+20 -53.26%"
2026-05-13,006400,삼성SDI,foreign_buy_streak_3,"foreign_buy_streak_2,foreign_buy_streak_3,foreign_buy_2d_all,foreign_buy_3d_all,foreign_buy_vol_0_5pct,foreign_buy_vol_1pct,foreign_buy_vol_2pct",3,58179,104430,268746,7.38,634000,2026-05-14,663000,4.57,636000,0.32,570000,-10.09,676000,6.62,539000,-14.98,하락 전환,"D+1(2026-05-14) 시가 +4.57%, 종가 +0.32%; D+5 -10.09%; D+10 +6.62%; D+20 -14.98%"
2026-05-13,001440,대한전선,foreign_buy_streak_2,"foreign_buy_streak_2,foreign_buy_2d_all,foreign_buy_vol_0_5pct,foreign_buy_vol_1pct,foreign_buy_vol_2pct",2,676544,2330782,1030037,9.80,65400,2026-05-14,66600,1.83,65500,0.15,52000,-20.49,47800,-26.91,37850,-42.13,하락 전환,"D+1(2026-05-14) 시가 +1.83%, 종가 +0.15%; D+5 -20.49%; D+10 -26.91%; D+20 -42.13%"
2026-05-13,010120,LS ELECTRIC,foreign_buy_streak_2,"foreign_buy_streak_2,foreign_buy_2d_all",2,1047,101131,-87547,0.10,285000,2026-05-14,297000,4.21,280000,-1.75,238500,-16.32,246500,-13.51,222500,-21.93,하락 전환,"D+1(2026-05-14) 시가 +4.21%, 종가 -1.75%; D+5 -16.32%; D+10 -13.51%; D+20 -21.93%"
2026-05-13,277810,레인보우로보틱스,foreign_buy_streak_4,"foreign_buy_streak_2,foreign_buy_streak_3,foreign_buy_2d_all,foreign_buy_3d_all,foreign_buy_vol_0_5pct,foreign_buy_vol_1pct,foreign_buy_vol_2pct",4,13500,29856,86846,4.30,878000,2026-05-14,894000,1.82,841000,-4.21,638000,-27.33,700000,-20.27,624000,-28.93,하락 전환,"D+1(2026-05-14) 시가 +1.82%, 종가 -4.21%; D+5 -27.33%; D+10 -20.27%; D+20 -28.93%"
2026-05-13,080220,제주반도체,foreign_buy_streak_2,"foreign_buy_streak_2,foreign_buy_2d_all,foreign_buy_vol_0_5pct,foreign_buy_vol_1pct,foreign_buy_vol_2pct",2,524419,575116,525394,14.49,58900,2026-05-14,57000,-3.23,75600,28.35,94800,60.95,109700,86.25,102500,74.02,상승 지속,"D+1(2026-05-14) 시가 -3.23%, 종가 +28.35%; D+5 +60.95%; D+10 +86.25%; D+20 +74.02%"
2026-05-13,373220,LG에너지솔루션,foreign_buy_streak_7,"foreign_buy_streak_2,foreign_buy_streak_3,foreign_buy_2d_all,foreign_buy_3d_all,foreign_buy_vol_0_5pct,foreign_buy_vol_1pct,foreign_buy_vol_2pct",7,45511,112139,139167,10.00,430000,2026-05-14,447000,3.95,442000,2.79,384500,-10.58,442000,2.79,400000,-6.98,하락 전환,"D+1(2026-05-14) 시가 +3.95%, 종가 +2.79%; D+5 -10.58%; D+10 +2.79%; D+20 -6.98%"
2026-05-13,322000,HD현대에너지솔루션,foreign_buy_streak_2,"foreign_buy_streak_2,foreign_buy_2d_all,foreign_buy_vol_0_5pct,foreign_buy_vol_1pct,foreign_buy_vol_2pct",2,28464,61362,44224,3.27,212000,2026-05-14,215500,1.65,244000,15.09,179000,-15.57,179500,-15.33,150500,-29.01,하락 전환,"D+1(2026-05-14) 시가 +1.65%, 종가 +15.09%; D+5 -15.57%; D+10 -15.33%; D+20 -29.01%"
2026-05-13,046890,서울반도체,foreign_buy_streak_2,"foreign_buy_streak_2,foreign_buy_2d_all,foreign_buy_vol_0_5pct,foreign_buy_vol_1pct,foreign_buy_vol_2pct",2,536309,815770,588120,9.04,17690,2026-05-14,17390,-1.70,18280,3.34,14440,-18.37,13660,-22.78,13200,-25.38,하락 전환,"D+1(2026-05-14) 시가 -1.70%, 종가 +3.34%; D+5 -18.37%; D+10 -22.78%; D+20 -25.38%"
2026-05-13,183300,코미코,foreign_buy_streak_4,"foreign_buy_streak_2,foreign_buy_streak_3,foreign_buy_2d_all,foreign_buy_3d_all,foreign_buy_vol_0_5pct,foreign_buy_vol_1pct,foreign_buy_vol_2pct",4,17266,131846,137277,3.01,187000,2026-05-14,94936,-49.23,91167,-51.25,74818,-59.99,93700,-49.89,124900,-33.21,하락 전환,"D+1(2026-05-14) 시가 -49.23%, 종가 -51.25%; D+5 -59.99%; D+10 -49.89%; D+20 -33.21%"
2026-05-13,330860,네패스아크,foreign_buy_streak_2,"foreign_buy_streak_2,foreign_buy_2d_all,foreign_buy_vol_0_5pct,foreign_buy_vol_1pct,foreign_buy_vol_2pct",2,212074,267888,226884,10.91,51000,2026-05-14,47950,-5.98,50300,-1.37,38000,-25.49,44500,-12.75,50500,-0.98,보합,"D+1(2026-05-14) 시가 -5.98%, 종가 -1.37%; D+5 -25.49%; D+10 -12.75%; D+20 -0.98%"
2026-05-14,322000,HD현대에너지솔루션,foreign_buy_streak_3,"foreign_buy_streak_2,foreign_buy_streak_3,foreign_buy_2d_all,foreign_buy_3d_all,foreign_buy_vol_0_5pct,foreign_buy_vol_1pct,foreign_buy_vol_2pct",3,169426,197890,230788,7.59,244000,2026-05-15,240500,-1.43,196800,-19.34,186400,-23.61,174800,-28.36,158100,-35.20,하락 전환,"D+1(2026-05-15) 시가 -1.43%, 종가 -19.34%; D+5 -23.61%; D+10 -28.36%; D+20 -35.20%"
2026-05-14,034220,LG디스플레이,foreign_buy_streak_4,"foreign_buy_streak_2,foreign_buy_streak_3,foreign_buy_2d_all,foreign_buy_3d_all,foreign_buy_vol_0_5pct,foreign_buy_vol_1pct,foreign_buy_vol_2pct",4,5617671,10045021,10672973,18.92,15340,2026-05-15,15910,3.72,14100,-8.08,14740,-3.91,16090,4.89,14130,-7.89,하락 전환,"D+1(2026-05-15) 시가 +3.72%, 종가 -8.08%; D+5 -3.91%; D+10 +4.89%; D+20 -7.89%"
2026-05-14,088350,한화생명,foreign_buy_streak_2,"foreign_buy_streak_2,foreign_buy_2d_all,foreign_buy_vol_0_5pct,foreign_buy_vol_1pct,foreign_buy_vol_2pct",2,5736872,7077065,6882916,12.89,5490,2026-05-15,5500,0.18,5390,-1.82,5450,-0.73,4880,-11.11,5250,-4.37,보합,"D+1(2026-05-15) 시가 +0.18%, 종가 -1.82%; D+5 -0.73%; D+10 -11.11%; D+20 -4.37%"
2026-05-14,072950,빛샘전자,foreign_buy_streak_2,"foreign_buy_streak_2,foreign_buy_2d_all,foreign_buy_vol_0_5pct,foreign_buy_vol_1pct",2,81846,97452,20585,1.21,17700,2026-05-15,17700,0.00,15320,-13.45,14100,-20.34,12030,-32.03,10480,-40.79,하락 전환,"D+1(2026-05-15) 시가 +0.00%, 종가 -13.45%; D+5 -20.34%; D+10 -32.03%; D+20 -40.79%"
2026-05-14,092190,서울바이오시스,foreign_buy_streak_3,"foreign_buy_streak_2,foreign_buy_streak_3,foreign_buy_2d_all,foreign_buy_3d_all,foreign_buy_vol_0_5pct,foreign_buy_vol_1pct,foreign_buy_vol_2pct",3,539225,673443,685809,9.69,16980,2026-05-15,16980,0.00,15410,-9.25,15650,-7.83,11520,-32.16,9550,-43.76,하락 전환,"D+1(2026-05-15) 시가 +0.00%, 종가 -9.25%; D+5 -7.83%; D+10 -32.16%; D+20 -43.76%"
2026-05-14,046890,서울반도체,foreign_buy_streak_3,"foreign_buy_streak_2,foreign_buy_streak_3,foreign_buy_2d_all,foreign_buy_3d_all,foreign_buy_vol_0_5pct,foreign_buy_vol_1pct",3,87891,624200,903661,1.71,18280,2026-05-15,17780,-2.74,16120,-11.82,15670,-14.28,12890,-29.49,13160,-28.01,하락 전환,"D+1(2026-05-15) 시가 -2.74%, 종가 -11.82%; D+5 -14.28%; D+10 -29.49%; D+20 -28.01%"
2026-05-15,005490,POSCO홀딩스,foreign_buy_streak_2,"foreign_buy_streak_2,foreign_buy_2d_all,foreign_buy_vol_0_5pct,foreign_buy_vol_1pct,foreign_buy_vol_2pct",2,42634,69950,62446,5.97,467500,2026-05-18,460500,-1.50,463000,-0.96,447500,-4.28,413000,-11.66,390000,-16.58,하락 전환,"D+1(2026-05-18) 시가 -1.50%, 종가 -0.96%; D+5 -4.28%; D+10 -11.66%; D+20 -16.58%"
2026-05-15,010170,대한광통신,foreign_buy_streak_2,"foreign_buy_streak_2,foreign_buy_2d_all,foreign_buy_vol_0_5pct,foreign_buy_vol_1pct,foreign_buy_vol_2pct",2,447780,572015,-3956168,3.08,23000,2026-05-18,21600,-6.09,23100,0.43,24300,5.65,20600,-10.43,19400,-15.65,하락 전환,"D+1(2026-05-18) 시가 -6.09%, 종가 +0.43%; D+5 +5.65%; D+10 -10.43%; D+20 -15.65%"
2026-05-15,440110,파두,foreign_buy_streak_2,"foreign_buy_streak_2,foreign_buy_2d_all,foreign_buy_vol_0_5pct,foreign_buy_vol_1pct,foreign_buy_vol_2pct",2,569865,571757,469497,26.24,100100,2026-05-18,99900,-0.20,98900,-1.20,128300,28.17,111100,10.99,100900,0.80,상승,"D+1(2026-05-18) 시가 -0.20%, 종가 -1.20%; D+5 +28.17%; D+10 +10.99%; D+20 +0.80%"
2026-05-15,090360,로보스타,foreign_buy_streak_2,"foreign_buy_streak_2,foreign_buy_2d_all,foreign_buy_vol_0_5pct,foreign_buy_vol_1pct,foreign_buy_vol_2pct",2,61534,76039,42502,3.01,88800,2026-05-18,94600,6.53,85600,-3.60,85400,-3.83,122200,37.61,106500,19.93,상승 지속,"D+1(2026-05-18) 시가 +6.53%, 종가 -3.60%; D+5 -3.83%; D+10 +37.61%; D+20 +19.93%"
2026-05-15,178320,서진시스템,foreign_buy_streak_2,"foreign_buy_streak_2,foreign_buy_2d_all,foreign_buy_vol_0_5pct,foreign_buy_vol_1pct,foreign_buy_vol_2pct",2,60493,63274,2275,2.83,67000,2026-05-18,67000,0.00,72800,8.66,77300,15.37,75100,12.09,74300,10.90,상승 지속,"D+1(2026-05-18) 시가 +0.00%, 종가 +8.66%; D+5 +15.37%; D+10 +12.09%; D+20 +10.90%"
2026-05-15,032820,우리기술,foreign_buy_streak_2,"foreign_buy_streak_2,foreign_buy_2d_all,foreign_buy_vol_0_5pct,foreign_buy_vol_1pct,foreign_buy_vol_2pct",2,930929,1687060,292152,13.68,17130,2026-05-18,16550,-3.39,17290,0.93,16800,-1.93,15540,-9.28,15560,-9.17,하락 전환,"D+1(2026-05-18) 시가 -3.39%, 종가 +0.93%; D+5 -1.93%; D+10 -9.28%; D+20 -9.17%"
2026-05-15,222800,심텍,foreign_buy_streak_2,"foreign_buy_streak_2,foreign_buy_2d_all,foreign_buy_vol_0_5pct,foreign_buy_vol_1pct,foreign_buy_vol_2pct",2,132304,193285,108701,16.14,100300,2026-05-18,97800,-2.49,100400,0.10,131800,31.41,100200,-0.10,126600,26.22,상승 지속,"D+1(2026-05-18) 시가 -2.49%, 종가 +0.10%; D+5 +31.41%; D+10 -0.10%; D+20 +26.22%"
2026-05-15,031330,에스에이엠티,foreign_buy_streak_2,"foreign_buy_streak_2,foreign_buy_2d_all,foreign_buy_vol_0_5pct,foreign_buy_vol_1pct",2,82535,194740,74672,1.26,14300,2026-05-18,18590,30.00,18590,30.00,15590,9.02,14700,2.80,14960,4.62,상승,"D+1(2026-05-18) 시가 +30.00%, 종가 +30.00%; D+5 +9.02%; D+10 +2.80%; D+20 +4.62%"
2026-05-18,178320,서진시스템,foreign_buy_streak_3,"foreign_buy_streak_2,foreign_buy_streak_3,foreign_buy_2d_all,foreign_buy_3d_all,foreign_buy_vol_0_5pct,foreign_buy_vol_1pct,foreign_buy_vol_2pct",3,115331,175824,178605,2.32,72800,2026-05-19,72500,-0.41,69800,-4.12,78600,7.97,72600,-0.27,68900,-5.36,하락 전환,"D+1(2026-05-19) 시가 -0.41%, 종가 -4.12%; D+5 +7.97%; D+10 -0.27%; D+20 -5.36%"
2026-05-18,006400,삼성SDI,foreign_buy_streak_2,"foreign_buy_streak_2,foreign_buy_2d_all,foreign_buy_vol_0_5pct,foreign_buy_vol_1pct,foreign_buy_vol_2pct",2,94250,320988,281518,16.99,613000,2026-05-19,612000,-0.16,587000,-4.24,642000,4.73,602000,-1.79,550000,-10.28,하락 전환,"D+1(2026-05-19) 시가 -0.16%, 종가 -4.24%; D+5 +4.73%; D+10 -1.79%; D+20 -10.28%"
2026-05-18,005490,POSCO홀딩스,foreign_buy_streak_3,"foreign_buy_streak_2,foreign_buy_streak_3,foreign_buy_2d_all,foreign_buy_3d_all,foreign_buy_vol_0_5pct,foreign_buy_vol_1pct,foreign_buy_vol_2pct",3,37111,79745,107061,7.37,463000,2026-05-19,467000,0.86,440500,-4.86,442000,-4.54,399000,-13.82,384500,-16.95,하락 전환,"D+1(2026-05-19) 시가 +0.86%, 종가 -4.86%; D+5 -4.54%; D+10 -13.82%; D+20 -16.95%"
2026-05-18,403870,HPSP,foreign_buy_streak_2,"foreign_buy_streak_2,foreign_buy_2d_all,foreign_buy_vol_0_5pct,foreign_buy_vol_1pct,foreign_buy_vol_2pct",2,349036,353377,260726,10.75,52200,2026-05-19,52000,-0.38,49000,-6.13,60100,15.13,44150,-15.42,62800,20.31,상승 지속,"D+1(2026-05-19) 시가 -0.38%, 종가 -6.13%; D+5 +15.13%; D+10 -15.42%; D+20 +20.31%"
2026-05-18,440110,파두,foreign_buy_streak_3,"foreign_buy_streak_2,foreign_buy_streak_3,foreign_buy_2d_all,foreign_buy_3d_all,foreign_buy_vol_0_5pct,foreign_buy_vol_1pct,foreign_buy_vol_2pct",3,249918,819783,821675,17.29,98900,2026-05-19,98800,-0.10,107900,9.10,116800,18.10,107100,8.29,106000,7.18,상승 지속,"D+1(2026-05-19) 시가 -0.10%, 종가 +9.10%; D+5 +18.10%; D+10 +8.29%; D+20 +7.18%"
2026-05-18,032820,우리기술,foreign_buy_streak_3,"foreign_buy_streak_2,foreign_buy_streak_3,foreign_buy_2d_all,foreign_buy_3d_all,foreign_buy_vol_0_5pct,foreign_buy_vol_1pct,foreign_buy_vol_2pct",3,164612,1095541,1851672,2.37,17290,2026-05-19,17290,0.00,16570,-4.16,16910,-2.20,14550,-15.85,15550,-10.06,하락 전환,"D+1(2026-05-19) 시가 +0.00%, 종가 -4.16%; D+5 -2.20%; D+10 -15.85%; D+20 -10.06%"
2026-05-18,036540,SFA반도체,foreign_buy_streak_2,"foreign_buy_streak_2,foreign_buy_2d_all,foreign_buy_vol_0_5pct",2,74361,2162935,844471,0.69,8500,2026-05-19,8290,-2.47,7840,-7.76,11010,29.53,7600,-10.59,7330,-13.76,하락 전환,"D+1(2026-05-19) 시가 -2.47%, 종가 -7.76%; D+5 +29.53%; D+10 -10.59%; D+20 -13.76%"
2026-05-18,098460,고영,foreign_buy_streak_2,"foreign_buy_streak_2,foreign_buy_2d_all,foreign_buy_vol_0_5pct,foreign_buy_vol_1pct,foreign_buy_vol_2pct",2,105811,477173,-896712,4.53,36300,2026-05-19,35750,-1.52,34550,-4.82,40800,12.40,32300,-11.02,35500,-2.20,보합,"D+1(2026-05-19) 시가 -1.52%, 종가 -4.82%; D+5 +12.40%; D+10 -11.02%; D+20 -2.20%"
2026-05-18,412350,레이저쎌,foreign_buy_streak_2,"foreign_buy_streak_2,foreign_buy_2d_all,foreign_buy_vol_0_5pct",2,30876,125938,58410,0.52,14080,2026-05-19,14150,0.50,11390,-19.11,10780,-23.44,8270,-41.26,6130,-56.46,하락 전환,"D+1(2026-05-19) 시가 +0.50%, 종가 -19.11%; D+5 -23.44%; D+10 -41.26%; D+20 -56.46%"
2026-05-19,006400,삼성SDI,foreign_buy_streak_3,"foreign_buy_streak_2,foreign_buy_streak_3,foreign_buy_2d_all,foreign_buy_3d_all,foreign_buy_vol_0_5pct,foreign_buy_vol_1pct,foreign_buy_vol_2pct",3,48431,142681,369419,9.47,587000,2026-05-20,580000,-1.19,570000,-2.90,630000,7.33,607000,3.41,522000,-11.07,하락 전환,"D+1(2026-05-20) 시가 -1.19%, 종가 -2.90%; D+5 +7.33%; D+10 +3.41%; D+20 -11.07%"
2026-05-19,028260,삼성물산,foreign_buy_streak_3,"foreign_buy_streak_2,foreign_buy_streak_3,foreign_buy_2d_all,foreign_buy_3d_all,foreign_buy_vol_0_5pct,foreign_buy_vol_1pct,foreign_buy_vol_2pct",3,33654,72885,167434,4.76,380500,2026-05-20,382000,0.39,370500,-2.63,410500,7.88,535000,40.60,485500,27.60,상승 지속,"D+1(2026-05-20) 시가 +0.39%, 종가 -2.63%; D+5 +7.88%; D+10 +40.60%; D+20 +27.60%"
2026-05-19,178320,서진시스템,foreign_buy_streak_4,"foreign_buy_streak_2,foreign_buy_streak_3,foreign_buy_2d_all,foreign_buy_3d_all,foreign_buy_vol_0_5pct,foreign_buy_vol_1pct,foreign_buy_vol_2pct",4,1732136,1847467,1907960,47.50,69800,2026-05-20,68300,-2.15,65700,-5.87,78800,12.89,69200,-0.86,69100,-1.00,보합,"D+1(2026-05-20) 시가 -2.15%, 종가 -5.87%; D+5 +12.89%; D+10 -0.86%; D+20 -1.00%"
2026-05-19,440110,파두,foreign_buy_streak_4,"foreign_buy_streak_2,foreign_buy_streak_3,foreign_buy_2d_all,foreign_buy_3d_all,foreign_buy_vol_0_5pct,foreign_buy_vol_1pct,foreign_buy_vol_2pct",4,491002,740920,1310785,22.90,107900,2026-05-20,108900,0.93,112200,3.99,116900,8.34,116000,7.51,104000,-3.61,보합,"D+1(2026-05-20) 시가 +0.93%, 종가 +3.99%; D+5 +8.34%; D+10 +7.51%; D+20 -3.61%"
2026-05-19,047040,대우건설,foreign_buy_streak_2,"foreign_buy_streak_2,foreign_buy_2d_all,foreign_buy_vol_0_5pct,foreign_buy_vol_1pct,foreign_buy_vol_2pct",2,503903,1120536,-2701075,6.42,27050,2026-05-20,26700,-1.29,26650,-1.48,26750,-1.11,22950,-15.16,22950,-15.16,하락 전환,"D+1(2026-05-20) 시가 -1.29%, 종가 -1.48%; D+5 -1.11%; D+10 -15.16%; D+20 -15.16%"
2026-05-19,086520,에코프로,foreign_buy_streak_2,"foreign_buy_streak_2,foreign_buy_2d_all,foreign_buy_vol_0_5pct,foreign_buy_vol_1pct,foreign_buy_vol_2pct",2,104232,214512,43024,9.16,121600,2026-05-20,119500,-1.73,118700,-2.38,142900,17.52,128800,5.92,117500,-3.37,보합,"D+1(2026-05-20) 시가 -1.73%, 종가 -2.38%; D+5 +17.52%; D+10 +5.92%; D+20 -3.37%"
2026-05-19,043260,성호전자,foreign_buy_streak_2,"foreign_buy_streak_2,foreign_buy_2d_all,foreign_buy_vol_0_5pct,foreign_buy_vol_1pct,foreign_buy_vol_2pct",2,703934,842308,809707,21.95,35300,2026-05-20,35900,1.70,39400,11.61,42600,20.68,51400,45.61,40000,13.31,상승 지속,"D+1(2026-05-20) 시가 +1.70%, 종가 +11.61%; D+5 +20.68%; D+10 +45.61%; D+20 +13.31%"
2026-05-20,006400,삼성SDI,foreign_buy_streak_4,"foreign_buy_streak_2,foreign_buy_streak_3,foreign_buy_2d_all,foreign_buy_3d_all,foreign_buy_vol_0_5pct,foreign_buy_vol_1pct,foreign_buy_vol_2pct",4,147072,195503,289753,21.26,570000,2026-05-21,592000,3.86,616000,8.07,676000,18.60,568000,-0.35,555000,-2.63,보합,"D+1(2026-05-21) 시가 +3.86%, 종가 +8.07%; D+5 +18.60%; D+10 -0.35%; D+20 -2.63%"
2026-05-20,047040,대우건설,foreign_buy_streak_3,"foreign_buy_streak_2,foreign_buy_streak_3,foreign_buy_2d_all,foreign_buy_3d_all,foreign_buy_vol_0_5pct,foreign_buy_vol_1pct,foreign_buy_vol_2pct",3,1598220,2102123,2718756,18.35,26650,2026-05-21,28850,8.26,28350,6.38,25450,-4.50,21750,-18.39,21250,-20.26,하락 전환,"D+1(2026-05-21) 시가 +8.26%, 종가 +6.38%; D+5 -4.50%; D+10 -18.39%; D+20 -20.26%"
2026-05-20,028260,삼성물산,foreign_buy_streak_4,"foreign_buy_streak_2,foreign_buy_streak_3,foreign_buy_2d_all,foreign_buy_3d_all,foreign_buy_vol_0_5pct,foreign_buy_vol_1pct,foreign_buy_vol_2pct",4,23124,56778,96009,3.85,370500,2026-05-21,399000,7.69,418500,12.96,399500,7.83,460500,24.29,491500,32.66,상승 지속,"D+1(2026-05-21) 시가 +7.69%, 종가 +12.96%; D+5 +7.83%; D+10 +24.29%; D+20 +32.66%"
2026-05-20,440110,파두,foreign_buy_streak_5,"foreign_buy_streak_2,foreign_buy_streak_3,foreign_buy_2d_all,foreign_buy_3d_all,foreign_buy_vol_0_5pct,foreign_buy_vol_1pct,foreign_buy_vol_2pct",5,136227,627229,877147,8.24,112200,2026-05-21,113800,1.43,116700,4.01,111400,-0.71,109800,-2.14,101400,-9.63,하락 전환,"D+1(2026-05-21) 시가 +1.43%, 종가 +4.01%; D+5 -0.71%; D+10 -2.14%; D+20 -9.63%"
2026-05-20,253840,수젠텍,foreign_buy_streak_3,"foreign_buy_streak_2,foreign_buy_streak_3,foreign_buy_2d_all,foreign_buy_3d_all,foreign_buy_vol_0_5pct",3,130884,138062,160926,0.61,7630,2026-05-21,7370,-3.41,6970,-8.65,5730,-24.90,4995,-34.53,4570,-40.10,하락 전환,"D+1(2026-05-21) 시가 -3.41%, 종가 -8.65%; D+5 -24.90%; D+10 -34.53%; D+20 -40.10%"
2026-05-20,086520,에코프로,foreign_buy_streak_3,"foreign_buy_streak_2,foreign_buy_streak_3,foreign_buy_2d_all,foreign_buy_3d_all,foreign_buy_vol_0_5pct,foreign_buy_vol_1pct,foreign_buy_vol_2pct",3,268896,373128,483408,23.08,118700,2026-05-21,122700,3.37,129800,9.35,144700,21.90,118500,-0.17,116000,-2.27,보합,"D+1(2026-05-21) 시가 +3.37%, 종가 +9.35%; D+5 +21.90%; D+10 -0.17%; D+20 -2.27%"
2026-05-20,032820,우리기술,foreign_buy_streak_5,"foreign_buy_streak_2,foreign_buy_streak_3,foreign_buy_2d_all,foreign_buy_3d_all,foreign_buy_vol_0_5pct,foreign_buy_vol_1pct,foreign_buy_vol_2pct",5,1206654,1694840,1859452,24.10,16080,2026-05-21,16700,3.86,16700,3.86,15540,-3.36,14200,-11.69,14500,-9.83,하락 전환,"D+1(2026-05-21) 시가 +3.86%, 종가 +3.86%; D+5 -3.36%; D+10 -11.69%; D+20 -9.83%"
2026-05-20,000250,삼천당제약,foreign_buy_streak_4,"foreign_buy_streak_2,foreign_buy_streak_3,foreign_buy_2d_all,foreign_buy_3d_all,foreign_buy_vol_0_5pct,foreign_buy_vol_1pct,foreign_buy_vol_2pct",4,36134,48926,80671,17.96,347000,2026-05-21,356000,2.59,355000,2.31,338000,-2.59,292000,-15.85,253500,-26.95,하락 전환,"D+1(2026-05-21) 시가 +2.59%, 종가 +2.31%; D+5 -2.59%; D+10 -15.85%; D+20 -26.95%"
2026-05-20,108490,로보티즈,foreign_buy_streak_2,"foreign_buy_streak_2,foreign_buy_2d_all,foreign_buy_vol_0_5pct,foreign_buy_vol_1pct,foreign_buy_vol_2pct",2,10160,19886,-4392,3.97,258500,2026-05-21,278000,7.54,303500,17.41,292500,13.15,320500,23.98,287000,11.03,상승 지속,"D+1(2026-05-21) 시가 +7.54%, 종가 +17.41%; D+5 +13.15%; D+10 +23.98%; D+20 +11.03%"
2026-05-21,440110,파두,foreign_buy_streak_6,"foreign_buy_streak_2,foreign_buy_streak_3,foreign_buy_2d_all,foreign_buy_3d_all,foreign_buy_vol_0_5pct,foreign_buy_vol_1pct,foreign_buy_vol_2pct",6,128233,264460,755462,8.41,116700,2026-05-22,117900,1.03,128300,9.94,112100,-3.94,106600,-8.65,115900,-0.69,보합,"D+1(2026-05-22) 시가 +1.03%, 종가 +9.94%; D+5 -3.94%; D+10 -8.65%; D+20 -0.69%"
2026-05-21,036540,SFA반도체,foreign_buy_streak_2,"foreign_buy_streak_2,foreign_buy_2d_all,foreign_buy_vol_0_5pct,foreign_buy_vol_1pct,foreign_buy_vol_2pct",2,1623772,1810703,1628450,8.65,8950,2026-05-22,8920,-0.34,10250,14.53,8320,-7.04,6400,-28.49,7050,-21.23,하락 전환,"D+1(2026-05-22) 시가 -0.34%, 종가 +14.53%; D+5 -7.04%; D+10 -28.49%; D+20 -21.23%"
2026-05-21,086520,에코프로,foreign_buy_streak_4,"foreign_buy_streak_2,foreign_buy_streak_3,foreign_buy_2d_all,foreign_buy_3d_all,foreign_buy_vol_0_5pct,foreign_buy_vol_1pct,foreign_buy_vol_2pct",4,97220,366116,470348,8.03,129800,2026-05-22,133800,3.08,146500,12.87,139000,7.09,105200,-18.95,114500,-11.79,하락 전환,"D+1(2026-05-22) 시가 +3.08%, 종가 +12.87%; D+5 +7.09%; D+10 -18.95%; D+20 -11.79%"
2026-05-21,247540,에코프로비엠,foreign_buy_streak_2,"foreign_buy_streak_2,foreign_buy_2d_all,foreign_buy_vol_0_5pct,foreign_buy_vol_1pct,foreign_buy_vol_2pct",2,46825,75342,-20786,8.35,195000,2026-05-22,200000,2.56,216000,10.77,217000,11.28,159700,-18.10,166700,-14.51,하락 전환,"D+1(2026-05-22) 시가 +2.56%, 종가 +10.77%; D+5 +11.28%; D+10 -18.10%; D+20 -14.51%"
2026-05-21,403870,HPSP,foreign_buy_streak_2,"foreign_buy_streak_2,foreign_buy_2d_all,foreign_buy_vol_0_5pct,foreign_buy_vol_1pct,foreign_buy_vol_2pct",2,79298,117851,10810,4.19,53400,2026-05-22,53500,0.19,54700,2.43,48650,-8.90,47150,-11.70,60000,12.36,상승 지속,"D+1(2026-05-22) 시가 +0.19%, 종가 +2.43%; D+5 -8.90%; D+10 -11.70%; D+20 +12.36%"
2026-05-22,009150,삼성전기,foreign_buy_streak_2,"foreign_buy_streak_2,foreign_buy_2d_all,foreign_buy_vol_0_5pct",2,10236,50216,-61032,0.75,1340000,2026-05-26,1466000,9.40,1572000,17.31,2005000,49.63,1970000,47.01,1990000,48.51,상승 지속,"D+1(2026-05-26) 시가 +9.40%, 종가 +17.31%; D+5 +49.63%; D+10 +47.01%; D+20 +48.51%"
2026-05-22,036540,SFA반도체,foreign_buy_streak_3,"foreign_buy_streak_2,foreign_buy_streak_3,foreign_buy_2d_all,foreign_buy_3d_all,foreign_buy_vol_0_5pct,foreign_buy_vol_1pct",3,1056945,2680717,2867648,1.53,10250,2026-05-26,10480,2.24,11010,7.41,7930,-22.63,7080,-30.93,6180,-39.71,하락 전환,"D+1(2026-05-26) 시가 +2.24%, 종가 +7.41%; D+5 -22.63%; D+10 -30.93%; D+20 -39.71%"
2026-05-22,086520,에코프로,foreign_buy_streak_5,"foreign_buy_streak_2,foreign_buy_streak_3,foreign_buy_2d_all,foreign_buy_3d_all,foreign_buy_vol_0_5pct,foreign_buy_vol_1pct,foreign_buy_vol_2pct",5,316329,413549,682445,8.49,146500,2026-05-26,151300,3.28,147000,0.34,130400,-10.99,107400,-26.69,103000,-29.69,하락 전환,"D+1(2026-05-26) 시가 +3.28%, 종가 +0.34%; D+5 -10.99%; D+10 -26.69%; D+20 -29.69%"
2026-05-22,440110,파두,foreign_buy_streak_7,"foreign_buy_streak_2,foreign_buy_streak_3,foreign_buy_2d_all,foreign_buy_3d_all,foreign_buy_vol_0_5pct,foreign_buy_vol_1pct,foreign_buy_vol_2pct",7,410831,539064,675291,17.36,128300,2026-05-26,128600,0.23,116800,-8.96,111100,-13.41,103200,-19.56,89800,-30.01,하락 전환,"D+1(2026-05-26) 시가 +0.23%, 종가 -8.96%; D+5 -13.41%; D+10 -19.56%; D+20 -30.01%"
2026-05-22,050890,쏠리드,foreign_buy_streak_2,"foreign_buy_streak_2,foreign_buy_2d_all,foreign_buy_vol_0_5pct,foreign_buy_vol_1pct,foreign_buy_vol_2pct",2,1828792,2422789,2319744,11.38,18130,2026-05-26,18370,1.32,18340,1.16,15200,-16.16,13290,-26.70,11230,-38.06,하락 전환,"D+1(2026-05-26) 시가 +1.32%, 종가 +1.16%; D+5 -16.16%; D+10 -26.70%; D+20 -38.06%"
2026-05-22,001820,삼화콘덴서,foreign_buy_streak_2,"foreign_buy_streak_2,foreign_buy_2d_all,foreign_buy_vol_0_5pct,foreign_buy_vol_1pct,foreign_buy_vol_2pct",2,76201,81808,29797,2.88,102000,2026-05-26,121500,19.12,132600,30.00,114000,11.76,118500,16.18,142000,39.22,상승 지속,"D+1(2026-05-26) 시가 +19.12%, 종가 +30.00%; D+5 +11.76%; D+10 +16.18%; D+20 +39.22%"
2026-05-22,247540,에코프로비엠,foreign_buy_streak_3,"foreign_buy_streak_2,foreign_buy_streak_3,foreign_buy_2d_all,foreign_buy_3d_all,foreign_buy_vol_0_5pct,foreign_buy_vol_1pct,foreign_buy_vol_2pct",3,245032,291857,320374,21.47,216000,2026-05-26,225000,4.17,220000,1.85,207000,-4.17,167600,-22.41,150900,-30.14,하락 전환,"D+1(2026-05-26) 시가 +4.17%, 종가 +1.85%; D+5 -4.17%; D+10 -22.41%; D+20 -30.14%"
2026-05-22,079550,LIG디펜스앤에어로스페이스,foreign_buy_streak_4,"foreign_buy_streak_2,foreign_buy_streak_3,foreign_buy_2d_all,foreign_buy_3d_all,foreign_buy_vol_0_5pct,foreign_buy_vol_1pct,foreign_buy_vol_2pct",4,54987,75815,81627,20.80,925000,2026-05-26,918000,-0.76,913000,-1.30,776000,-16.11,725000,-21.62,809000,-12.54,하락 전환,"D+1(2026-05-26) 시가 -0.76%, 종가 -1.30%; D+5 -16.11%; D+10 -21.62%; D+20 -12.54%"
2026-05-22,034730,SK,foreign_buy_streak_2,"foreign_buy_streak_2,foreign_buy_2d_all,foreign_buy_vol_0_5pct,foreign_buy_vol_1pct,foreign_buy_vol_2pct",2,82731,108308,65433,22.57,642000,2026-05-26,661000,2.96,656000,2.18,657000,2.34,594000,-7.48,705000,9.81,상승 지속,"D+1(2026-05-26) 시가 +2.96%, 종가 +2.18%; D+5 +2.34%; D+10 -7.48%; D+20 +9.81%"
2026-05-22,046970,우리로,foreign_buy_streak_2,"foreign_buy_streak_2,foreign_buy_2d_all,foreign_buy_vol_0_5pct,foreign_buy_vol_1pct",2,402649,650137,364022,1.98,9600,2026-05-26,10110,5.31,10390,8.23,7090,-26.15,6660,-30.63,6050,-36.98,하락 전환,"D+1(2026-05-26) 시가 +5.31%, 종가 +8.23%; D+5 -26.15%; D+10 -30.63%; D+20 -36.98%"
2026-05-22,034220,LG디스플레이,foreign_buy_streak_2,"foreign_buy_streak_2,foreign_buy_2d_all,foreign_buy_vol_0_5pct,foreign_buy_vol_1pct,foreign_buy_vol_2pct",2,2292346,5495781,5115854,18.50,15150,2026-05-26,15350,1.32,15630,3.17,15800,4.29,13970,-7.79,12180,-19.60,하락 전환,"D+1(2026-05-26) 시가 +1.32%, 종가 +3.17%; D+5 +4.29%; D+10 -7.79%; D+20 -19.60%"
2026-05-22,105560,KB금융,foreign_buy_streak_2,"foreign_buy_streak_2,foreign_buy_2d_all,foreign_buy_vol_0_5pct,foreign_buy_vol_1pct",2,12579,127973,-86158,1.13,160000,2026-05-26,160100,0.06,157300,-1.69,152100,-4.94,154800,-3.25,153700,-3.94,보합,"D+1(2026-05-26) 시가 +0.06%, 종가 -1.69%; D+5 -4.94%; D+10 -3.25%; D+20 -3.94%"
2026-05-22,178320,서진시스템,foreign_buy_streak_2,"foreign_buy_streak_2,foreign_buy_2d_all,foreign_buy_vol_0_5pct,foreign_buy_vol_1pct,foreign_buy_vol_2pct",2,163739,291199,90077,7.41,77300,2026-05-26,79700,3.10,78600,1.68,75100,-2.85,73600,-4.79,56700,-26.65,하락 전환,"D+1(2026-05-26) 시가 +3.10%, 종가 +1.68%; D+5 -2.85%; D+10 -4.79%; D+20 -26.65%"
2026-05-22,068270,셀트리온,foreign_buy_streak_3,"foreign_buy_streak_2,foreign_buy_streak_3,foreign_buy_2d_all,foreign_buy_3d_all,foreign_buy_vol_0_5pct,foreign_buy_vol_1pct,foreign_buy_vol_2pct",3,190142,351159,428867,22.51,198700,2026-05-26,192539,-3.10,185867,-6.46,182722,-8.04,170000,-14.44,160500,-19.22,하락 전환,"D+1(2026-05-26) 시가 -3.10%, 종가 -6.46%; D+5 -8.04%; D+10 -14.44%; D+20 -19.22%"
2026-05-22,456010,아이씨티케이,foreign_buy_streak_3,"foreign_buy_streak_2,foreign_buy_streak_3,foreign_buy_2d_all,foreign_buy_3d_all",3,6477,154827,361385,0.14,26550,2026-05-26,28100,5.84,30800,16.01,30450,14.69,24950,-6.03,19000,-28.44,하락 전환,"D+1(2026-05-26) 시가 +5.84%, 종가 +16.01%; D+5 +14.69%; D+10 -6.03%; D+20 -28.44%"
2026-05-22,048410,현대바이오,foreign_buy_streak_2,"foreign_buy_streak_2,foreign_buy_2d_all,foreign_buy_vol_0_5pct,foreign_buy_vol_1pct,foreign_buy_vol_2pct",2,335781,519307,-386888,3.55,13450,2026-05-26,14200,5.58,13630,1.34,11200,-16.73,8790,-34.65,8030,-40.30,하락 전환,"D+1(2026-05-26) 시가 +5.58%, 종가 +1.34%; D+5 -16.73%; D+10 -34.65%; D+20 -40.30%"
2026-05-22,125020,티씨머티리얼즈,foreign_buy_streak_2,"foreign_buy_streak_2,foreign_buy_2d_all,foreign_buy_vol_0_5pct,foreign_buy_vol_1pct,foreign_buy_vol_2pct",2,348802,1681880,1564518,2.81,9190,2026-05-26,9340,1.63,9200,0.11,7010,-23.72,7030,-23.50,5580,-39.28,하락 전환,"D+1(2026-05-26) 시가 +1.63%, 종가 +0.11%; D+5 -23.72%; D+10 -23.50%; D+20 -39.28%"
2026-05-22,098460,고영,foreign_buy_streak_6,"foreign_buy_streak_2,foreign_buy_streak_3,foreign_buy_2d_all,foreign_buy_3d_all,foreign_buy_vol_0_5pct,foreign_buy_vol_1pct,foreign_buy_vol_2pct",6,323419,449934,734371,12.27,39400,2026-05-26,40200,2.03,40800,3.55,33850,-14.09,33450,-15.10,31400,-20.30,하락 전환,"D+1(2026-05-26) 시가 +2.03%, 종가 +3.55%; D+5 -14.09%; D+10 -15.10%; D+20 -20.30%"
2026-05-22,403870,HPSP,foreign_buy_streak_3,"foreign_buy_streak_2,foreign_buy_streak_3,foreign_buy_2d_all,foreign_buy_3d_all,foreign_buy_vol_0_5pct,foreign_buy_vol_1pct,foreign_buy_vol_2pct",3,372685,451983,490536,21.89,54700,2026-05-26,57400,4.94,60100,9.87,46600,-14.81,57000,4.20,53000,-3.11,보합,"D+1(2026-05-26) 시가 +4.94%, 종가 +9.87%; D+5 -14.81%; D+10 +4.20%; D+20 -3.11%"
2026-05-26,042660,한화오션,foreign_buy_streak_2,"foreign_buy_streak_2,foreign_buy_2d_all,foreign_buy_vol_0_5pct,foreign_buy_vol_1pct,foreign_buy_vol_2pct",2,1032696,1135755,923222,22.20,134700,2026-05-27,134000,-0.52,134900,0.15,116000,-13.88,110200,-18.19,106000,-21.31,하락 전환,"D+1(2026-05-27) 시가 -0.52%, 종가 +0.15%; D+5 -13.88%; D+10 -18.19%; D+20 -21.31%"
2026-05-26,403870,HPSP,foreign_buy_streak_4,"foreign_buy_streak_2,foreign_buy_streak_3,foreign_buy_2d_all,foreign_buy_3d_all,foreign_buy_vol_0_5pct,foreign_buy_vol_1pct,foreign_buy_vol_2pct",4,285881,658566,737864,3.80,60100,2026-05-27,61900,3.00,55200,-8.15,44150,-26.54,53100,-11.65,50600,-15.81,하락 전환,"D+1(2026-05-27) 시가 +3.00%, 종가 -8.15%; D+5 -26.54%; D+10 -11.65%; D+20 -15.81%"
2026-05-26,086520,에코프로,foreign_buy_streak_6,"foreign_buy_streak_2,foreign_buy_streak_3,foreign_buy_2d_all,foreign_buy_3d_all,foreign_buy_vol_0_5pct,foreign_buy_vol_1pct",6,32852,349181,446401,1.68,147000,2026-05-27,144700,-1.56,142900,-2.79,127600,-13.20,105900,-27.96,107700,-26.73,하락 전환,"D+1(2026-05-27) 시가 -1.56%, 종가 -2.79%; D+5 -13.20%; D+10 -27.96%; D+20 -26.73%"
2026-05-26,034220,LG디스플레이,foreign_buy_streak_3,"foreign_buy_streak_2,foreign_buy_streak_3,foreign_buy_2d_all,foreign_buy_3d_all,foreign_buy_vol_0_5pct,foreign_buy_vol_1pct,foreign_buy_vol_2pct",3,1746292,4038638,7242073,10.02,15630,2026-05-27,15850,1.41,14130,-9.60,16690,6.78,12910,-17.40,12180,-22.07,하락 전환,"D+1(2026-05-27) 시가 +1.41%, 종가 -9.60%; D+5 +6.78%; D+10 -17.40%; D+20 -22.07%"
2026-05-26,000990,DB하이텍,foreign_buy_streak_2,"foreign_buy_streak_2,foreign_buy_2d_all,foreign_buy_vol_0_5pct,foreign_buy_vol_1pct,foreign_buy_vol_2pct",2,161424,171545,80943,12.60,220500,2026-05-27,228500,3.63,202000,-8.39,170100,-22.86,153700,-30.29,152400,-30.88,하락 전환,"D+1(2026-05-27) 시가 +3.63%, 종가 -8.39%; D+5 -22.86%; D+10 -30.29%; D+20 -30.88%"
2026-05-26,000150,두산,foreign_buy_streak_2,"foreign_buy_streak_2,foreign_buy_2d_all,foreign_buy_vol_0_5pct,foreign_buy_vol_1pct,foreign_buy_vol_2pct",2,35697,37712,31804,28.20,1781000,2026-05-27,1804000,1.29,1715000,-3.71,1918000,7.69,1584000,-11.06,1545000,-13.25,하락 전환,"D+1(2026-05-27) 시가 +1.29%, 종가 -3.71%; D+5 +7.69%; D+10 -11.06%; D+20 -13.25%"
2026-05-26,011790,SKC,foreign_buy_streak_4,"foreign_buy_streak_2,foreign_buy_streak_3,foreign_buy_2d_all,foreign_buy_3d_all,foreign_buy_vol_0_5pct,foreign_buy_vol_1pct,foreign_buy_vol_2pct",4,124175,226062,266159,9.20,152400,2026-05-27,159900,4.92,144500,-5.18,140200,-8.01,124100,-18.57,106800,-29.92,하락 전환,"D+1(2026-05-27) 시가 +4.92%, 종가 -5.18%; D+5 -8.01%; D+10 -18.57%; D+20 -29.92%"
2026-05-26,247540,에코프로비엠,foreign_buy_streak_4,"foreign_buy_streak_2,foreign_buy_streak_3,foreign_buy_2d_all,foreign_buy_3d_all,foreign_buy_vol_0_5pct,foreign_buy_vol_1pct,foreign_buy_vol_2pct",4,182875,427907,474732,19.87,220000,2026-05-27,218000,-0.91,213500,-2.95,198000,-10.00,164500,-25.23,152500,-30.68,하락 전환,"D+1(2026-05-27) 시가 -0.91%, 종가 -2.95%; D+5 -10.00%; D+10 -25.23%; D+20 -30.68%"
2026-05-26,274090,켄코아에어로스페이스,foreign_buy_streak_2,"foreign_buy_streak_2,foreign_buy_2d_all,foreign_buy_vol_0_5pct,foreign_buy_vol_1pct,foreign_buy_vol_2pct",2,223546,239184,216162,3.97,34250,2026-05-27,34250,0.00,32550,-4.96,23700,-30.80,22500,-34.31,12190,-64.41,하락 전환,"D+1(2026-05-27) 시가 +0.00%, 종가 -4.96%; D+5 -30.80%; D+10 -34.31%; D+20 -64.41%"
2026-05-26,034730,SK,foreign_buy_streak_3,"foreign_buy_streak_2,foreign_buy_streak_3,foreign_buy_2d_all,foreign_buy_3d_all,foreign_buy_vol_0_5pct,foreign_buy_vol_1pct,foreign_buy_vol_2pct",3,12128,94859,120436,4.24,656000,2026-05-27,700000,6.71,680000,3.66,668000,1.83,579000,-11.74,712000,8.54,상승 지속,"D+1(2026-05-27) 시가 +6.71%, 종가 +3.66%; D+5 +1.83%; D+10 -11.74%; D+20 +8.54%"
2026-05-26,222800,심텍,foreign_buy_streak_2,"foreign_buy_streak_2,foreign_buy_2d_all,foreign_buy_vol_0_5pct,foreign_buy_vol_1pct,foreign_buy_vol_2pct",2,35509,111449,27839,2.71,132800,2026-05-27,139000,4.67,122000,-8.13,104400,-21.39,109500,-17.55,117700,-11.37,하락 전환,"D+1(2026-05-27) 시가 +4.67%, 종가 -8.13%; D+5 -21.39%; D+10 -17.55%; D+20 -11.37%"
2026-05-26,456010,아이씨티케이,foreign_buy_streak_4,"foreign_buy_streak_2,foreign_buy_streak_3,foreign_buy_2d_all,foreign_buy_3d_all,foreign_buy_vol_0_5pct,foreign_buy_vol_1pct,foreign_buy_vol_2pct",4,229681,236158,384508,4.76,30800,2026-05-27,31550,2.44,36350,18.02,28900,-6.17,22800,-25.97,19400,-37.01,하락 전환,"D+1(2026-05-27) 시가 +2.44%, 종가 +18.02%; D+5 -6.17%; D+10 -25.97%; D+20 -37.01%"
2026-05-26,058470,리노공업,foreign_buy_streak_2,"foreign_buy_streak_2,foreign_buy_2d_all,foreign_buy_vol_0_5pct",2,7852,68953,-28880,0.69,110800,2026-05-27,110800,0.00,102500,-7.49,92800,-16.25,93000,-16.06,85200,-23.10,하락 전환,"D+1(2026-05-27) 시가 +0.00%, 종가 -7.49%; D+5 -16.25%; D+10 -16.06%; D+20 -23.10%"
2026-05-26,005290,동진쎄미켐,foreign_buy_streak_3,"foreign_buy_streak_2,foreign_buy_streak_3,foreign_buy_2d_all,foreign_buy_3d_all,foreign_buy_vol_0_5pct,foreign_buy_vol_1pct,foreign_buy_vol_2pct",3,148118,224556,510994,9.53,66000,2026-05-27,68200,3.33,60700,-8.03,51800,-21.52,52200,-20.91,57400,-13.03,하락 전환,"D+1(2026-05-27) 시가 +3.33%, 종가 -8.03%; D+5 -21.52%; D+10 -20.91%; D+20 -13.03%"
2026-05-26,490470,세미파이브,foreign_buy_streak_2,"foreign_buy_streak_2,foreign_buy_2d_all,foreign_buy_vol_0_5pct,foreign_buy_vol_1pct,foreign_buy_vol_2pct",2,72944,96887,-175258,2.91,42900,2026-05-27,44900,4.66,41200,-3.96,39500,-7.93,26350,-38.58,22200,-48.25,하락 전환,"D+1(2026-05-27) 시가 +4.66%, 종가 -3.96%; D+5 -7.93%; D+10 -38.58%; D+20 -48.25%"
2026-05-26,062970,한국첨단소재,foreign_buy_streak_2,"foreign_buy_streak_2,foreign_buy_2d_all,foreign_buy_vol_0_5pct,foreign_buy_vol_1pct,foreign_buy_vol_2pct",2,2709517,3893998,3793552,9.95,4105,2026-05-27,4105,0.00,3425,-16.57,2600,-36.66,2100,-48.84,1477,-64.02,하락 전환,"D+1(2026-05-27) 시가 +0.00%, 종가 -16.57%; D+5 -36.66%; D+10 -48.84%; D+20 -64.02%"
2026-05-27,018880,한온시스템,foreign_buy_streak_6,"foreign_buy_streak_2,foreign_buy_streak_3,foreign_buy_2d_all,foreign_buy_3d_all",6,252544,1882347,3991895,0.28,5280,2026-05-28,5230,-0.95,5100,-3.41,4820,-8.71,4230,-19.89,3810,-27.84,하락 전환,"D+1(2026-05-28) 시가 -0.95%, 종가 -3.41%; D+5 -8.71%; D+10 -19.89%; D+20 -27.84%"
2026-05-27,307950,현대오토에버,foreign_buy_streak_3,"foreign_buy_streak_2,foreign_buy_streak_3,foreign_buy_2d_all,foreign_buy_3d_all,foreign_buy_vol_0_5pct,foreign_buy_vol_1pct",3,12289,13025,19539,1.91,765000,2026-05-28,756000,-1.18,746000,-2.48,839000,9.67,710000,-7.19,546000,-28.63,하락 전환,"D+1(2026-05-28) 시가 -1.18%, 종가 -2.48%; D+5 +9.67%; D+10 -7.19%; D+20 -28.63%"
2026-05-27,329180,HD현대중공업,foreign_buy_streak_2,"foreign_buy_streak_2,foreign_buy_2d_all,foreign_buy_vol_0_5pct,foreign_buy_vol_1pct,foreign_buy_vol_2pct",2,61730,68747,31656,11.20,744000,2026-05-28,744000,0.00,704000,-5.38,651000,-12.50,646000,-13.17,582000,-21.77,하락 전환,"D+1(2026-05-28) 시가 +0.00%, 종가 -5.38%; D+5 -12.50%; D+10 -13.17%; D+20 -21.77%"
2026-05-27,042660,한화오션,foreign_buy_streak_3,"foreign_buy_streak_2,foreign_buy_streak_3,foreign_buy_2d_all,foreign_buy_3d_all,foreign_buy_vol_0_5pct,foreign_buy_vol_1pct,foreign_buy_vol_2pct",3,292936,1325632,1428691,10.02,134900,2026-05-28,133000,-1.41,124200,-7.93,115100,-14.68,104500,-22.54,105600,-21.72,하락 전환,"D+1(2026-05-28) 시가 -1.41%, 종가 -7.93%; D+5 -14.68%; D+10 -22.54%; D+20 -21.72%"
2026-05-27,086520,에코프로,foreign_buy_streak_7,"foreign_buy_streak_2,foreign_buy_streak_3,foreign_buy_2d_all,foreign_buy_3d_all,foreign_buy_vol_0_5pct,foreign_buy_vol_1pct,foreign_buy_vol_2pct",7,194049,226901,543230,8.93,142900,2026-05-28,147800,3.43,144700,1.26,128800,-9.87,108800,-23.86,102000,-28.62,하락 전환,"D+1(2026-05-28) 시가 +3.43%, 종가 +1.26%; D+5 -9.87%; D+10 -23.86%; D+20 -28.62%"
2026-05-27,456010,아이씨티케이,foreign_buy_streak_5,"foreign_buy_streak_2,foreign_buy_streak_3,foreign_buy_2d_all,foreign_buy_3d_all,foreign_buy_vol_0_5pct,foreign_buy_vol_1pct,foreign_buy_vol_2pct",5,170260,399941,406418,2.37,36350,2026-05-28,35850,-1.38,31350,-13.76,28150,-22.56,22600,-37.83,18000,-50.48,하락 전환,"D+1(2026-05-28) 시가 -1.38%, 종가 -13.76%; D+5 -22.56%; D+10 -37.83%; D+20 -50.48%"
2026-05-27,000990,DB하이텍,foreign_buy_streak_3,"foreign_buy_streak_2,foreign_buy_streak_3,foreign_buy_2d_all,foreign_buy_3d_all,foreign_buy_vol_0_5pct,foreign_buy_vol_1pct,foreign_buy_vol_2pct",3,223613,385037,395158,19.71,202000,2026-05-28,203000,0.50,194300,-3.81,176400,-12.67,155200,-23.17,158000,-21.78,하락 전환,"D+1(2026-05-28) 시가 +0.50%, 종가 -3.81%; D+5 -12.67%; D+10 -23.17%; D+20 -21.78%"
2026-05-27,034730,SK,foreign_buy_streak_4,"foreign_buy_streak_2,foreign_buy_streak_3,foreign_buy_2d_all,foreign_buy_3d_all,foreign_buy_vol_0_5pct,foreign_buy_vol_1pct,foreign_buy_vol_2pct",4,7112,19240,101971,2.13,680000,2026-05-28,676000,-0.59,664000,-2.35,668000,-1.76,575000,-15.44,858000,26.18,상승 지속,"D+1(2026-05-28) 시가 -0.59%, 종가 -2.35%; D+5 -1.76%; D+10 -15.44%; D+20 +26.18%"
2026-05-27,058470,리노공업,foreign_buy_streak_3,"foreign_buy_streak_2,foreign_buy_streak_3,foreign_buy_2d_all,foreign_buy_3d_all,foreign_buy_vol_0_5pct,foreign_buy_vol_1pct,foreign_buy_vol_2pct",3,200280,208132,269233,11.10,102500,2026-05-28,101500,-0.98,99100,-3.32,99600,-2.83,99800,-2.63,88700,-13.46,하락 전환,"D+1(2026-05-28) 시가 -0.98%, 종가 -3.32%; D+5 -2.83%; D+10 -2.63%; D+20 -13.46%"
2026-05-27,052710,아모텍,foreign_buy_streak_2,"foreign_buy_streak_2,foreign_buy_2d_all,foreign_buy_vol_0_5pct",2,48611,71519,-324847,0.97,29850,2026-05-28,27422,-8.13,29630,-0.74,24332,-18.49,27128,-9.12,22000,-26.30,하락 전환,"D+1(2026-05-28) 시가 -8.13%, 종가 -0.74%; D+5 -18.49%; D+10 -9.12%; D+20 -26.30%"
2026-05-27,247540,에코프로비엠,foreign_buy_streak_5,"foreign_buy_streak_2,foreign_buy_streak_3,foreign_buy_2d_all,foreign_buy_3d_all,foreign_buy_vol_0_5pct,foreign_buy_vol_1pct,foreign_buy_vol_2pct",5,128424,311299,556331,19.48,213500,2026-05-28,222500,4.22,218500,2.34,197400,-7.54,164300,-23.04,144000,-32.55,하락 전환,"D+1(2026-05-28) 시가 +4.22%, 종가 +2.34%; D+5 -7.54%; D+10 -23.04%; D+20 -32.55%"
2026-05-28,009150,삼성전기,foreign_buy_streak_2,"foreign_buy_streak_2,foreign_buy_2d_all,foreign_buy_vol_0_5pct,foreign_buy_vol_1pct,foreign_buy_vol_2pct",2,122292,161004,30001,4.90,1849000,2026-05-29,1945000,5.19,2127000,15.04,1757000,-4.98,1714000,-7.30,1993000,7.79,상승 지속,"D+1(2026-05-29) 시가 +5.19%, 종가 +15.04%; D+5 -4.98%; D+10 -7.30%; D+20 +7.79%"
2026-05-28,402340,SK스퀘어,foreign_buy_streak_2,"foreign_buy_streak_2,foreign_buy_2d_all,foreign_buy_vol_0_5pct,foreign_buy_vol_1pct",2,9037,51860,13014,1.01,1237000,2026-05-29,1260000,1.86,1233000,-0.32,1258000,1.70,1358000,9.78,1720000,39.05,상승 지속,"D+1(2026-05-29) 시가 +1.86%, 종가 -0.32%; D+5 +1.70%; D+10 +9.78%; D+20 +39.05%"
2026-05-28,005935,삼성전자우,foreign_buy_streak_2,"foreign_buy_streak_2,foreign_buy_2d_all,foreign_buy_vol_0_5pct,foreign_buy_vol_1pct,foreign_buy_vol_2pct",2,1258139,3778110,3713835,22.09,190900,2026-05-29,197800,3.61,202500,6.08,211000,10.53,207000,8.43,220500,15.51,상승 지속,"D+1(2026-05-29) 시가 +3.61%, 종가 +6.08%; D+5 +10.53%; D+10 +8.43%; D+20 +15.51%"
2026-05-28,006400,삼성SDI,foreign_buy_streak_2,"foreign_buy_streak_2,foreign_buy_2d_all,foreign_buy_vol_0_5pct,foreign_buy_vol_1pct,foreign_buy_vol_2pct",2,173000,241701,206194,10.91,676000,2026-05-29,680000,0.59,688000,1.78,568000,-15.98,539000,-20.27,455000,-32.69,하락 전환,"D+1(2026-05-29) 시가 +0.59%, 종가 +1.78%; D+5 -15.98%; D+10 -20.27%; D+20 -32.69%"
2026-05-28,001820,삼화콘덴서,foreign_buy_streak_2,"foreign_buy_streak_2,foreign_buy_2d_all",2,4216,19242,-42144,0.08,156200,2026-05-29,160600,2.82,149100,-4.55,111800,-28.43,128200,-17.93,130600,-16.39,하락 전환,"D+1(2026-05-29) 시가 +2.82%, 종가 -4.55%; D+5 -28.43%; D+10 -17.93%; D+20 -16.39%"
2026-05-28,373220,LG에너지솔루션,foreign_buy_streak_3,"foreign_buy_streak_2,foreign_buy_streak_3,foreign_buy_2d_all,foreign_buy_3d_all,foreign_buy_vol_0_5pct,foreign_buy_vol_1pct,foreign_buy_vol_2pct",3,93867,103160,144754,5.64,442000,2026-05-29,444500,0.57,458000,3.62,414000,-6.33,400000,-9.50,331500,-25.00,하락 전환,"D+1(2026-05-29) 시가 +0.57%, 종가 +3.62%; D+5 -6.33%; D+10 -9.50%; D+20 -25.00%"
2026-05-28,329180,HD현대중공업,foreign_buy_streak_3,"foreign_buy_streak_2,foreign_buy_streak_3,foreign_buy_2d_all,foreign_buy_3d_all,foreign_buy_vol_0_5pct,foreign_buy_vol_1pct,foreign_buy_vol_2pct",3,67017,128747,135764,13.57,704000,2026-05-29,720000,2.27,696000,-1.14,664000,-5.68,650000,-7.67,564000,-19.89,하락 전환,"D+1(2026-05-29) 시가 +2.27%, 종가 -1.14%; D+5 -5.68%; D+10 -7.67%; D+20 -19.89%"
2026-05-28,066970,엘앤에프,foreign_buy_streak_2,"foreign_buy_streak_2,foreign_buy_2d_all,foreign_buy_vol_0_5pct,foreign_buy_vol_1pct,foreign_buy_vol_2pct",2,41755,49233,4677,2.07,169200,2026-05-29,167500,-1.00,168300,-0.53,139900,-17.32,134000,-20.80,98900,-41.55,하락 전환,"D+1(2026-05-29) 시가 -1.00%, 종가 -0.53%; D+5 -17.32%; D+10 -20.80%; D+20 -41.55%"
2026-05-28,440110,파두,foreign_buy_streak_2,"foreign_buy_streak_2,foreign_buy_2d_all,foreign_buy_vol_0_5pct,foreign_buy_vol_1pct,foreign_buy_vol_2pct",2,488299,965557,636118,19.47,111400,2026-05-29,115000,3.23,112100,0.63,109800,-1.44,101000,-9.34,83000,-25.49,하락 전환,"D+1(2026-05-29) 시가 +3.23%, 종가 +0.63%; D+5 -1.44%; D+10 -9.34%; D+20 -25.49%"
2026-05-28,001440,대한전선,foreign_buy_streak_2,"foreign_buy_streak_2,foreign_buy_2d_all,foreign_buy_vol_0_5pct,foreign_buy_vol_1pct,foreign_buy_vol_2pct",2,911680,1273066,812286,17.07,47800,2026-05-29,46200,-3.35,45450,-4.92,39950,-16.42,37850,-20.82,31000,-35.15,하락 전환,"D+1(2026-05-29) 시가 -3.35%, 종가 -4.92%; D+5 -16.42%; D+10 -20.82%; D+20 -35.15%"
2026-05-28,005490,POSCO홀딩스,foreign_buy_streak_2,"foreign_buy_streak_2,foreign_buy_2d_all,foreign_buy_vol_0_5pct,foreign_buy_vol_1pct,foreign_buy_vol_2pct",2,29650,53012,31914,4.99,420000,2026-05-29,424000,0.95,423500,0.83,390000,-7.14,377000,-10.24,305000,-27.38,하락 전환,"D+1(2026-05-29) 시가 +0.95%, 종가 +0.83%; D+5 -7.14%; D+10 -10.24%; D+20 -27.38%"
2026-05-28,178320,서진시스템,foreign_buy_streak_2,"foreign_buy_streak_2,foreign_buy_2d_all,foreign_buy_vol_0_5pct,foreign_buy_vol_1pct",2,50034,61512,18858,1.70,80800,2026-05-29,83000,2.72,77600,-3.96,70100,-13.24,75100,-7.05,48850,-39.54,하락 전환,"D+1(2026-05-29) 시가 +2.72%, 종가 -3.96%; D+5 -13.24%; D+10 -7.05%; D+20 -39.54%"
2026-05-28,247540,에코프로비엠,foreign_buy_streak_6,"foreign_buy_streak_2,foreign_buy_streak_3,foreign_buy_2d_all,foreign_buy_3d_all,foreign_buy_vol_0_5pct,foreign_buy_vol_1pct,foreign_buy_vol_2pct",6,50805,179229,362104,6.59,218500,2026-05-29,217500,-0.46,217000,-0.69,180100,-17.57,170000,-22.20,133700,-38.81,하락 전환,"D+1(2026-05-29) 시가 -0.46%, 종가 -0.69%; D+5 -17.57%; D+10 -22.20%; D+20 -38.81%"
2026-05-28,242040,나무기술,foreign_buy_streak_2,"foreign_buy_streak_2,foreign_buy_2d_all,foreign_buy_vol_0_5pct,foreign_buy_vol_1pct,foreign_buy_vol_2pct",2,583650,694893,484934,3.24,7490,2026-05-29,7530,0.53,8780,17.22,8570,14.42,7950,6.14,4590,-38.72,하락 전환,"D+1(2026-05-29) 시가 +0.53%, 종가 +17.22%; D+5 +14.42%; D+10 +6.14%; D+20 -38.72%"
2026-05-28,087010,펩트론,foreign_buy_streak_5,"foreign_buy_streak_2,foreign_buy_streak_3,foreign_buy_2d_all,foreign_buy_3d_all,foreign_buy_vol_0_5pct,foreign_buy_vol_1pct,foreign_buy_vol_2pct",5,38303,109696,125817,10.60,320000,2026-05-29,315000,-1.56,301000,-5.94,253500,-20.78,230000,-28.12,167000,-47.81,하락 전환,"D+1(2026-05-29) 시가 -1.56%, 종가 -5.94%; D+5 -20.78%; D+10 -28.12%; D+20 -47.81%"
2026-05-28,058470,리노공업,foreign_buy_streak_4,"foreign_buy_streak_2,foreign_buy_streak_3,foreign_buy_2d_all,foreign_buy_3d_all,foreign_buy_vol_0_5pct,foreign_buy_vol_1pct,foreign_buy_vol_2pct",4,311330,511610,519462,30.27,99100,2026-05-29,100700,1.61,97400,-1.72,94100,-5.05,104500,5.45,84300,-14.93,하락 전환,"D+1(2026-05-29) 시가 +1.61%, 종가 -1.72%; D+5 -5.05%; D+10 +5.45%; D+20 -14.93%"
2026-05-28,039030,이오테크닉스,foreign_buy_streak_5,"foreign_buy_streak_2,foreign_buy_streak_3,foreign_buy_2d_all,foreign_buy_3d_all,foreign_buy_vol_0_5pct,foreign_buy_vol_1pct,foreign_buy_vol_2pct",5,59560,126526,132577,38.96,484500,2026-05-29,481500,-0.62,458000,-5.47,478000,-1.34,612000,26.32,485000,0.10,상승,"D+1(2026-05-29) 시가 -0.62%, 종가 -5.47%; D+5 -1.34%; D+10 +26.32%; D+20 +0.10%"
2026-05-29,009150,삼성전기,foreign_buy_streak_3,"foreign_buy_streak_2,foreign_buy_streak_3,foreign_buy_2d_all,foreign_buy_3d_all,foreign_buy_vol_0_5pct",3,24854,147146,185858,0.84,2127000,2026-06-01,2021000,-4.98,2005000,-5.74,1664000,-21.77,1999000,-6.02,2038000,-4.18,보합,"D+1(2026-06-01) 시가 -4.98%, 종가 -5.74%; D+5 -21.77%; D+10 -6.02%; D+20 -4.18%"
2026-05-29,005935,삼성전자우,foreign_buy_streak_3,"foreign_buy_streak_2,foreign_buy_streak_3,foreign_buy_2d_all,foreign_buy_3d_all,foreign_buy_vol_0_5pct,foreign_buy_vol_1pct,foreign_buy_vol_2pct",3,1313223,2571362,5091333,13.83,202500,2026-06-01,203500,0.49,229000,13.09,192500,-4.94,216000,6.67,210500,3.95,상승,"D+1(2026-06-01) 시가 +0.49%, 종가 +13.09%; D+5 -4.94%; D+10 +6.67%; D+20 +3.95%"
2026-05-29,064400,LG씨엔에스,foreign_buy_streak_2,"foreign_buy_streak_2,foreign_buy_2d_all,foreign_buy_vol_0_5pct,foreign_buy_vol_1pct,foreign_buy_vol_2pct",2,684954,958324,323004,8.01,113800,2026-06-01,143100,25.75,143700,26.27,106500,-6.41,96600,-15.11,79200,-30.40,하락 전환,"D+1(2026-06-01) 시가 +25.75%, 종가 +26.27%; D+5 -6.41%; D+10 -15.11%; D+20 -30.40%"
2026-05-29,373220,LG에너지솔루션,foreign_buy_streak_4,"foreign_buy_streak_2,foreign_buy_streak_3,foreign_buy_2d_all,foreign_buy_3d_all,foreign_buy_vol_0_5pct,foreign_buy_vol_1pct,foreign_buy_vol_2pct",4,34236,128103,137396,2.66,458000,2026-06-01,469500,2.51,455000,-0.66,388500,-15.17,420500,-8.19,400500,-12.55,하락 전환,"D+1(2026-06-01) 시가 +2.51%, 종가 -0.66%; D+5 -15.17%; D+10 -8.19%; D+20 -12.55%"
2026-05-29,018880,한온시스템,foreign_buy_streak_8,"foreign_buy_streak_2,foreign_buy_streak_3,foreign_buy_2d_all,foreign_buy_3d_all,foreign_buy_vol_0_5pct,foreign_buy_vol_1pct,foreign_buy_vol_2pct",8,7164131,7671166,7923710,8.47,5630,2026-06-01,5630,0.00,5220,-7.28,4290,-23.80,5680,0.89,3875,-31.17,하락 전환,"D+1(2026-06-01) 시가 +0.00%, 종가 -7.28%; D+5 -23.80%; D+10 +0.89%; D+20 -31.17%"
2026-05-29,028260,삼성물산,foreign_buy_streak_3,"foreign_buy_streak_2,foreign_buy_streak_3,foreign_buy_2d_all,foreign_buy_3d_all,foreign_buy_vol_0_5pct",3,9297,110711,147160,0.89,432500,2026-06-01,444000,2.66,455000,5.20,408500,-5.55,495000,14.45,471000,8.90,상승 지속,"D+1(2026-06-01) 시가 +2.66%, 종가 +5.20%; D+5 -5.55%; D+10 +14.45%; D+20 +8.90%"
2026-05-29,000150,두산,foreign_buy_streak_5,"foreign_buy_streak_2,foreign_buy_streak_3,foreign_buy_2d_all,foreign_buy_3d_all,foreign_buy_vol_0_5pct,foreign_buy_vol_1pct,foreign_buy_vol_2pct",5,36390,44051,51132,15.64,1972000,2026-06-01,2145000,8.77,2203000,11.71,1578000,-19.98,1709000,-13.34,1478000,-25.05,하락 전환,"D+1(2026-06-01) 시가 +8.77%, 종가 +11.71%; D+5 -19.98%; D+10 -13.34%; D+20 -25.05%"
2026-05-29,000270,기아,foreign_buy_streak_4,"foreign_buy_streak_2,foreign_buy_streak_3,foreign_buy_2d_all,foreign_buy_3d_all,foreign_buy_vol_0_5pct,foreign_buy_vol_1pct,foreign_buy_vol_2pct",4,52588,232117,508503,2.07,169200,2026-06-01,170500,0.77,169900,0.41,151400,-10.52,167500,-1.00,140600,-16.90,하락 전환,"D+1(2026-06-01) 시가 +0.77%, 종가 +0.41%; D+5 -10.52%; D+10 -1.00%; D+20 -16.90%"
2026-05-29,443060,HD현대마린솔루션,foreign_buy_streak_3,"foreign_buy_streak_2,foreign_buy_streak_3,foreign_buy_2d_all,foreign_buy_3d_all,foreign_buy_vol_0_5pct",3,10697,65735,83224,0.62,224000,2026-06-01,224000,0.00,233000,4.02,207500,-7.37,255000,13.84,223000,-0.45,보합,"D+1(2026-06-01) 시가 +0.00%, 종가 +4.02%; D+5 -7.37%; D+10 +13.84%; D+20 -0.45%"
2026-05-29,080220,제주반도체,foreign_buy_streak_2,"foreign_buy_streak_2,foreign_buy_2d_all",2,6445,71858,35993,0.20,97800,2026-06-01,98000,0.20,98500,0.72,95500,-2.35,104800,7.16,96900,-0.92,보합,"D+1(2026-06-01) 시가 +0.20%, 종가 +0.72%; D+5 -2.35%; D+10 +7.16%; D+20 -0.92%"
2026-05-29,247540,에코프로비엠,foreign_buy_streak_7,"foreign_buy_streak_2,foreign_buy_streak_3,foreign_buy_2d_all,foreign_buy_3d_all,foreign_buy_vol_0_5pct,foreign_buy_vol_1pct,foreign_buy_vol_2pct",7,26622,77427,205851,2.02,217000,2026-06-01,215000,-0.92,207000,-4.61,159700,-26.41,186500,-14.06,154500,-28.80,하락 전환,"D+1(2026-06-01) 시가 -0.92%, 종가 -4.61%; D+5 -26.41%; D+10 -14.06%; D+20 -28.80%"
2026-05-29,440110,파두,foreign_buy_streak_3,"foreign_buy_streak_2,foreign_buy_streak_3,foreign_buy_2d_all,foreign_buy_3d_all,foreign_buy_vol_0_5pct,foreign_buy_vol_1pct,foreign_buy_vol_2pct",3,246651,734950,1212208,11.53,112100,2026-06-01,114500,2.14,111100,-0.89,106600,-4.91,103000,-8.12,85700,-23.55,하락 전환,"D+1(2026-06-01) 시가 +2.14%, 종가 -0.89%; D+5 -4.91%; D+10 -8.12%; D+20 -23.55%"
2026-05-29,090360,로보스타,foreign_buy_streak_5,"foreign_buy_streak_2,foreign_buy_streak_3,foreign_buy_2d_all,foreign_buy_3d_all,foreign_buy_vol_0_5pct,foreign_buy_vol_1pct,foreign_buy_vol_2pct",5,58455,75740,102184,3.26,94000,2026-06-01,122200,30.00,122200,30.00,139000,47.87,112200,19.36,89700,-4.57,보합,"D+1(2026-06-01) 시가 +30.00%, 종가 +30.00%; D+5 +47.87%; D+10 +19.36%; D+20 -4.57%"
2026-05-29,319400,현대무벡스,foreign_buy_streak_2,"foreign_buy_streak_2,foreign_buy_2d_all,foreign_buy_vol_0_5pct,foreign_buy_vol_1pct,foreign_buy_vol_2pct",2,221473,276221,259496,5.43,39750,2026-06-01,40100,0.88,40000,0.63,33050,-16.86,37950,-4.53,25150,-36.73,하락 전환,"D+1(2026-06-01) 시가 +0.88%, 종가 +0.63%; D+5 -16.86%; D+10 -4.53%; D+20 -36.73%"
2026-05-29,242040,나무기술,foreign_buy_streak_3,"foreign_buy_streak_2,foreign_buy_streak_3,foreign_buy_2d_all,foreign_buy_3d_all,foreign_buy_vol_0_5pct,foreign_buy_vol_1pct,foreign_buy_vol_2pct",3,399627,983277,1094520,2.42,8780,2026-06-01,9000,2.51,6610,-24.72,8400,-4.33,8150,-7.18,5040,-42.60,하락 전환,"D+1(2026-06-01) 시가 +2.51%, 종가 -24.72%; D+5 -4.33%; D+10 -7.18%; D+20 -42.60%"
2026-05-29,403870,HPSP,foreign_buy_streak_2,"foreign_buy_streak_2,foreign_buy_2d_all,foreign_buy_vol_0_5pct,foreign_buy_vol_1pct,foreign_buy_vol_2pct",2,249091,262266,-290475,8.92,48650,2026-06-01,47900,-1.54,46600,-4.21,47150,-3.08,83500,71.63,53700,10.38,상승 지속,"D+1(2026-06-01) 시가 -1.54%, 종가 -4.21%; D+5 -3.08%; D+10 +71.63%; D+20 +10.38%"
2026-05-29,027360,아주IB투자,foreign_buy_streak_2,"foreign_buy_streak_2,foreign_buy_2d_all,foreign_buy_vol_0_5pct,foreign_buy_vol_1pct,foreign_buy_vol_2pct",2,724717,1345355,159614,8.67,12090,2026-06-01,12090,0.00,11360,-6.04,8800,-27.21,7690,-36.39,4690,-61.21,하락 전환,"D+1(2026-06-01) 시가 +0.00%, 종가 -6.04%; D+5 -27.21%; D+10 -36.39%; D+20 -61.21%"
2026-05-29,222800,심텍,foreign_buy_streak_2,"foreign_buy_streak_2,foreign_buy_2d_all,foreign_buy_vol_0_5pct,foreign_buy_vol_1pct,foreign_buy_vol_2pct",2,94600,272119,227594,10.78,118100,2026-06-01,118500,0.34,100200,-15.16,100000,-15.33,134100,13.55,124300,5.25,상승 지속,"D+1(2026-06-01) 시가 +0.34%, 종가 -15.16%; D+5 -15.33%; D+10 +13.55%; D+20 +5.25%"
2026-05-29,058470,리노공업,foreign_buy_streak_5,"foreign_buy_streak_2,foreign_buy_streak_3,foreign_buy_2d_all,foreign_buy_3d_all,foreign_buy_vol_0_5pct,foreign_buy_vol_1pct,foreign_buy_vol_2pct",5,268485,579815,780095,25.69,97400,2026-06-01,99400,2.05,97300,-0.10,85100,-12.63,96800,-0.62,85300,-12.42,하락 전환,"D+1(2026-06-01) 시가 +2.05%, 종가 -0.10%; D+5 -12.63%; D+10 -0.62%; D+20 -12.42%"
2026-05-29,100790,미래에셋벤처투자,foreign_buy_streak_2,"foreign_buy_streak_2,foreign_buy_2d_all,foreign_buy_vol_0_5pct,foreign_buy_vol_1pct,foreign_buy_vol_2pct",2,233752,250473,-154649,11.99,49000,2026-06-01,48000,-2.04,43850,-10.51,38150,-22.14,30750,-37.24,19840,-59.51,하락 전환,"D+1(2026-06-01) 시가 -2.04%, 종가 -10.51%; D+5 -22.14%; D+10 -37.24%; D+20 -59.51%"
2026-05-29,077360,덕산하이메탈,foreign_buy_streak_2,"foreign_buy_streak_2,foreign_buy_2d_all,foreign_buy_vol_0_5pct,foreign_buy_vol_1pct,foreign_buy_vol_2pct",2,476851,648410,533727,7.36,12990,2026-06-01,13150,1.23,12250,-5.70,12990,0.00,14680,13.01,10930,-15.86,하락 전환,"D+1(2026-06-01) 시가 +1.23%, 종가 -5.70%; D+5 +0.00%; D+10 +13.01%; D+20 -15.86%"
2026-06-01,010120,LS ELECTRIC,foreign_buy_streak_3,"foreign_buy_streak_2,foreign_buy_streak_3,foreign_buy_2d_all,foreign_buy_3d_all,foreign_buy_vol_0_5pct,foreign_buy_vol_1pct,foreign_buy_vol_2pct",3,355872,514314,688438,15.42,267000,2026-06-02,266500,-0.19,241500,-9.55,219500,-17.79,257500,-3.56,238000,-10.86,하락 전환,"D+1(2026-06-02) 시가 -0.19%, 종가 -9.55%; D+5 -17.79%; D+10 -3.56%; D+20 -10.86%"
2026-06-01,108490,로보티즈,foreign_buy_streak_2,"foreign_buy_streak_2,foreign_buy_2d_all,foreign_buy_vol_0_5pct,foreign_buy_vol_1pct,foreign_buy_vol_2pct",2,168431,196766,170859,12.20,402500,2026-06-02,433000,7.58,405000,0.62,290000,-27.95,314000,-21.99,260000,-35.40,하락 전환,"D+1(2026-06-02) 시가 +7.58%, 종가 +0.62%; D+5 -27.95%; D+10 -21.99%; D+20 -35.40%"
2026-06-01,000150,두산,foreign_buy_streak_6,"foreign_buy_streak_2,foreign_buy_streak_3,foreign_buy_2d_all,foreign_buy_3d_all,foreign_buy_vol_0_5pct,foreign_buy_vol_1pct,foreign_buy_vol_2pct",6,29689,66079,73740,13.23,2203000,2026-06-02,2115000,-3.99,1918000,-12.94,1566000,-28.92,1699000,-22.88,1487000,-32.50,하락 전환,"D+1(2026-06-02) 시가 -3.99%, 종가 -12.94%; D+5 -28.92%; D+10 -22.88%; D+20 -32.50%"
2026-06-01,454910,두산로보틱스,foreign_buy_streak_2,"foreign_buy_streak_2,foreign_buy_2d_all,foreign_buy_vol_0_5pct,foreign_buy_vol_1pct,foreign_buy_vol_2pct",2,741633,788128,632531,20.96,138400,2026-06-02,165600,19.65,166700,20.45,116600,-15.75,109000,-21.24,90300,-34.75,하락 전환,"D+1(2026-06-02) 시가 +19.65%, 종가 +20.45%; D+5 -15.75%; D+10 -21.24%; D+20 -34.75%"
2026-06-01,373220,LG에너지솔루션,foreign_buy_streak_5,"foreign_buy_streak_2,foreign_buy_streak_3,foreign_buy_2d_all,foreign_buy_3d_all,foreign_buy_vol_0_5pct,foreign_buy_vol_1pct,foreign_buy_vol_2pct",5,133917,168153,262020,17.20,455000,2026-06-02,458500,0.77,442500,-2.75,396500,-12.86,410500,-9.78,362000,-20.44,하락 전환,"D+1(2026-06-02) 시가 +0.77%, 종가 -2.75%; D+5 -12.86%; D+10 -9.78%; D+20 -20.44%"
2026-06-01,080220,제주반도체,foreign_buy_streak_3,"foreign_buy_streak_2,foreign_buy_streak_3,foreign_buy_2d_all,foreign_buy_3d_all,foreign_buy_vol_0_5pct,foreign_buy_vol_1pct,foreign_buy_vol_2pct",3,258199,264644,330057,8.13,98500,2026-06-02,98400,-0.10,101000,2.54,100400,1.93,101200,2.74,103900,5.48,상승 지속,"D+1(2026-06-02) 시가 -0.10%, 종가 +2.54%; D+5 +1.93%; D+10 +2.74%; D+20 +5.48%"
2026-06-01,440110,파두,foreign_buy_streak_4,"foreign_buy_streak_2,foreign_buy_streak_3,foreign_buy_2d_all,foreign_buy_3d_all,foreign_buy_vol_0_5pct,foreign_buy_vol_1pct,foreign_buy_vol_2pct",4,305383,552034,1040333,16.48,111100,2026-06-02,111100,0.00,107100,-3.60,103200,-7.11,100900,-9.18,87500,-21.24,하락 전환,"D+1(2026-06-02) 시가 +0.00%, 종가 -3.60%; D+5 -7.11%; D+10 -9.18%; D+20 -21.24%"
2026-06-01,090710,휴림로봇,foreign_buy_streak_3,"foreign_buy_streak_2,foreign_buy_streak_3,foreign_buy_2d_all,foreign_buy_3d_all,foreign_buy_vol_0_5pct,foreign_buy_vol_1pct,foreign_buy_vol_2pct",3,942661,1421277,1589832,6.43,11170,2026-06-02,11400,2.06,10940,-2.06,10680,-4.39,11000,-1.52,8240,-26.23,하락 전환,"D+1(2026-06-02) 시가 +2.06%, 종가 -2.06%; D+5 -4.39%; D+10 -1.52%; D+20 -26.23%"
2026-06-01,222800,심텍,foreign_buy_streak_3,"foreign_buy_streak_2,foreign_buy_streak_3,foreign_buy_2d_all,foreign_buy_3d_all,foreign_buy_vol_0_5pct,foreign_buy_vol_1pct,foreign_buy_vol_2pct",3,95387,189987,367506,6.68,100200,2026-06-02,100300,0.10,104400,4.19,115100,14.87,126600,26.35,148700,48.40,상승 지속,"D+1(2026-06-02) 시가 +0.10%, 종가 +4.19%; D+5 +14.87%; D+10 +26.35%; D+20 +48.40%"
2026-06-01,403870,HPSP,foreign_buy_streak_3,"foreign_buy_streak_2,foreign_buy_streak_3,foreign_buy_2d_all,foreign_buy_3d_all,foreign_buy_vol_0_5pct,foreign_buy_vol_1pct,foreign_buy_vol_2pct",3,178164,427255,440430,6.33,46600,2026-06-02,46300,-0.64,44150,-5.26,57000,22.32,66300,42.27,54000,15.88,상승 지속,"D+1(2026-06-02) 시가 -0.64%, 종가 -5.26%; D+5 +22.32%; D+10 +42.27%; D+20 +15.88%"
2026-06-01,100790,미래에셋벤처투자,foreign_buy_streak_3,"foreign_buy_streak_2,foreign_buy_streak_3,foreign_buy_2d_all,foreign_buy_3d_all,foreign_buy_vol_0_5pct,foreign_buy_vol_1pct,foreign_buy_vol_2pct",3,599366,833118,849839,22.27,43850,2026-06-02,41050,-6.39,40450,-7.75,43700,-0.34,29800,-32.04,19410,-55.74,하락 전환,"D+1(2026-06-02) 시가 -6.39%, 종가 -7.75%; D+5 -0.34%; D+10 -32.04%; D+20 -55.74%"
2026-06-01,058470,리노공업,foreign_buy_streak_6,"foreign_buy_streak_2,foreign_buy_streak_3,foreign_buy_2d_all,foreign_buy_3d_all,foreign_buy_vol_0_5pct,foreign_buy_vol_1pct,foreign_buy_vol_2pct",6,111888,380373,691703,10.61,97300,2026-06-02,97400,0.10,92800,-4.62,99000,1.75,94700,-2.67,84000,-13.67,하락 전환,"D+1(2026-06-02) 시가 +0.10%, 종가 -4.62%; D+5 +1.75%; D+10 -2.67%; D+20 -13.67%"
2026-06-01,032820,우리기술,foreign_buy_streak_4,"foreign_buy_streak_2,foreign_buy_streak_3,foreign_buy_2d_all,foreign_buy_3d_all,foreign_buy_vol_0_5pct,foreign_buy_vol_1pct,foreign_buy_vol_2pct",4,417680,1394520,2401537,6.52,15540,2026-06-02,15540,0.00,14550,-6.37,13720,-11.71,15560,0.13,12200,-21.49,하락 전환,"D+1(2026-06-02) 시가 +0.00%, 종가 -6.37%; D+5 -11.71%; D+10 +0.13%; D+20 -21.49%"
2026-06-01,090360,로보스타,foreign_buy_streak_6,"foreign_buy_streak_2,foreign_buy_streak_3,foreign_buy_2d_all,foreign_buy_3d_all,foreign_buy_vol_0_5pct,foreign_buy_vol_1pct,foreign_buy_vol_2pct",6,107347,165802,183087,14.31,122200,2026-06-02,151400,23.90,158800,29.95,117700,-3.68,106500,-12.85,92600,-24.22,하락 전환,"D+1(2026-06-02) 시가 +23.90%, 종가 +29.95%; D+5 -3.68%; D+10 -12.85%; D+20 -24.22%"
2026-06-01,027360,아주IB투자,foreign_buy_streak_3,"foreign_buy_streak_2,foreign_buy_streak_3,foreign_buy_2d_all,foreign_buy_3d_all,foreign_buy_vol_0_5pct,foreign_buy_vol_1pct,foreign_buy_vol_2pct",3,518948,1243665,1864303,7.67,11360,2026-06-02,10900,-4.05,10320,-9.15,9410,-17.17,7330,-35.48,4820,-57.57,하락 전환,"D+1(2026-06-02) 시가 -4.05%, 종가 -9.15%; D+5 -17.17%; D+10 -35.48%; D+20 -57.57%"
2026-06-01,039030,이오테크닉스,foreign_buy_streak_7,"foreign_buy_streak_2,foreign_buy_streak_3,foreign_buy_2d_all,foreign_buy_3d_all,foreign_buy_vol_0_5pct,foreign_buy_vol_1pct,foreign_buy_vol_2pct",7,38340,80029,139589,22.88,450000,2026-06-02,447000,-0.67,432000,-4.00,432500,-3.89,495000,10.00,476000,5.78,상승 지속,"D+1(2026-06-02) 시가 -0.67%, 종가 -4.00%; D+5 -3.89%; D+10 +10.00%; D+20 +5.78%"
2026-06-02,402340,SK스퀘어,foreign_buy_streak_2,"foreign_buy_streak_2,foreign_buy_2d_all,foreign_buy_vol_0_5pct,foreign_buy_vol_1pct,foreign_buy_vol_2pct",2,255747,526562,469577,23.53,1346000,2026-06-04,1347000,0.07,1361000,1.11,1183000,-12.11,1596000,18.57,1757000,30.53,상승 지속,"D+1(2026-06-04) 시가 +0.07%, 종가 +1.11%; D+5 -12.11%; D+10 +18.57%; D+20 +30.53%"
2026-06-02,373220,LG에너지솔루션,foreign_buy_streak_6,"foreign_buy_streak_2,foreign_buy_streak_3,foreign_buy_2d_all,foreign_buy_3d_all,foreign_buy_vol_0_5pct,foreign_buy_vol_1pct,foreign_buy_vol_2pct",6,88259,222176,256412,5.90,442500,2026-06-04,448000,1.24,422000,-4.63,385500,-12.88,416000,-5.99,348000,-21.36,하락 전환,"D+1(2026-06-04) 시가 +1.24%, 종가 -4.63%; D+5 -12.88%; D+10 -5.99%; D+20 -21.36%"
2026-06-02,010170,대한광통신,foreign_buy_streak_2,"foreign_buy_streak_2,foreign_buy_2d_all,foreign_buy_vol_0_5pct,foreign_buy_vol_1pct",2,387405,2020214,1519542,1.87,19300,2026-06-04,20000,3.63,20300,5.18,16300,-15.54,18260,-5.39,13850,-28.24,하락 전환,"D+1(2026-06-04) 시가 +3.63%, 종가 +5.18%; D+5 -15.54%; D+10 -5.39%; D+20 -28.24%"
2026-06-02,012450,한화에어로스페이스,foreign_buy_streak_2,"foreign_buy_streak_2,foreign_buy_2d_all,foreign_buy_vol_0_5pct,foreign_buy_vol_1pct,foreign_buy_vol_2pct",2,11616,84663,69242,3.21,1070000,2026-06-04,1060000,-0.93,1068000,-0.19,1031000,-3.64,1224000,14.39,1091000,1.96,상승,"D+1(2026-06-04) 시가 -0.93%, 종가 -0.19%; D+5 -3.64%; D+10 +14.39%; D+20 +1.96%"
2026-06-02,000150,두산,foreign_buy_streak_7,"foreign_buy_streak_2,foreign_buy_streak_3,foreign_buy_2d_all,foreign_buy_3d_all,foreign_buy_vol_0_5pct,foreign_buy_vol_1pct,foreign_buy_vol_2pct",7,25186,54875,91265,13.56,1918000,2026-06-04,1844000,-3.86,1800000,-6.15,1584000,-17.41,1624000,-15.33,1590000,-17.10,하락 전환,"D+1(2026-06-04) 시가 -3.86%, 종가 -6.15%; D+5 -17.41%; D+10 -15.33%; D+20 -17.10%"
2026-06-02,032830,삼성생명,foreign_buy_streak_2,"foreign_buy_streak_2,foreign_buy_2d_all,foreign_buy_vol_0_5pct,foreign_buy_vol_1pct,foreign_buy_vol_2pct",2,38686,59990,28682,5.01,480000,2026-06-04,440000,-8.33,438000,-8.75,368000,-23.33,447000,-6.87,387000,-19.37,하락 전환,"D+1(2026-06-04) 시가 -8.33%, 종가 -8.75%; D+5 -23.33%; D+10 -6.87%; D+20 -19.37%"
2026-06-02,042700,한미반도체,foreign_buy_streak_2,"foreign_buy_streak_2,foreign_buy_2d_all,foreign_buy_vol_0_5pct,foreign_buy_vol_1pct,foreign_buy_vol_2pct",2,21620,52530,12767,2.01,275500,2026-06-04,281000,2.00,304000,10.34,270000,-2.00,319500,15.97,246500,-10.53,하락 전환,"D+1(2026-06-04) 시가 +2.00%, 종가 +10.34%; D+5 -2.00%; D+10 +15.97%; D+20 -10.53%"
2026-06-02,090360,로보스타,foreign_buy_streak_7,"foreign_buy_streak_2,foreign_buy_streak_3,foreign_buy_2d_all,foreign_buy_3d_all",7,32,107379,165834,0.00,158800,2026-06-04,137800,-13.22,139200,-12.34,103600,-34.76,103500,-34.82,86900,-45.28,하락 전환,"D+1(2026-06-04) 시가 -13.22%, 종가 -12.34%; D+5 -34.76%; D+10 -34.82%; D+20 -45.28%"
2026-06-02,347850,디앤디파마텍,foreign_buy_streak_2,"foreign_buy_streak_2,foreign_buy_2d_all,foreign_buy_vol_0_5pct",2,13472,16036,-144755,0.58,84100,2026-06-04,87100,3.57,94000,11.77,86900,3.33,108100,28.54,92400,9.87,상승 지속,"D+1(2026-06-04) 시가 +3.57%, 종가 +11.77%; D+5 +3.33%; D+10 +28.54%; D+20 +9.87%"
2026-06-02,080220,제주반도체,foreign_buy_streak_4,"foreign_buy_streak_2,foreign_buy_streak_3,foreign_buy_2d_all,foreign_buy_3d_all,foreign_buy_vol_0_5pct,foreign_buy_vol_1pct,foreign_buy_vol_2pct",4,244420,502619,509064,11.95,101000,2026-06-04,101000,0.00,107300,6.24,93500,-7.43,111500,10.40,103300,2.28,상승,"D+1(2026-06-04) 시가 +0.00%, 종가 +6.24%; D+5 -7.43%; D+10 +10.40%; D+20 +2.28%"
2026-06-02,403870,HPSP,foreign_buy_streak_4,"foreign_buy_streak_2,foreign_buy_streak_3,foreign_buy_2d_all,foreign_buy_3d_all,foreign_buy_vol_0_5pct,foreign_buy_vol_1pct,foreign_buy_vol_2pct",4,98960,277124,526215,3.47,44150,2026-06-04,44300,0.34,47500,7.59,53100,20.27,62800,42.24,50200,13.70,상승 지속,"D+1(2026-06-04) 시가 +0.34%, 종가 +7.59%; D+5 +20.27%; D+10 +42.24%; D+20 +13.70%"
2026-06-02,222800,심텍,foreign_buy_streak_4,"foreign_buy_streak_2,foreign_buy_streak_3,foreign_buy_2d_all,foreign_buy_3d_all,foreign_buy_vol_0_5pct",4,9318,104705,199305,0.76,104400,2026-06-04,106000,1.53,113400,8.62,109500,4.89,129900,24.43,157300,50.67,상승 지속,"D+1(2026-06-04) 시가 +1.53%, 종가 +8.62%; D+5 +4.89%; D+10 +24.43%; D+20 +50.67%"
2026-06-02,440110,파두,foreign_buy_streak_5,"foreign_buy_streak_2,foreign_buy_streak_3,foreign_buy_2d_all,foreign_buy_3d_all,foreign_buy_vol_0_5pct,foreign_buy_vol_1pct,foreign_buy_vol_2pct",5,371157,676540,923191,31.90,107100,2026-06-04,106600,-0.47,116000,8.31,99600,-7.00,106000,-1.03,82600,-22.88,하락 전환,"D+1(2026-06-04) 시가 -0.47%, 종가 +8.31%; D+5 -7.00%; D+10 -1.03%; D+20 -22.88%"
2026-06-02,100790,미래에셋벤처투자,foreign_buy_streak_4,"foreign_buy_streak_2,foreign_buy_streak_3,foreign_buy_2d_all,foreign_buy_3d_all,foreign_buy_vol_0_5pct,foreign_buy_vol_1pct,foreign_buy_vol_2pct",4,622052,1221418,1455170,21.91,40450,2026-06-04,41850,3.46,42950,6.18,39450,-2.47,27200,-32.76,19680,-51.35,하락 전환,"D+1(2026-06-04) 시가 +3.46%, 종가 +6.18%; D+5 -2.47%; D+10 -32.76%; D+20 -51.35%"
2026-06-02,027360,아주IB투자,foreign_buy_streak_4,"foreign_buy_streak_2,foreign_buy_streak_3,foreign_buy_2d_all,foreign_buy_3d_all,foreign_buy_vol_0_5pct,foreign_buy_vol_1pct,foreign_buy_vol_2pct",4,4634004,5152952,5877669,46.75,10320,2026-06-04,10680,3.49,10240,-0.78,8980,-12.98,6650,-35.56,5120,-50.39,하락 전환,"D+1(2026-06-04) 시가 +3.49%, 종가 -0.78%; D+5 -12.98%; D+10 -35.56%; D+20 -50.39%"
2026-06-02,058470,리노공업,foreign_buy_streak_7,"foreign_buy_streak_2,foreign_buy_streak_3,foreign_buy_2d_all,foreign_buy_3d_all,foreign_buy_vol_0_5pct,foreign_buy_vol_1pct,foreign_buy_vol_2pct",7,136784,248672,517157,13.07,92800,2026-06-04,94300,1.62,99600,7.33,93000,0.22,94700,2.05,81700,-11.96,하락 전환,"D+1(2026-06-04) 시가 +1.62%, 종가 +7.33%; D+5 +0.22%; D+10 +2.05%; D+20 -11.96%"
2026-06-02,007390,네이처셀,foreign_buy_streak_2,"foreign_buy_streak_2,foreign_buy_2d_all,foreign_buy_vol_0_5pct,foreign_buy_vol_1pct",2,49695,94038,59611,1.54,30750,2026-06-04,32650,6.18,34550,12.36,30800,0.16,32200,4.72,23150,-24.72,하락 전환,"D+1(2026-06-04) 시가 +6.18%, 종가 +12.36%; D+5 +0.16%; D+10 +4.72%; D+20 -24.72%"
2026-06-02,439960,코스모로보틱스,foreign_buy_streak_2,"foreign_buy_streak_2,foreign_buy_2d_all,foreign_buy_vol_0_5pct,foreign_buy_vol_1pct,foreign_buy_vol_2pct",2,66503,168399,142202,2.49,29300,2026-06-04,28000,-4.44,29050,-0.85,21950,-25.09,26500,-9.56,15360,-47.58,하락 전환,"D+1(2026-06-04) 시가 -4.44%, 종가 -0.85%; D+5 -25.09%; D+10 -9.56%; D+20 -47.58%"
2026-06-02,000250,삼천당제약,foreign_buy_streak_2,"foreign_buy_streak_2,foreign_buy_2d_all,foreign_buy_vol_0_5pct,foreign_buy_vol_1pct,foreign_buy_vol_2pct",2,45737,70960,-14799,17.64,302000,2026-06-04,293000,-2.98,309500,2.48,258500,-14.40,276500,-8.44,223500,-25.99,하락 전환,"D+1(2026-06-04) 시가 -2.98%, 종가 +2.48%; D+5 -14.40%; D+10 -8.44%; D+20 -25.99%"
2026-06-02,090710,휴림로봇,foreign_buy_streak_4,"foreign_buy_streak_2,foreign_buy_streak_3,foreign_buy_2d_all,foreign_buy_3d_all,foreign_buy_vol_0_5pct,foreign_buy_vol_1pct,foreign_buy_vol_2pct",4,188626,1131287,1609903,2.84,10940,2026-06-04,10790,-1.37,10440,-4.57,10460,-4.39,10970,0.27,8080,-26.14,하락 전환,"D+1(2026-06-04) 시가 -1.37%, 종가 -4.57%; D+5 -4.39%; D+10 +0.27%; D+20 -26.14%"
2026-06-02,039030,이오테크닉스,foreign_buy_streak_8,"foreign_buy_streak_2,foreign_buy_streak_3,foreign_buy_2d_all,foreign_buy_3d_all,foreign_buy_vol_0_5pct,foreign_buy_vol_1pct,foreign_buy_vol_2pct",8,17950,56290,97979,10.87,432000,2026-06-04,451000,4.40,496000,14.81,438000,1.39,508000,17.59,435000,0.69,상승,"D+1(2026-06-04) 시가 +4.40%, 종가 +14.81%; D+5 +1.39%; D+10 +17.59%; D+20 +0.69%"
2026-06-02,141080,리가켐바이오,foreign_buy_streak_2,"foreign_buy_streak_2,foreign_buy_2d_all,foreign_buy_vol_0_5pct,foreign_buy_vol_1pct,foreign_buy_vol_2pct",2,11052,83667,62399,2.37,147700,2026-06-04,150400,1.83,145600,-1.42,130900,-11.37,146100,-1.08,150000,1.56,상승,"D+1(2026-06-04) 시가 +1.83%, 종가 -1.42%; D+5 -11.37%; D+10 -1.08%; D+20 +1.56%"
2026-06-02,032820,우리기술,foreign_buy_streak_5,"foreign_buy_streak_2,foreign_buy_streak_3,foreign_buy_2d_all,foreign_buy_3d_all,foreign_buy_vol_0_5pct,foreign_buy_vol_1pct,foreign_buy_vol_2pct",5,490734,908414,1885254,10.51,14550,2026-06-04,14550,0.00,15690,7.84,13200,-9.28,15550,6.87,12550,-13.75,하락 전환,"D+1(2026-06-04) 시가 +0.00%, 종가 +7.84%; D+5 -9.28%; D+10 +6.87%; D+20 -13.75%"
2026-06-04,402340,SK스퀘어,foreign_buy_streak_3,"foreign_buy_streak_2,foreign_buy_streak_3,foreign_buy_2d_all,foreign_buy_3d_all,foreign_buy_vol_0_5pct,foreign_buy_vol_1pct,foreign_buy_vol_2pct",3,34734,290481,561296,4.05,1361000,2026-06-05,1332000,-2.13,1258000,-7.57,1228000,-9.77,1700000,24.91,1525000,12.05,상승 지속,"D+1(2026-06-05) 시가 -2.13%, 종가 -7.57%; D+5 -9.77%; D+10 +24.91%; D+20 +12.05%"
2026-06-04,042700,한미반도체,foreign_buy_streak_3,"foreign_buy_streak_2,foreign_buy_streak_3,foreign_buy_2d_all,foreign_buy_3d_all,foreign_buy_vol_0_5pct,foreign_buy_vol_1pct,foreign_buy_vol_2pct",3,222173,243793,274703,9.28,304000,2026-06-05,294000,-3.29,283000,-6.91,291000,-4.28,315500,3.78,219500,-27.80,하락 전환,"D+1(2026-06-05) 시가 -3.29%, 종가 -6.91%; D+5 -4.28%; D+10 +3.78%; D+20 -27.80%"
2026-06-04,028260,삼성물산,foreign_buy_streak_2,"foreign_buy_streak_2,foreign_buy_2d_all,foreign_buy_vol_0_5pct,foreign_buy_vol_1pct,foreign_buy_vol_2pct",2,53375,80971,78597,4.01,535000,2026-06-05,504000,-5.79,460500,-13.93,410000,-23.36,485500,-9.25,406500,-24.02,하락 전환,"D+1(2026-06-05) 시가 -5.79%, 종가 -13.93%; D+5 -23.36%; D+10 -9.25%; D+20 -24.02%"
2026-06-04,043260,성호전자,foreign_buy_streak_2,"foreign_buy_streak_2,foreign_buy_2d_all",2,44081,540396,270282,0.34,51400,2026-06-05,49500,-3.70,48800,-5.06,45550,-11.38,40000,-22.18,21900,-57.39,하락 전환,"D+1(2026-06-05) 시가 -3.70%, 종가 -5.06%; D+5 -11.38%; D+10 -22.18%; D+20 -57.39%"
2026-06-04,105560,KB금융,foreign_buy_streak_3,"foreign_buy_streak_2,foreign_buy_streak_3,foreign_buy_2d_all,foreign_buy_3d_all,foreign_buy_vol_0_5pct,foreign_buy_vol_1pct,foreign_buy_vol_2pct",3,312802,369341,499475,14.60,164200,2026-06-05,171500,4.45,171600,4.51,151500,-7.73,163100,-0.67,165000,0.49,상승,"D+1(2026-06-05) 시가 +4.45%, 종가 +4.51%; D+5 -7.73%; D+10 -0.67%; D+20 +0.49%"
2026-06-04,000810,삼성화재,foreign_buy_streak_3,"foreign_buy_streak_2,foreign_buy_streak_3,foreign_buy_2d_all,foreign_buy_3d_all,foreign_buy_vol_0_5pct,foreign_buy_vol_1pct,foreign_buy_vol_2pct",3,28109,42486,56928,6.33,730000,2026-06-05,705000,-3.42,695000,-4.79,663000,-9.18,700000,-4.11,614000,-15.89,하락 전환,"D+1(2026-06-05) 시가 -3.42%, 종가 -4.79%; D+5 -9.18%; D+10 -4.11%; D+20 -15.89%"
2026-06-04,000150,두산,foreign_buy_streak_8,"foreign_buy_streak_2,foreign_buy_streak_3,foreign_buy_2d_all,foreign_buy_3d_all,foreign_buy_vol_0_5pct,foreign_buy_vol_1pct,foreign_buy_vol_2pct",8,26384,51570,81259,22.34,1800000,2026-06-05,1748000,-2.89,1740000,-3.33,1621000,-9.94,1634000,-9.22,1447000,-19.61,하락 전환,"D+1(2026-06-05) 시가 -2.89%, 종가 -3.33%; D+5 -9.94%; D+10 -9.22%; D+20 -19.61%"
2026-06-04,347850,디앤디파마텍,foreign_buy_streak_3,"foreign_buy_streak_2,foreign_buy_streak_3,foreign_buy_2d_all,foreign_buy_3d_all,foreign_buy_vol_0_5pct,foreign_buy_vol_1pct,foreign_buy_vol_2pct",3,115563,129035,131599,5.93,94000,2026-06-05,95900,2.02,92300,-1.81,94400,0.43,108300,15.21,86700,-7.77,하락 전환,"D+1(2026-06-05) 시가 +2.02%, 종가 -1.81%; D+5 +0.43%; D+10 +15.21%; D+20 -7.77%"
2026-06-04,090360,로보스타,foreign_buy_streak_8,"foreign_buy_streak_2,foreign_buy_streak_3,foreign_buy_2d_all,foreign_buy_3d_all,foreign_buy_vol_0_5pct,foreign_buy_vol_1pct,foreign_buy_vol_2pct",8,82085,82117,189464,7.36,139200,2026-06-05,129900,-6.68,148100,6.39,106300,-23.64,103700,-25.50,79900,-42.60,하락 전환,"D+1(2026-06-05) 시가 -6.68%, 종가 +6.39%; D+5 -23.64%; D+10 -25.50%; D+20 -42.60%"
2026-06-04,440110,파두,foreign_buy_streak_6,"foreign_buy_streak_2,foreign_buy_streak_3,foreign_buy_2d_all,foreign_buy_3d_all,foreign_buy_vol_0_5pct,foreign_buy_vol_1pct,foreign_buy_vol_2pct",6,148639,519796,825179,11.45,116000,2026-06-05,113200,-2.41,109800,-5.34,99300,-14.40,104000,-10.34,76000,-34.48,하락 전환,"D+1(2026-06-05) 시가 -2.41%, 종가 -5.34%; D+5 -14.40%; D+10 -10.34%; D+20 -34.48%"
2026-06-04,240810,원익IPS,foreign_buy_streak_6,"foreign_buy_streak_2,foreign_buy_streak_3,foreign_buy_2d_all,foreign_buy_3d_all,foreign_buy_vol_0_5pct,foreign_buy_vol_1pct,foreign_buy_vol_2pct",6,128918,187652,352387,10.81,127200,2026-06-05,115500,-9.20,132700,4.32,141000,10.85,163200,28.30,131600,3.46,상승,"D+1(2026-06-05) 시가 -9.20%, 종가 +4.32%; D+5 +10.85%; D+10 +28.30%; D+20 +3.46%"
2026-06-04,039030,이오테크닉스,foreign_buy_streak_9,"foreign_buy_streak_2,foreign_buy_streak_3,foreign_buy_2d_all,foreign_buy_3d_all,foreign_buy_vol_0_5pct,foreign_buy_vol_1pct,foreign_buy_vol_2pct",9,35613,53563,91903,14.17,496000,2026-06-05,481000,-3.02,478000,-3.63,504000,1.61,508000,2.42,384500,-22.48,하락 전환,"D+1(2026-06-05) 시가 -3.02%, 종가 -3.63%; D+5 +1.61%; D+10 +2.42%; D+20 -22.48%"
2026-06-04,222800,심텍,foreign_buy_streak_5,"foreign_buy_streak_2,foreign_buy_streak_3,foreign_buy_2d_all,foreign_buy_3d_all,foreign_buy_vol_0_5pct,foreign_buy_vol_1pct,foreign_buy_vol_2pct",5,28087,37405,132792,2.84,113400,2026-06-05,100000,-11.82,103000,-9.17,133300,17.55,127500,12.43,124700,9.96,상승 지속,"D+1(2026-06-05) 시가 -11.82%, 종가 -9.17%; D+5 +17.55%; D+10 +12.43%; D+20 +9.96%"
2026-06-04,032820,우리기술,foreign_buy_streak_6,"foreign_buy_streak_2,foreign_buy_streak_3,foreign_buy_2d_all,foreign_buy_3d_all,foreign_buy_vol_0_5pct,foreign_buy_vol_1pct",6,87977,578711,996391,1.47,15690,2026-06-05,15690,0.00,14200,-9.50,13520,-13.83,14780,-5.80,11250,-28.30,하락 전환,"D+1(2026-06-05) 시가 +0.00%, 종가 -9.50%; D+5 -13.83%; D+10 -5.80%; D+20 -28.30%"
2026-06-04,089970,브이엠,foreign_buy_streak_10,"foreign_buy_streak_2,foreign_buy_streak_3,foreign_buy_2d_all,foreign_buy_3d_all,foreign_buy_vol_0_5pct,foreign_buy_vol_1pct,foreign_buy_vol_2pct",10,146315,222282,325218,11.92,69500,2026-06-05,67000,-3.60,68000,-2.16,85100,22.45,93500,34.53,99500,43.17,상승 지속,"D+1(2026-06-05) 시가 -3.60%, 종가 -2.16%; D+5 +22.45%; D+10 +34.53%; D+20 +43.17%"
2026-06-04,000250,삼천당제약,foreign_buy_streak_3,"foreign_buy_streak_2,foreign_buy_streak_3,foreign_buy_2d_all,foreign_buy_3d_all,foreign_buy_vol_0_5pct,foreign_buy_vol_1pct,foreign_buy_vol_2pct",3,23961,69698,94921,9.71,309500,2026-06-05,312000,0.81,292000,-5.65,263000,-15.02,263000,-15.02,204000,-34.09,하락 전환,"D+1(2026-06-05) 시가 +0.81%, 종가 -5.65%; D+5 -15.02%; D+10 -15.02%; D+20 -34.09%"
2026-06-04,089030,테크윙,foreign_buy_streak_2,"foreign_buy_streak_2,foreign_buy_2d_all,foreign_buy_vol_0_5pct,foreign_buy_vol_1pct,foreign_buy_vol_2pct",2,71734,88499,82750,5.15,53700,2026-06-05,51300,-4.47,54700,1.86,61100,13.78,60500,12.66,47450,-11.64,하락 전환,"D+1(2026-06-05) 시가 -4.47%, 종가 +1.86%; D+5 +13.78%; D+10 +12.66%; D+20 -11.64%"
2026-06-04,031330,에스에이엠티,foreign_buy_streak_5,"foreign_buy_streak_2,foreign_buy_streak_3,foreign_buy_2d_all,foreign_buy_3d_all,foreign_buy_vol_0_5pct,foreign_buy_vol_1pct,foreign_buy_vol_2pct",5,230423,253029,352492,6.07,18860,2026-06-05,17700,-6.15,15940,-15.48,15090,-19.99,15950,-15.43,10620,-43.69,하락 전환,"D+1(2026-06-05) 시가 -6.15%, 종가 -15.48%; D+5 -19.99%; D+10 -15.43%; D+20 -43.69%"
2026-06-05,402340,SK스퀘어,foreign_buy_streak_4,"foreign_buy_streak_2,foreign_buy_streak_3,foreign_buy_2d_all,foreign_buy_3d_all,foreign_buy_vol_0_5pct,foreign_buy_vol_1pct,foreign_buy_vol_2pct",4,40876,75610,331357,4.63,1258000,2026-06-08,1110000,-11.76,1118000,-11.13,1358000,7.95,1780000,41.49,1589000,26.31,상승 지속,"D+1(2026-06-08) 시가 -11.76%, 종가 -11.13%; D+5 +7.95%; D+10 +41.49%; D+20 +26.31%"
2026-06-05,105560,KB금융,foreign_buy_streak_4,"foreign_buy_streak_2,foreign_buy_streak_3,foreign_buy_2d_all,foreign_buy_3d_all,foreign_buy_vol_0_5pct,foreign_buy_vol_1pct,foreign_buy_vol_2pct",4,129367,442169,498708,4.38,171600,2026-06-08,168900,-1.57,151500,-11.71,161200,-6.06,158300,-7.75,170100,-0.87,보합,"D+1(2026-06-08) 시가 -1.57%, 종가 -11.71%; D+5 -6.06%; D+10 -7.75%; D+20 -0.87%"
2026-06-05,055550,신한지주,foreign_buy_streak_7,"foreign_buy_streak_2,foreign_buy_streak_3,foreign_buy_2d_all,foreign_buy_3d_all,foreign_buy_vol_0_5pct,foreign_buy_vol_1pct,foreign_buy_vol_2pct",7,319164,400114,514038,8.84,107500,2026-06-08,104700,-2.60,97100,-9.67,99600,-7.35,100900,-6.14,107300,-0.19,보합,"D+1(2026-06-08) 시가 -2.60%, 종가 -9.67%; D+5 -7.35%; D+10 -6.14%; D+20 -0.19%"
2026-06-05,064400,LG씨엔에스,foreign_buy_streak_2,"foreign_buy_streak_2,foreign_buy_2d_all,foreign_buy_vol_0_5pct,foreign_buy_vol_1pct,foreign_buy_vol_2pct",2,153245,297145,-227979,5.97,117500,2026-06-08,99000,-15.74,106500,-9.36,92800,-21.02,85800,-26.98,74200,-36.85,하락 전환,"D+1(2026-06-08) 시가 -15.74%, 종가 -9.36%; D+5 -21.02%; D+10 -26.98%; D+20 -36.85%"
2026-06-05,043260,성호전자,foreign_buy_streak_3,"foreign_buy_streak_2,foreign_buy_streak_3,foreign_buy_2d_all,foreign_buy_3d_all,foreign_buy_vol_0_5pct",3,53638,97719,594034,0.89,48800,2026-06-08,43900,-10.04,41700,-14.55,46650,-4.41,38150,-21.82,22100,-54.71,하락 전환,"D+1(2026-06-08) 시가 -10.04%, 종가 -14.55%; D+5 -4.41%; D+10 -21.82%; D+20 -54.71%"
2026-06-05,000810,삼성화재,foreign_buy_streak_4,"foreign_buy_streak_2,foreign_buy_streak_3,foreign_buy_2d_all,foreign_buy_3d_all,foreign_buy_vol_0_5pct,foreign_buy_vol_1pct,foreign_buy_vol_2pct",4,17114,45223,59600,4.99,695000,2026-06-08,673000,-3.17,670000,-3.60,654000,-5.90,700000,0.72,638000,-8.20,하락 전환,"D+1(2026-06-08) 시가 -3.17%, 종가 -3.60%; D+5 -5.90%; D+10 +0.72%; D+20 -8.20%"
2026-06-05,000150,두산,foreign_buy_streak_9,"foreign_buy_streak_2,foreign_buy_streak_3,foreign_buy_2d_all,foreign_buy_3d_all,foreign_buy_vol_0_5pct,foreign_buy_vol_1pct,foreign_buy_vol_2pct",9,14353,40737,65923,10.80,1740000,2026-06-08,1560000,-10.34,1578000,-9.31,1896000,8.97,1631000,-6.26,1433000,-17.64,하락 전환,"D+1(2026-06-08) 시가 -10.34%, 종가 -9.31%; D+5 +8.97%; D+10 -6.26%; D+20 -17.64%"
2026-06-05,001820,삼화콘덴서,foreign_buy_streak_3,"foreign_buy_streak_2,foreign_buy_streak_3,foreign_buy_2d_all,foreign_buy_3d_all,foreign_buy_vol_0_5pct,foreign_buy_vol_1pct",3,29959,44299,184711,1.93,111800,2026-06-08,96000,-14.13,109200,-2.33,128200,14.67,171500,53.40,119300,6.71,상승 지속,"D+1(2026-06-08) 시가 -14.13%, 종가 -2.33%; D+5 +14.67%; D+10 +53.40%; D+20 +6.71%"
2026-06-05,178320,서진시스템,foreign_buy_streak_2,"foreign_buy_streak_2,foreign_buy_2d_all,foreign_buy_vol_0_5pct,foreign_buy_vol_1pct,foreign_buy_vol_2pct",2,286669,469896,447285,11.36,70100,2026-06-08,64300,-8.27,65000,-7.28,75100,7.13,67500,-3.71,50900,-27.39,하락 전환,"D+1(2026-06-08) 시가 -8.27%, 종가 -7.28%; D+5 +7.13%; D+10 -3.71%; D+20 -27.39%"
2026-06-05,089030,테크윙,foreign_buy_streak_3,"foreign_buy_streak_2,foreign_buy_streak_3,foreign_buy_2d_all,foreign_buy_3d_all,foreign_buy_vol_0_5pct,foreign_buy_vol_1pct,foreign_buy_vol_2pct",3,86323,158057,174822,4.42,54700,2026-06-08,50500,-7.68,49350,-9.78,65300,19.38,60200,10.05,46600,-14.81,하락 전환,"D+1(2026-06-08) 시가 -7.68%, 종가 -9.78%; D+5 +19.38%; D+10 +10.05%; D+20 -14.81%"
2026-06-05,242040,나무기술,foreign_buy_streak_2,"foreign_buy_streak_2,foreign_buy_2d_all,foreign_buy_vol_0_5pct,foreign_buy_vol_1pct,foreign_buy_vol_2pct",2,244110,463640,424705,2.40,8570,2026-06-08,7830,-8.63,8400,-1.98,7950,-7.23,6040,-29.52,4705,-45.10,하락 전환,"D+1(2026-06-08) 시가 -8.63%, 종가 -1.98%; D+5 -7.23%; D+10 -29.52%; D+20 -45.10%"
2026-06-08,402340,SK스퀘어,foreign_buy_streak_5,"foreign_buy_streak_2,foreign_buy_streak_3,foreign_buy_2d_all,foreign_buy_3d_all,foreign_buy_vol_0_5pct",5,7021,47897,82631,0.80,1118000,2026-06-09,1173000,4.92,1269000,13.51,1413000,26.39,1970000,76.21,1495000,33.72,상승 지속,"D+1(2026-06-09) 시가 +4.92%, 종가 +13.51%; D+5 +26.39%; D+10 +76.21%; D+20 +33.72%"
2026-06-08,001740,SK네트웍스,foreign_buy_streak_2,"foreign_buy_streak_2,foreign_buy_2d_all,foreign_buy_vol_0_5pct,foreign_buy_vol_1pct,foreign_buy_vol_2pct",2,2536043,2718860,2537486,4.49,14170,2026-06-09,15360,8.40,14290,0.85,12850,-9.32,10150,-28.37,9060,-36.06,하락 전환,"D+1(2026-06-09) 시가 +8.40%, 종가 +0.85%; D+5 -9.32%; D+10 -28.37%; D+20 -36.06%"
2026-06-08,006400,삼성SDI,foreign_buy_streak_2,"foreign_buy_streak_2,foreign_buy_2d_all,foreign_buy_vol_0_5pct,foreign_buy_vol_1pct,foreign_buy_vol_2pct",2,133751,205402,177443,21.40,503000,2026-06-09,516000,2.58,515000,2.39,553000,9.94,533000,5.96,451500,-10.24,하락 전환,"D+1(2026-06-09) 시가 +2.58%, 종가 +2.39%; D+5 +9.94%; D+10 +5.96%; D+20 -10.24%"
2026-06-08,064400,LG씨엔에스,foreign_buy_streak_3,"foreign_buy_streak_2,foreign_buy_streak_3,foreign_buy_2d_all,foreign_buy_3d_all,foreign_buy_vol_0_5pct,foreign_buy_vol_1pct,foreign_buy_vol_2pct",3,449645,602890,746790,17.73,106500,2026-06-09,109100,2.44,99000,-7.04,96600,-9.30,89500,-15.96,74000,-30.52,하락 전환,"D+1(2026-06-09) 시가 +2.44%, 종가 -7.04%; D+5 -9.30%; D+10 -15.96%; D+20 -30.52%"
2026-06-08,329180,HD현대중공업,foreign_buy_streak_2,"foreign_buy_streak_2,foreign_buy_2d_all,foreign_buy_vol_0_5pct,foreign_buy_vol_1pct,foreign_buy_vol_2pct",2,62405,106323,39110,15.55,621000,2026-06-09,625000,0.64,612000,-1.45,714000,14.98,636000,2.42,583000,-6.12,하락 전환,"D+1(2026-06-09) 시가 +0.64%, 종가 -1.45%; D+5 +14.98%; D+10 +2.42%; D+20 -6.12%"
2026-06-08,012450,한화에어로스페이스,foreign_buy_streak_2,"foreign_buy_streak_2,foreign_buy_2d_all,foreign_buy_vol_0_5pct,foreign_buy_vol_1pct,foreign_buy_vol_2pct",2,23256,27089,14905,10.42,1006000,2026-06-09,1058000,5.17,1016000,0.99,1084000,7.75,1125000,11.83,1159000,15.21,상승 지속,"D+1(2026-06-09) 시가 +5.17%, 종가 +0.99%; D+5 +7.75%; D+10 +11.83%; D+20 +15.21%"
2026-06-08,403870,HPSP,foreign_buy_streak_2,"foreign_buy_streak_2,foreign_buy_2d_all,foreign_buy_vol_0_5pct,foreign_buy_vol_1pct",2,75867,688362,496362,1.71,47150,2026-06-09,49300,4.56,57000,20.89,83500,77.09,60000,27.25,44500,-5.62,하락 전환,"D+1(2026-06-09) 시가 +4.56%, 종가 +20.89%; D+5 +77.09%; D+10 +27.25%; D+20 -5.62%"
2026-06-08,000150,두산,foreign_buy_streak_10,"foreign_buy_streak_2,foreign_buy_streak_3,foreign_buy_2d_all,foreign_buy_3d_all,foreign_buy_vol_0_5pct,foreign_buy_vol_1pct,foreign_buy_vol_2pct",10,10672,25025,51409,8.14,1578000,2026-06-09,1688000,6.97,1566000,-0.76,1709000,8.30,1631000,3.36,1410000,-10.65,하락 전환,"D+1(2026-06-09) 시가 +6.97%, 종가 -0.76%; D+5 +8.30%; D+10 +3.36%; D+20 -10.65%"
2026-06-08,000270,기아,foreign_buy_streak_2,"foreign_buy_streak_2,foreign_buy_2d_all,foreign_buy_vol_0_5pct,foreign_buy_vol_1pct,foreign_buy_vol_2pct",2,87886,110440,-12775,6.73,151400,2026-06-09,155900,2.97,164300,8.52,167500,10.63,151400,0.00,160700,6.14,상승 지속,"D+1(2026-06-09) 시가 +2.97%, 종가 +8.52%; D+5 +10.63%; D+10 +0.00%; D+20 +6.14%"
2026-06-08,010170,대한광통신,foreign_buy_streak_2,"foreign_buy_streak_2,foreign_buy_2d_all,foreign_buy_vol_0_5pct,foreign_buy_vol_1pct,foreign_buy_vol_2pct",2,514171,784433,-493989,5.13,16580,2026-06-09,18060,8.93,18340,10.62,18960,14.35,15900,-4.10,11330,-31.66,하락 전환,"D+1(2026-06-09) 시가 +8.93%, 종가 +10.62%; D+5 +14.35%; D+10 -4.10%; D+20 -31.66%"
2026-06-08,373220,LG에너지솔루션,foreign_buy_streak_2,"foreign_buy_streak_2,foreign_buy_2d_all,foreign_buy_vol_0_5pct,foreign_buy_vol_1pct,foreign_buy_vol_2pct",2,46035,68910,-564,10.89,388500,2026-06-09,393500,1.29,396500,2.06,420500,8.24,385500,-0.77,354500,-8.75,하락 전환,"D+1(2026-06-09) 시가 +1.29%, 종가 +2.06%; D+5 +8.24%; D+10 -0.77%; D+20 -8.75%"
2026-06-08,018260,삼성에스디에스,foreign_buy_streak_3,"foreign_buy_streak_2,foreign_buy_streak_3,foreign_buy_2d_all,foreign_buy_3d_all,foreign_buy_vol_0_5pct,foreign_buy_vol_1pct,foreign_buy_vol_2pct",3,34684,121547,133652,5.13,236000,2026-06-09,259500,9.96,252500,6.99,239500,1.48,208500,-11.65,193300,-18.09,하락 전환,"D+1(2026-06-09) 시가 +9.96%, 종가 +6.99%; D+5 +1.48%; D+10 -11.65%; D+20 -18.09%"
2026-06-08,298040,효성중공업,foreign_buy_streak_3,"foreign_buy_streak_2,foreign_buy_streak_3,foreign_buy_2d_all,foreign_buy_3d_all",3,147,5101,8280,0.31,3196000,2026-06-09,3350000,4.82,3467000,8.48,3752000,17.40,3834000,19.96,3117000,-2.47,보합,"D+1(2026-06-09) 시가 +4.82%, 종가 +8.48%; D+5 +17.40%; D+10 +19.96%; D+20 -2.47%"
2026-06-08,005490,POSCO홀딩스,foreign_buy_streak_5,"foreign_buy_streak_2,foreign_buy_streak_3,foreign_buy_2d_all,foreign_buy_3d_all,foreign_buy_vol_0_5pct,foreign_buy_vol_1pct,foreign_buy_vol_2pct",5,25672,82070,134743,6.24,359000,2026-06-09,366000,1.95,364500,1.53,395000,10.03,346500,-3.48,321500,-10.45,하락 전환,"D+1(2026-06-09) 시가 +1.95%, 종가 +1.53%; D+5 +10.03%; D+10 -3.48%; D+20 -10.45%"
2026-06-08,178320,서진시스템,foreign_buy_streak_3,"foreign_buy_streak_2,foreign_buy_streak_3,foreign_buy_2d_all,foreign_buy_3d_all,foreign_buy_vol_0_5pct,foreign_buy_vol_1pct,foreign_buy_vol_2pct",3,53310,339979,523206,4.75,65000,2026-06-09,65600,0.92,73600,13.23,78200,20.31,66400,2.15,46950,-27.77,하락 전환,"D+1(2026-06-09) 시가 +0.92%, 종가 +13.23%; D+5 +20.31%; D+10 +2.15%; D+20 -27.77%"
2026-06-08,141080,리가켐바이오,foreign_buy_streak_2,"foreign_buy_streak_2,foreign_buy_2d_all,foreign_buy_vol_0_5pct,foreign_buy_vol_1pct,foreign_buy_vol_2pct",2,211010,236357,186663,39.83,116500,2026-06-09,117000,0.43,128000,9.87,132800,13.99,133900,14.94,127800,9.70,상승 지속,"D+1(2026-06-09) 시가 +0.43%, 종가 +9.87%; D+5 +13.99%; D+10 +14.94%; D+20 +9.70%"
2026-06-09,402340,SK스퀘어,foreign_buy_streak_6,"foreign_buy_streak_2,foreign_buy_streak_3,foreign_buy_2d_all,foreign_buy_3d_all,foreign_buy_vol_0_5pct,foreign_buy_vol_1pct,foreign_buy_vol_2pct",6,38142,45163,86039,4.49,1269000,2026-06-10,1210000,-4.65,1183000,-6.78,1501000,18.28,1832000,44.37,1356000,6.86,상승 지속,"D+1(2026-06-10) 시가 -4.65%, 종가 -6.78%; D+5 +18.28%; D+10 +44.37%; D+20 +6.86%"
2026-06-09,001740,SK네트웍스,foreign_buy_streak_3,"foreign_buy_streak_2,foreign_buy_streak_3,foreign_buy_2d_all,foreign_buy_3d_all,foreign_buy_vol_0_5pct,foreign_buy_vol_1pct",3,743697,3279740,3462557,1.37,14290,2026-06-10,14330,0.28,12950,-9.38,12000,-16.03,9690,-32.19,9130,-36.11,하락 전환,"D+1(2026-06-10) 시가 +0.28%, 종가 -9.38%; D+5 -16.03%; D+10 -32.19%; D+20 -36.11%"
2026-06-09,403870,HPSP,foreign_buy_streak_3,"foreign_buy_streak_2,foreign_buy_streak_3,foreign_buy_2d_all,foreign_buy_3d_all,foreign_buy_vol_0_5pct,foreign_buy_vol_1pct,foreign_buy_vol_2pct",3,1549353,1625220,2237715,14.05,57000,2026-06-10,55900,-1.93,53100,-6.84,66300,16.32,53000,-7.02,41500,-27.19,하락 전환,"D+1(2026-06-10) 시가 -1.93%, 종가 -6.84%; D+5 +16.32%; D+10 -7.02%; D+20 -27.19%"
2026-06-09,000270,기아,foreign_buy_streak_3,"foreign_buy_streak_2,foreign_buy_streak_3,foreign_buy_2d_all,foreign_buy_3d_all,foreign_buy_vol_0_5pct,foreign_buy_vol_1pct,foreign_buy_vol_2pct",3,654673,742559,765113,28.08,164300,2026-06-10,162000,-1.40,159700,-2.80,170200,3.59,137400,-16.37,153700,-6.45,하락 전환,"D+1(2026-06-10) 시가 -1.40%, 종가 -2.80%; D+5 +3.59%; D+10 -16.37%; D+20 -6.45%"
2026-06-09,064400,LG씨엔에스,foreign_buy_streak_4,"foreign_buy_streak_2,foreign_buy_streak_3,foreign_buy_2d_all,foreign_buy_3d_all,foreign_buy_vol_0_5pct,foreign_buy_vol_1pct",4,39422,489067,642312,1.21,99000,2026-06-10,96300,-2.73,93800,-5.25,92900,-6.16,80000,-19.19,74000,-25.25,하락 전환,"D+1(2026-06-10) 시가 -2.73%, 종가 -5.25%; D+5 -6.16%; D+10 -19.19%; D+20 -25.25%"
2026-06-09,006400,삼성SDI,foreign_buy_streak_3,"foreign_buy_streak_2,foreign_buy_streak_3,foreign_buy_2d_all,foreign_buy_3d_all,foreign_buy_vol_0_5pct,foreign_buy_vol_1pct,foreign_buy_vol_2pct",3,65565,199316,270967,11.10,515000,2026-06-10,509000,-1.17,496500,-3.59,549000,6.60,469000,-8.93,445000,-13.59,하락 전환,"D+1(2026-06-10) 시가 -1.17%, 종가 -3.59%; D+5 +6.60%; D+10 -8.93%; D+20 -13.59%"
2026-06-09,196170,알테오젠,foreign_buy_streak_2,"foreign_buy_streak_2,foreign_buy_2d_all,foreign_buy_vol_0_5pct,foreign_buy_vol_1pct,foreign_buy_vol_2pct",2,129702,141068,132844,17.48,326500,2026-06-10,245070,-24.94,242377,-25.77,271232,-16.93,256227,-21.52,259690,-20.46,하락 전환,"D+1(2026-06-10) 시가 -24.94%, 종가 -25.77%; D+5 -16.93%; D+10 -21.52%; D+20 -20.46%"
2026-06-09,012450,한화에어로스페이스,foreign_buy_streak_3,"foreign_buy_streak_2,foreign_buy_streak_3,foreign_buy_2d_all,foreign_buy_3d_all,foreign_buy_vol_0_5pct,foreign_buy_vol_1pct,foreign_buy_vol_2pct",3,29159,52415,56248,14.46,1016000,2026-06-10,1038000,2.17,1031000,1.48,1183000,16.44,1073000,5.61,1122000,10.43,상승 지속,"D+1(2026-06-10) 시가 +2.17%, 종가 +1.48%; D+5 +16.44%; D+10 +5.61%; D+20 +10.43%"
2026-06-09,079550,LIG디펜스앤에어로스페이스,foreign_buy_streak_3,"foreign_buy_streak_2,foreign_buy_streak_3,foreign_buy_2d_all,foreign_buy_3d_all,foreign_buy_vol_0_5pct,foreign_buy_vol_1pct,foreign_buy_vol_2pct",3,56430,117503,138085,20.51,725000,2026-06-10,736000,1.52,790000,8.97,1002000,38.21,809000,11.59,799000,10.21,상승 지속,"D+1(2026-06-10) 시가 +1.52%, 종가 +8.97%; D+5 +38.21%; D+10 +11.59%; D+20 +10.21%"
2026-06-09,440110,파두,foreign_buy_streak_2,"foreign_buy_streak_2,foreign_buy_2d_all,foreign_buy_vol_0_5pct,foreign_buy_vol_1pct",2,18069,187086,186622,1.33,103200,2026-06-10,102800,-0.39,99600,-3.49,100900,-2.23,89800,-12.98,70000,-32.17,하락 전환,"D+1(2026-06-10) 시가 -0.39%, 종가 -3.49%; D+5 -2.23%; D+10 -12.98%; D+20 -32.17%"
2026-06-09,178320,서진시스템,foreign_buy_streak_4,"foreign_buy_streak_2,foreign_buy_streak_3,foreign_buy_2d_all,foreign_buy_3d_all,foreign_buy_vol_0_5pct,foreign_buy_vol_1pct,foreign_buy_vol_2pct",4,88113,141423,428092,6.27,73600,2026-06-10,72000,-2.17,69700,-5.30,74300,0.95,56700,-22.96,45750,-37.84,하락 전환,"D+1(2026-06-10) 시가 -2.17%, 종가 -5.30%; D+5 +0.95%; D+10 -22.96%; D+20 -37.84%"
2026-06-09,457370,한켐,foreign_buy_streak_2,"foreign_buy_streak_2,foreign_buy_2d_all,foreign_buy_vol_0_5pct,foreign_buy_vol_1pct",2,62582,142586,29848,1.11,14320,2026-06-10,13700,-4.33,12450,-13.06,13480,-5.87,11260,-21.37,7910,-44.76,하락 전환,"D+1(2026-06-10) 시가 -4.33%, 종가 -13.06%; D+5 -5.87%; D+10 -21.37%; D+20 -44.76%"
2026-06-09,439960,코스모로보틱스,foreign_buy_streak_2,"foreign_buy_streak_2,foreign_buy_2d_all,foreign_buy_vol_0_5pct,foreign_buy_vol_1pct,foreign_buy_vol_2pct",2,84811,182800,-42542,2.96,26300,2026-06-10,26300,0.00,21950,-16.54,25550,-2.85,18100,-31.18,12860,-51.10,하락 전환,"D+1(2026-06-10) 시가 +0.00%, 종가 -16.54%; D+5 -2.85%; D+10 -31.18%; D+20 -51.10%"
2026-06-09,000250,삼천당제약,foreign_buy_streak_2,"foreign_buy_streak_2,foreign_buy_2d_all,foreign_buy_vol_0_5pct,foreign_buy_vol_1pct,foreign_buy_vol_2pct",2,44101,171259,151290,13.86,242500,2026-06-10,240500,-0.82,258500,6.60,265000,9.28,223500,-7.84,201000,-17.11,하락 전환,"D+1(2026-06-10) 시가 -0.82%, 종가 +6.60%; D+5 +9.28%; D+10 -7.84%; D+20 -17.11%"
2026-06-10,093370,후성,foreign_buy_streak_3,"foreign_buy_streak_2,foreign_buy_streak_3,foreign_buy_2d_all,foreign_buy_3d_all,foreign_buy_vol_0_5pct,foreign_buy_vol_1pct,foreign_buy_vol_2pct",3,2178199,4060210,4111683,6.65,16240,2026-06-11,15800,-2.71,15770,-2.89,17580,8.25,18360,13.05,10740,-33.87,하락 전환,"D+1(2026-06-11) 시가 -2.71%, 종가 -2.89%; D+5 +8.25%; D+10 +13.05%; D+20 -33.87%"
2026-06-10,089030,테크윙,foreign_buy_streak_2,"foreign_buy_streak_2,foreign_buy_2d_all,foreign_buy_vol_0_5pct,foreign_buy_vol_1pct,foreign_buy_vol_2pct",2,164842,1055961,895586,2.73,57600,2026-06-11,57300,-0.52,61100,6.08,62100,7.81,49900,-13.37,37950,-34.11,하락 전환,"D+1(2026-06-11) 시가 -0.52%, 종가 +6.08%; D+5 +7.81%; D+10 -13.37%; D+20 -34.11%"
2026-06-10,178320,서진시스템,foreign_buy_streak_5,"foreign_buy_streak_2,foreign_buy_streak_3,foreign_buy_2d_all,foreign_buy_3d_all,foreign_buy_vol_0_5pct,foreign_buy_vol_1pct,foreign_buy_vol_2pct",5,2002261,2090374,2143684,38.15,69700,2026-06-11,66500,-4.59,74500,6.89,68900,-1.15,55500,-20.37,43600,-37.45,하락 전환,"D+1(2026-06-11) 시가 -4.59%, 종가 +6.89%; D+5 -1.15%; D+10 -20.37%; D+20 -37.45%"
2026-06-10,006400,삼성SDI,foreign_buy_streak_4,"foreign_buy_streak_2,foreign_buy_streak_3,foreign_buy_2d_all,foreign_buy_3d_all,foreign_buy_vol_0_5pct,foreign_buy_vol_1pct,foreign_buy_vol_2pct",4,18996,84561,218312,3.69,496500,2026-06-11,476500,-4.03,498500,0.40,550000,10.78,489000,-1.51,412000,-17.02,하락 전환,"D+1(2026-06-11) 시가 -4.03%, 종가 +0.40%; D+5 +10.78%; D+10 -1.51%; D+20 -17.02%"
2026-06-10,279570,케이뱅크,foreign_buy_streak_2,"foreign_buy_streak_2,foreign_buy_2d_all",2,36824,406808,330882,0.10,6030,2026-06-11,6060,0.50,6220,3.15,7200,19.40,5870,-2.65,5320,-11.77,하락 전환,"D+1(2026-06-11) 시가 +0.50%, 종가 +3.15%; D+5 +19.40%; D+10 -2.65%; D+20 -11.77%"
2026-06-10,006220,제주은행,foreign_buy_streak_2,"foreign_buy_streak_2,foreign_buy_2d_all",2,13770,221162,145187,0.09,12750,2026-06-11,13260,4.00,12270,-3.76,12100,-5.10,10490,-17.73,9390,-26.35,하락 전환,"D+1(2026-06-11) 시가 +4.00%, 종가 -3.76%; D+5 -5.10%; D+10 -17.73%; D+20 -26.35%"
2026-06-10,079550,LIG디펜스앤에어로스페이스,foreign_buy_streak_4,"foreign_buy_streak_2,foreign_buy_streak_3,foreign_buy_2d_all,foreign_buy_3d_all,foreign_buy_vol_0_5pct,foreign_buy_vol_1pct,foreign_buy_vol_2pct",4,14493,70923,131996,5.79,790000,2026-06-11,796000,0.76,764000,-3.29,950000,20.25,824000,4.30,714000,-9.62,하락 전환,"D+1(2026-06-11) 시가 +0.76%, 종가 -3.29%; D+5 +20.25%; D+10 +4.30%; D+20 -9.62%"
2026-06-10,064400,LG씨엔에스,foreign_buy_streak_5,"foreign_buy_streak_2,foreign_buy_streak_3,foreign_buy_2d_all,foreign_buy_3d_all,foreign_buy_vol_0_5pct,foreign_buy_vol_1pct,foreign_buy_vol_2pct",5,366211,405633,855278,18.80,93800,2026-06-11,88500,-5.65,93000,-0.85,92400,-1.49,79300,-15.46,71200,-24.09,하락 전환,"D+1(2026-06-11) 시가 -5.65%, 종가 -0.85%; D+5 -1.49%; D+10 -15.46%; D+20 -24.09%"
2026-06-10,440110,파두,foreign_buy_streak_3,"foreign_buy_streak_2,foreign_buy_streak_3,foreign_buy_2d_all,foreign_buy_3d_all,foreign_buy_vol_0_5pct,foreign_buy_vol_1pct,foreign_buy_vol_2pct",3,301005,319074,488091,30.86,99600,2026-06-11,96300,-3.31,99300,-0.30,106000,6.43,86300,-13.35,64700,-35.04,하락 전환,"D+1(2026-06-11) 시가 -3.31%, 종가 -0.30%; D+5 +6.43%; D+10 -13.35%; D+20 -35.04%"
2026-06-10,196170,알테오젠,foreign_buy_streak_3,"foreign_buy_streak_2,foreign_buy_streak_3,foreign_buy_2d_all,foreign_buy_3d_all,foreign_buy_vol_0_5pct,foreign_buy_vol_1pct,foreign_buy_vol_2pct",3,21730,151432,162798,7.73,315000,2026-06-11,239299,-24.03,267000,-15.24,287005,-8.89,285851,-9.25,241223,-23.42,하락 전환,"D+1(2026-06-11) 시가 -24.03%, 종가 -15.24%; D+5 -8.89%; D+10 -9.25%; D+20 -23.42%"
2026-06-10,039030,이오테크닉스,foreign_buy_streak_2,"foreign_buy_streak_2,foreign_buy_2d_all,foreign_buy_vol_0_5pct,foreign_buy_vol_1pct,foreign_buy_vol_2pct",2,36465,38886,37518,19.04,438000,2026-06-11,438000,0.00,504000,15.07,508000,15.98,486500,11.07,345000,-21.23,하락 전환,"D+1(2026-06-11) 시가 +0.00%, 종가 +15.07%; D+5 +15.98%; D+10 +11.07%; D+20 -21.23%"
2026-06-10,319400,현대무벡스,foreign_buy_streak_6,"foreign_buy_streak_2,foreign_buy_streak_3,foreign_buy_2d_all,foreign_buy_3d_all,foreign_buy_vol_0_5pct,foreign_buy_vol_1pct,foreign_buy_vol_2pct",6,316617,491948,696554,14.50,35400,2026-06-11,35600,0.56,40800,15.25,36150,2.12,27400,-22.60,21700,-38.70,하락 전환,"D+1(2026-06-11) 시가 +0.56%, 종가 +15.25%; D+5 +2.12%; D+10 -22.60%; D+20 -38.70%"
2026-06-11,240810,원익IPS,foreign_buy_streak_2,"foreign_buy_streak_2,foreign_buy_2d_all,foreign_buy_vol_0_5pct,foreign_buy_vol_1pct,foreign_buy_vol_2pct",2,110000,249336,166947,3.09,141000,2026-06-12,163100,15.67,183300,30.00,163200,15.74,154700,9.72,104900,-25.60,하락 전환,"D+1(2026-06-12) 시가 +15.67%, 종가 +30.00%; D+5 +15.74%; D+10 +9.72%; D+20 -25.60%"
2026-06-11,011070,LG이노텍,foreign_buy_streak_2,"foreign_buy_streak_2,foreign_buy_2d_all,foreign_buy_vol_0_5pct,foreign_buy_vol_1pct",2,8071,41939,8573,1.93,1072000,2026-06-12,1163000,8.49,1036000,-3.36,1283000,19.68,953000,-11.10,741000,-30.88,하락 전환,"D+1(2026-06-12) 시가 +8.49%, 종가 -3.36%; D+5 +19.68%; D+10 -11.10%; D+20 -30.88%"
2026-06-11,196170,알테오젠,foreign_buy_streak_4,"foreign_buy_streak_2,foreign_buy_streak_3,foreign_buy_2d_all,foreign_buy_3d_all,foreign_buy_vol_0_5pct,foreign_buy_vol_1pct,foreign_buy_vol_2pct",4,48956,70686,200388,5.26,347000,2026-06-12,273540,-21.17,259305,-25.27,284312,-18.07,288544,-16.85,230835,-33.48,하락 전환,"D+1(2026-06-12) 시가 -21.17%, 종가 -25.27%; D+5 -18.07%; D+10 -16.85%; D+20 -33.48%"
2026-06-11,032830,삼성생명,foreign_buy_streak_2,"foreign_buy_streak_2,foreign_buy_2d_all,foreign_buy_vol_0_5pct,foreign_buy_vol_1pct,foreign_buy_vol_2pct",2,49256,134973,103270,6.46,365000,2026-06-12,392500,7.53,385500,5.62,469000,28.49,447000,22.47,326000,-10.68,하락 전환,"D+1(2026-06-12) 시가 +7.53%, 종가 +5.62%; D+5 +28.49%; D+10 +22.47%; D+20 -10.68%"
2026-06-11,006400,삼성SDI,foreign_buy_streak_5,"foreign_buy_streak_2,foreign_buy_streak_3,foreign_buy_2d_all,foreign_buy_3d_all,foreign_buy_vol_0_5pct,foreign_buy_vol_1pct,foreign_buy_vol_2pct",5,20423,39419,104984,4.10,498500,2026-06-12,531000,6.52,539000,8.12,522000,4.71,481000,-3.51,401500,-19.46,하락 전환,"D+1(2026-06-12) 시가 +6.52%, 종가 +8.12%; D+5 +4.71%; D+10 -3.51%; D+20 -19.46%"
2026-06-11,093370,후성,foreign_buy_streak_4,"foreign_buy_streak_2,foreign_buy_streak_3,foreign_buy_2d_all,foreign_buy_3d_all,foreign_buy_vol_0_5pct,foreign_buy_vol_1pct",4,204063,2382262,4264273,1.59,15770,2026-06-12,16610,5.33,19010,20.55,18840,19.47,18020,14.27,11840,-24.92,하락 전환,"D+1(2026-06-12) 시가 +5.33%, 종가 +20.55%; D+5 +19.47%; D+10 +14.27%; D+20 -24.92%"
2026-06-11,086520,에코프로,foreign_buy_streak_2,"foreign_buy_streak_2,foreign_buy_2d_all,foreign_buy_vol_0_5pct,foreign_buy_vol_1pct,foreign_buy_vol_2pct",2,180093,243282,233668,10.99,108800,2026-06-12,115600,6.25,115700,6.34,117500,8.00,102000,-6.25,79400,-27.02,하락 전환,"D+1(2026-06-12) 시가 +6.25%, 종가 +6.34%; D+5 +8.00%; D+10 -6.25%; D+20 -27.02%"
2026-06-11,039030,이오테크닉스,foreign_buy_streak_3,"foreign_buy_streak_2,foreign_buy_streak_3,foreign_buy_2d_all,foreign_buy_3d_all,foreign_buy_vol_0_5pct,foreign_buy_vol_1pct,foreign_buy_vol_2pct",3,38753,75218,77639,11.83,504000,2026-06-12,507000,0.60,612000,21.43,508000,0.79,477000,-5.36,342500,-32.04,하락 전환,"D+1(2026-06-12) 시가 +0.60%, 종가 +21.43%; D+5 +0.79%; D+10 -5.36%; D+20 -32.04%"
2026-06-11,058470,리노공업,foreign_buy_streak_2,"foreign_buy_streak_2,foreign_buy_2d_all,foreign_buy_vol_0_5pct,foreign_buy_vol_1pct,foreign_buy_vol_2pct",2,62843,199429,74269,4.11,99800,2026-06-12,101300,1.50,104500,4.71,92300,-7.52,88700,-11.12,70000,-29.86,하락 전환,"D+1(2026-06-12) 시가 +1.50%, 종가 +4.71%; D+5 -7.52%; D+10 -11.12%; D+20 -29.86%"
2026-06-11,388790,라이콤,foreign_buy_streak_4,"foreign_buy_streak_2,foreign_buy_streak_3,foreign_buy_2d_all,foreign_buy_3d_all,foreign_buy_vol_0_5pct,foreign_buy_vol_1pct,foreign_buy_vol_2pct",4,415897,632825,935510,2.82,8790,2026-06-12,8790,0.00,7700,-12.40,6400,-27.19,5350,-39.14,4905,-44.20,하락 전환,"D+1(2026-06-12) 시가 +0.00%, 종가 -12.40%; D+5 -27.19%; D+10 -39.14%; D+20 -44.20%"
2026-06-11,095340,ISC,foreign_buy_streak_4,"foreign_buy_streak_2,foreign_buy_streak_3,foreign_buy_2d_all,foreign_buy_3d_all,foreign_buy_vol_0_5pct,foreign_buy_vol_1pct,foreign_buy_vol_2pct",4,250896,285720,365815,45.07,190500,2026-06-12,203000,6.56,230000,20.73,193000,1.31,191200,0.37,141800,-25.56,하락 전환,"D+1(2026-06-12) 시가 +6.56%, 종가 +20.73%; D+5 +1.31%; D+10 +0.37%; D+20 -25.56%"
2026-06-15,000660,SK하이닉스,foreign_buy_streak_3,"foreign_buy_streak_2,foreign_buy_streak_3,foreign_buy_2d_all,foreign_buy_3d_all,foreign_buy_vol_0_5pct,foreign_buy_vol_1pct,foreign_buy_vol_2pct",3,180233,753673,1014399,4.65,2288000,2026-06-16,2381000,4.06,2382000,4.11,2919000,27.58,2628000,14.86,1845000,-19.36,하락 전환,"D+1(2026-06-16) 시가 +4.06%, 종가 +4.11%; D+5 +27.58%; D+10 +14.86%; D+20 -19.36%"
2026-06-15,009150,삼성전기,foreign_buy_streak_2,"foreign_buy_streak_2,foreign_buy_2d_all,foreign_buy_vol_0_5pct,foreign_buy_vol_1pct,foreign_buy_vol_2pct",2,492322,710183,676519,32.88,1999000,2026-06-16,2042000,2.15,2048000,2.45,2228000,11.46,2038000,1.95,1289000,-35.52,하락 전환,"D+1(2026-06-16) 시가 +2.15%, 종가 +2.45%; D+5 +11.46%; D+10 +1.95%; D+20 -35.52%"
2026-06-15,079550,LIG디펜스앤에어로스페이스,foreign_buy_streak_7,"foreign_buy_streak_2,foreign_buy_streak_3,foreign_buy_2d_all,foreign_buy_3d_all,foreign_buy_vol_0_5pct,foreign_buy_vol_1pct,foreign_buy_vol_2pct",7,37355,94730,118446,18.06,845000,2026-06-16,943000,11.60,1002000,18.58,848000,0.36,745000,-11.83,725000,-14.20,하락 전환,"D+1(2026-06-16) 시가 +11.60%, 종가 +18.58%; D+5 +0.36%; D+10 -11.83%; D+20 -14.20%"
2026-06-15,005380,현대차,foreign_buy_streak_2,"foreign_buy_streak_2,foreign_buy_2d_all,foreign_buy_vol_0_5pct,foreign_buy_vol_1pct,foreign_buy_vol_2pct",2,177244,260423,-17062,16.12,647000,2026-06-16,648000,0.15,640000,-1.08,581000,-10.20,497000,-23.18,444000,-31.38,하락 전환,"D+1(2026-06-16) 시가 +0.15%, 종가 -1.08%; D+5 -10.20%; D+10 -23.18%; D+20 -31.38%"
2026-06-15,011070,LG이노텍,foreign_buy_streak_4,"foreign_buy_streak_2,foreign_buy_streak_3,foreign_buy_2d_all,foreign_buy_3d_all,foreign_buy_vol_0_5pct,foreign_buy_vol_1pct,foreign_buy_vol_2pct",4,13405,31072,39143,2.47,1209000,2026-06-16,1290000,6.70,1236000,2.23,1130000,-6.53,915000,-24.32,661000,-45.33,하락 전환,"D+1(2026-06-16) 시가 +6.70%, 종가 +2.23%; D+5 -6.53%; D+10 -24.32%; D+20 -45.33%"
2026-06-15,204320,HL만도,foreign_buy_streak_11,"foreign_buy_streak_2,foreign_buy_streak_3,foreign_buy_2d_all,foreign_buy_3d_all,foreign_buy_vol_0_5pct,foreign_buy_vol_1pct,foreign_buy_vol_2pct",11,556479,845537,928035,7.39,70600,2026-06-16,72200,2.27,76900,8.92,56900,-19.41,49500,-29.89,47600,-32.58,하락 전환,"D+1(2026-06-16) 시가 +2.27%, 종가 +8.92%; D+5 -19.41%; D+10 -29.89%; D+20 -32.58%"
2026-06-15,272210,한화시스템,foreign_buy_streak_2,"foreign_buy_streak_2,foreign_buy_2d_all,foreign_buy_vol_0_5pct,foreign_buy_vol_1pct,foreign_buy_vol_2pct",2,41062,423822,321922,6.65,99500,2026-06-16,102800,3.32,106400,6.93,89500,-10.05,77500,-22.11,66500,-33.17,하락 전환,"D+1(2026-06-16) 시가 +3.32%, 종가 +6.93%; D+5 -10.05%; D+10 -22.11%; D+20 -33.17%"
2026-06-15,105560,KB금융,foreign_buy_streak_2,"foreign_buy_streak_2,foreign_buy_2d_all,foreign_buy_vol_0_5pct,foreign_buy_vol_1pct,foreign_buy_vol_2pct",2,171107,309206,261700,12.12,169600,2026-06-16,174600,2.95,172000,1.42,157000,-7.43,153700,-9.38,186200,9.79,상승 지속,"D+1(2026-06-16) 시가 +2.95%, 종가 +1.42%; D+5 -7.43%; D+10 -9.38%; D+20 +9.79%"
2026-06-15,093370,후성,foreign_buy_streak_6,"foreign_buy_streak_2,foreign_buy_streak_3,foreign_buy_2d_all,foreign_buy_3d_all,foreign_buy_vol_0_5pct,foreign_buy_vol_1pct,foreign_buy_vol_2pct",6,804772,2919443,3123506,4.56,22400,2026-06-16,22400,0.00,19200,-14.29,18600,-16.96,18700,-16.52,12340,-44.91,하락 전환,"D+1(2026-06-16) 시가 +0.00%, 종가 -14.29%; D+5 -16.96%; D+10 -16.52%; D+20 -44.91%"
2026-06-15,085620,미래에셋생명,foreign_buy_streak_2,"foreign_buy_streak_2,foreign_buy_2d_all,foreign_buy_vol_0_5pct,foreign_buy_vol_1pct,foreign_buy_vol_2pct",2,46927,147965,-31383,2.30,28650,2026-06-16,28000,-2.27,32250,12.57,24200,-15.53,20700,-27.75,16650,-41.88,하락 전환,"D+1(2026-06-16) 시가 -2.27%, 종가 +12.57%; D+5 -15.53%; D+10 -27.75%; D+20 -41.88%"
2026-06-15,064350,현대로템,foreign_buy_streak_3,"foreign_buy_streak_2,foreign_buy_streak_3,foreign_buy_2d_all,foreign_buy_3d_all,foreign_buy_vol_0_5pct,foreign_buy_vol_1pct,foreign_buy_vol_2pct",3,90191,137668,265543,19.61,213000,2026-06-16,221000,3.76,226500,6.34,203500,-4.46,184900,-13.19,170000,-20.19,하락 전환,"D+1(2026-06-16) 시가 +3.76%, 종가 +6.34%; D+5 -4.46%; D+10 -13.19%; D+20 -20.19%"
2026-06-15,010120,LS ELECTRIC,foreign_buy_streak_2,"foreign_buy_streak_2,foreign_buy_2d_all,foreign_buy_vol_0_5pct,foreign_buy_vol_1pct,foreign_buy_vol_2pct",2,319403,995451,929710,16.89,257500,2026-06-16,269000,4.47,257500,0.00,245000,-4.85,224000,-13.01,184500,-28.35,하락 전환,"D+1(2026-06-16) 시가 +4.47%, 종가 +0.00%; D+5 -4.85%; D+10 -13.01%; D+20 -28.35%"
2026-06-15,0017J0,세미티에스,foreign_buy_streak_4,"foreign_buy_streak_2,foreign_buy_streak_3,foreign_buy_2d_all,foreign_buy_3d_all,foreign_buy_vol_0_5pct,foreign_buy_vol_1pct,foreign_buy_vol_2pct",4,340057,514223,623746,3.62,6530,2026-06-16,7000,7.20,5680,-13.02,4420,-32.31,4225,-35.30,3185,-51.23,하락 전환,"D+1(2026-06-16) 시가 +7.20%, 종가 -13.02%; D+5 -32.31%; D+10 -35.30%; D+20 -51.23%"
2026-06-15,100790,미래에셋벤처투자,foreign_buy_streak_2,"foreign_buy_streak_2,foreign_buy_2d_all,foreign_buy_vol_0_5pct,foreign_buy_vol_1pct",2,74665,169386,-846200,1.32,30750,2026-06-16,31350,1.95,29800,-3.09,22400,-27.15,19840,-35.48,15400,-49.92,하락 전환,"D+1(2026-06-16) 시가 +1.95%, 종가 -3.09%; D+5 -27.15%; D+10 -35.48%; D+20 -49.92%"
2026-06-15,086520,에코프로,foreign_buy_streak_4,"foreign_buy_streak_2,foreign_buy_streak_3,foreign_buy_2d_all,foreign_buy_3d_all,foreign_buy_vol_0_5pct,foreign_buy_vol_1pct,foreign_buy_vol_2pct",4,24342,119744,299837,3.14,124000,2026-06-16,124100,0.08,122600,-1.13,114500,-7.66,118000,-4.84,83600,-32.58,하락 전환,"D+1(2026-06-16) 시가 +0.08%, 종가 -1.13%; D+5 -7.66%; D+10 -4.84%; D+20 -32.58%"
2026-06-15,247540,에코프로비엠,foreign_buy_streak_2,"foreign_buy_streak_2,foreign_buy_2d_all,foreign_buy_vol_0_5pct,foreign_buy_vol_1pct,foreign_buy_vol_2pct",2,51138,81587,79744,10.01,186500,2026-06-16,185900,-0.32,179500,-3.75,166700,-10.62,154500,-17.16,119800,-35.76,하락 전환,"D+1(2026-06-16) 시가 -0.32%, 종가 -3.75%; D+5 -10.62%; D+10 -17.16%; D+20 -35.76%"
2026-06-16,000660,SK하이닉스,foreign_buy_streak_4,"foreign_buy_streak_2,foreign_buy_streak_3,foreign_buy_2d_all,foreign_buy_3d_all,foreign_buy_vol_0_5pct,foreign_buy_vol_1pct,foreign_buy_vol_2pct",4,351894,532127,1105567,9.66,2382000,2026-06-17,2335000,-1.97,2521000,5.84,2555000,7.26,2650000,11.25,1913000,-19.69,하락 전환,"D+1(2026-06-17) 시가 -1.97%, 종가 +5.84%; D+5 +7.26%; D+10 +11.25%; D+20 -19.69%"
2026-06-16,009150,삼성전기,foreign_buy_streak_3,"foreign_buy_streak_2,foreign_buy_streak_3,foreign_buy_2d_all,foreign_buy_3d_all,foreign_buy_vol_0_5pct,foreign_buy_vol_1pct,foreign_buy_vol_2pct",3,284775,777097,994958,26.25,2048000,2026-06-17,1987000,-2.98,2032000,-0.78,1990000,-2.83,2184000,6.64,1260000,-38.48,하락 전환,"D+1(2026-06-17) 시가 -2.98%, 종가 -0.78%; D+5 -2.83%; D+10 +6.64%; D+20 -38.48%"
2026-06-16,079550,LIG디펜스앤에어로스페이스,foreign_buy_streak_8,"foreign_buy_streak_2,foreign_buy_streak_3,foreign_buy_2d_all,foreign_buy_3d_all,foreign_buy_vol_0_5pct,foreign_buy_vol_1pct,foreign_buy_vol_2pct",8,45530,82885,140260,4.56,1002000,2026-06-17,997000,-0.50,950000,-5.19,809000,-19.26,719000,-28.24,665000,-33.63,하락 전환,"D+1(2026-06-17) 시가 -0.50%, 종가 -5.19%; D+5 -19.26%; D+10 -28.24%; D+20 -33.63%"
2026-06-16,005380,현대차,foreign_buy_streak_3,"foreign_buy_streak_2,foreign_buy_streak_3,foreign_buy_2d_all,foreign_buy_3d_all,foreign_buy_vol_0_5pct,foreign_buy_vol_1pct,foreign_buy_vol_2pct",3,183503,360747,443926,14.27,640000,2026-06-17,633000,-1.09,618000,-3.44,511000,-20.16,495000,-22.66,424500,-33.67,하락 전환,"D+1(2026-06-17) 시가 -1.09%, 종가 -3.44%; D+5 -20.16%; D+10 -22.66%; D+20 -33.67%"
2026-06-16,105560,KB금융,foreign_buy_streak_3,"foreign_buy_streak_2,foreign_buy_streak_3,foreign_buy_2d_all,foreign_buy_3d_all,foreign_buy_vol_0_5pct,foreign_buy_vol_1pct,foreign_buy_vol_2pct",3,123647,294754,432853,7.37,172000,2026-06-17,175400,1.98,164000,-4.65,153700,-10.64,159000,-7.56,180000,4.65,상승,"D+1(2026-06-17) 시가 +1.98%, 종가 -4.65%; D+5 -10.64%; D+10 -7.56%; D+20 +4.65%"
2026-06-16,042660,한화오션,foreign_buy_streak_2,"foreign_buy_streak_2,foreign_buy_2d_all,foreign_buy_vol_0_5pct,foreign_buy_vol_1pct,foreign_buy_vol_2pct",2,343803,493728,120511,16.82,129200,2026-06-17,129300,0.08,133100,3.02,104500,-19.12,100300,-22.37,76800,-40.56,하락 전환,"D+1(2026-06-17) 시가 +0.08%, 종가 +3.02%; D+5 -19.12%; D+10 -22.37%; D+20 -40.56%"
2026-06-16,064350,현대로템,foreign_buy_streak_4,"foreign_buy_streak_2,foreign_buy_streak_3,foreign_buy_2d_all,foreign_buy_3d_all,foreign_buy_vol_0_5pct,foreign_buy_vol_1pct,foreign_buy_vol_2pct",4,249751,339942,387419,26.11,226500,2026-06-17,223500,-1.32,219000,-3.31,193600,-14.53,173000,-23.62,165400,-26.98,하락 전환,"D+1(2026-06-17) 시가 -1.32%, 종가 -3.31%; D+5 -14.53%; D+10 -23.62%; D+20 -26.98%"
2026-06-16,085620,미래에셋생명,foreign_buy_streak_3,"foreign_buy_streak_2,foreign_buy_streak_3,foreign_buy_2d_all,foreign_buy_3d_all,foreign_buy_vol_0_5pct,foreign_buy_vol_1pct,foreign_buy_vol_2pct",3,139831,186758,287796,2.11,32250,2026-06-17,31700,-1.71,30600,-5.12,19600,-39.22,21000,-34.88,16130,-49.98,하락 전환,"D+1(2026-06-17) 시가 -1.71%, 종가 -5.12%; D+5 -39.22%; D+10 -34.88%; D+20 -49.98%"
2026-06-16,247540,에코프로비엠,foreign_buy_streak_3,"foreign_buy_streak_2,foreign_buy_streak_3,foreign_buy_2d_all,foreign_buy_3d_all,foreign_buy_vol_0_5pct,foreign_buy_vol_1pct,foreign_buy_vol_2pct",3,43247,94385,124834,9.15,179500,2026-06-17,182600,1.73,180000,0.28,150900,-15.93,142500,-20.61,112600,-37.27,하락 전환,"D+1(2026-06-17) 시가 +1.73%, 종가 +0.28%; D+5 -15.93%; D+10 -20.61%; D+20 -37.27%"
2026-06-16,100790,미래에셋벤처투자,foreign_buy_streak_3,"foreign_buy_streak_2,foreign_buy_streak_3,foreign_buy_2d_all,foreign_buy_3d_all,foreign_buy_vol_0_5pct,foreign_buy_vol_1pct,foreign_buy_vol_2pct",3,219661,294326,389047,7.79,29800,2026-06-17,29550,-0.84,27200,-8.72,20300,-31.88,19410,-34.87,14560,-51.14,하락 전환,"D+1(2026-06-17) 시가 -0.84%, 종가 -8.72%; D+5 -31.88%; D+10 -34.87%; D+20 -51.14%"
2026-06-16,086520,에코프로,foreign_buy_streak_5,"foreign_buy_streak_2,foreign_buy_streak_3,foreign_buy_2d_all,foreign_buy_3d_all,foreign_buy_vol_0_5pct,foreign_buy_vol_1pct,foreign_buy_vol_2pct",5,71346,95688,191090,10.98,122600,2026-06-17,123800,0.98,122800,0.16,103000,-15.99,106600,-13.05,79100,-35.48,하락 전환,"D+1(2026-06-17) 시가 +0.98%, 종가 +0.16%; D+5 -15.99%; D+10 -13.05%; D+20 -35.48%"
2026-06-16,095610,테스,foreign_buy_streak_2,"foreign_buy_streak_2,foreign_buy_2d_all,foreign_buy_vol_0_5pct,foreign_buy_vol_1pct,foreign_buy_vol_2pct",2,200366,240955,228541,47.92,169200,2026-06-17,166800,-1.42,169400,0.12,157700,-6.80,208000,22.93,217500,28.55,상승 지속,"D+1(2026-06-17) 시가 -1.42%, 종가 +0.12%; D+5 -6.80%; D+10 +22.93%; D+20 +28.55%"
2026-06-16,440110,파두,foreign_buy_streak_2,"foreign_buy_streak_2,foreign_buy_2d_all,foreign_buy_vol_0_5pct,foreign_buy_vol_1pct,foreign_buy_vol_2pct",2,23410,119679,-10438,3.73,100900,2026-06-17,99500,-1.39,106000,5.05,89800,-11.00,87500,-13.28,71300,-29.34,하락 전환,"D+1(2026-06-17) 시가 -1.39%, 종가 +5.05%; D+5 -11.00%; D+10 -13.28%; D+20 -29.34%"
2026-06-16,039030,이오테크닉스,foreign_buy_streak_2,"foreign_buy_streak_2,foreign_buy_2d_all,foreign_buy_vol_0_5pct,foreign_buy_vol_1pct,foreign_buy_vol_2pct",2,21977,29443,-63403,17.41,495000,2026-06-17,495000,0.00,508000,2.63,460000,-7.07,476000,-3.84,357000,-27.88,하락 전환,"D+1(2026-06-17) 시가 +0.00%, 종가 +2.63%; D+5 -7.07%; D+10 -3.84%; D+20 -27.88%"
2026-06-17,000660,SK하이닉스,foreign_buy_streak_5,"foreign_buy_streak_2,foreign_buy_streak_3,foreign_buy_2d_all,foreign_buy_3d_all,foreign_buy_vol_0_5pct,foreign_buy_vol_1pct",5,74908,426802,607035,1.88,2521000,2026-06-18,2556000,1.39,2685000,6.51,2580000,2.34,2560000,1.55,2082000,-17.41,하락 전환,"D+1(2026-06-18) 시가 +1.39%, 종가 +6.51%; D+5 +2.34%; D+10 +1.55%; D+20 -17.41%"
2026-06-17,009150,삼성전기,foreign_buy_streak_4,"foreign_buy_streak_2,foreign_buy_streak_3,foreign_buy_2d_all,foreign_buy_3d_all,foreign_buy_vol_0_5pct,foreign_buy_vol_1pct,foreign_buy_vol_2pct",4,81556,366331,858653,13.81,2032000,2026-06-18,2013000,-0.94,2200000,8.27,1964000,-3.35,2205000,8.51,1413000,-30.46,하락 전환,"D+1(2026-06-18) 시가 -0.94%, 종가 +8.27%; D+5 -3.35%; D+10 +8.51%; D+20 -30.46%"
2026-06-17,042660,한화오션,foreign_buy_streak_3,"foreign_buy_streak_2,foreign_buy_streak_3,foreign_buy_2d_all,foreign_buy_3d_all,foreign_buy_vol_0_5pct,foreign_buy_vol_1pct,foreign_buy_vol_2pct",3,1530933,1874736,2024661,25.65,133100,2026-06-18,132200,-0.68,125100,-6.01,106000,-20.36,103300,-22.39,82000,-38.39,하락 전환,"D+1(2026-06-18) 시가 -0.68%, 종가 -6.01%; D+5 -20.36%; D+10 -22.39%; D+20 -38.39%"
2026-06-17,035420,NAVER,foreign_buy_streak_2,"foreign_buy_streak_2,foreign_buy_2d_all,foreign_buy_vol_0_5pct,foreign_buy_vol_1pct,foreign_buy_vol_2pct",2,142287,164598,95341,12.30,243500,2026-06-18,241000,-1.03,235000,-3.49,199400,-18.11,197400,-18.93,189600,-22.14,하락 전환,"D+1(2026-06-18) 시가 -1.03%, 종가 -3.49%; D+5 -18.11%; D+10 -18.93%; D+20 -22.14%"
2026-06-17,088350,한화생명,foreign_buy_streak_4,"foreign_buy_streak_2,foreign_buy_streak_3,foreign_buy_2d_all,foreign_buy_3d_all,foreign_buy_vol_0_5pct,foreign_buy_vol_1pct,foreign_buy_vol_2pct",4,713233,2080023,3399045,2.31,5700,2026-06-18,5590,-1.93,5440,-4.56,4660,-18.25,4380,-23.16,4520,-20.70,하락 전환,"D+1(2026-06-18) 시가 -1.93%, 종가 -4.56%; D+5 -18.25%; D+10 -23.16%; D+20 -20.70%"
2026-06-17,005290,동진쎄미켐,foreign_buy_streak_2,"foreign_buy_streak_2,foreign_buy_2d_all,foreign_buy_vol_0_5pct,foreign_buy_vol_1pct",2,36224,245060,144482,1.66,64500,2026-06-18,63300,-1.86,62600,-2.95,57400,-11.01,56500,-12.40,46450,-27.98,하락 전환,"D+1(2026-06-18) 시가 -1.86%, 종가 -2.95%; D+5 -11.01%; D+10 -12.40%; D+20 -27.98%"
2026-06-17,067310,하나마이크론,foreign_buy_streak_2,"foreign_buy_streak_2,foreign_buy_2d_all,foreign_buy_vol_0_5pct,foreign_buy_vol_1pct,foreign_buy_vol_2pct",2,271745,605135,423467,10.92,50700,2026-06-18,50800,0.20,51600,1.78,48250,-4.83,51300,1.18,39200,-22.68,하락 전환,"D+1(2026-06-18) 시가 +0.20%, 종가 +1.78%; D+5 -4.83%; D+10 +1.18%; D+20 -22.68%"
2026-06-17,440110,파두,foreign_buy_streak_3,"foreign_buy_streak_2,foreign_buy_streak_3,foreign_buy_2d_all,foreign_buy_3d_all,foreign_buy_vol_0_5pct,foreign_buy_vol_1pct,foreign_buy_vol_2pct",3,151042,174452,270721,19.33,106000,2026-06-18,106000,0.00,104000,-1.89,86300,-18.58,82600,-22.08,79900,-24.62,하락 전환,"D+1(2026-06-18) 시가 +0.00%, 종가 -1.89%; D+5 -18.58%; D+10 -22.08%; D+20 -24.62%"
2026-06-17,319660,피에스케이,foreign_buy_streak_2,"foreign_buy_streak_2,foreign_buy_2d_all",2,2025,53155,45093,0.41,162400,2026-06-18,164000,0.99,172000,5.91,169700,4.50,211500,30.23,204500,25.92,상승 지속,"D+1(2026-06-18) 시가 +0.99%, 종가 +5.91%; D+5 +4.50%; D+10 +30.23%; D+20 +25.92%"
2026-06-17,100790,미래에셋벤처투자,foreign_buy_streak_4,"foreign_buy_streak_2,foreign_buy_streak_3,foreign_buy_2d_all,foreign_buy_3d_all,foreign_buy_vol_0_5pct,foreign_buy_vol_1pct,foreign_buy_vol_2pct",4,398834,618495,693160,14.82,27200,2026-06-18,27100,-0.37,25500,-6.25,20050,-26.29,19680,-27.65,15550,-42.83,하락 전환,"D+1(2026-06-18) 시가 -0.37%, 종가 -6.25%; D+5 -26.29%; D+10 -27.65%; D+20 -42.83%"
2026-06-17,039030,이오테크닉스,foreign_buy_streak_3,"foreign_buy_streak_2,foreign_buy_streak_3,foreign_buy_2d_all,foreign_buy_3d_all,foreign_buy_vol_0_5pct,foreign_buy_vol_1pct,foreign_buy_vol_2pct",3,40244,62221,69687,28.15,508000,2026-06-18,505000,-0.59,508000,0.00,486500,-4.23,435000,-14.37,385000,-24.21,하락 전환,"D+1(2026-06-18) 시가 -0.59%, 종가 +0.00%; D+5 -4.23%; D+10 -14.37%; D+20 -24.21%"
2026-06-17,290650,엘앤씨바이오,foreign_buy_streak_6,"foreign_buy_streak_2,foreign_buy_streak_3,foreign_buy_2d_all,foreign_buy_3d_all,foreign_buy_vol_0_5pct,foreign_buy_vol_1pct,foreign_buy_vol_2pct",6,165775,202193,210122,20.50,86300,2026-06-18,85800,-0.58,80200,-7.07,94200,9.15,90700,5.10,71800,-16.80,하락 전환,"D+1(2026-06-18) 시가 -0.58%, 종가 -7.07%; D+5 +9.15%; D+10 +5.10%; D+20 -16.80%"
2026-06-17,086520,에코프로,foreign_buy_streak_6,"foreign_buy_streak_2,foreign_buy_streak_3,foreign_buy_2d_all,foreign_buy_3d_all,foreign_buy_vol_0_5pct,foreign_buy_vol_1pct,foreign_buy_vol_2pct",6,64019,135365,159707,11.65,122800,2026-06-18,122200,-0.49,117500,-4.32,107700,-12.30,93000,-24.27,86400,-29.64,하락 전환,"D+1(2026-06-18) 시가 -0.49%, 종가 -4.32%; D+5 -12.30%; D+10 -24.27%; D+20 -29.64%"
2026-06-17,089970,브이엠,foreign_buy_streak_2,"foreign_buy_streak_2,foreign_buy_2d_all,foreign_buy_vol_0_5pct,foreign_buy_vol_1pct,foreign_buy_vol_2pct",2,165186,444851,419719,23.16,87600,2026-06-18,87600,0.00,93500,6.74,93300,6.51,119700,36.64,115900,32.31,상승 지속,"D+1(2026-06-18) 시가 +0.00%, 종가 +6.74%; D+5 +6.51%; D+10 +36.64%; D+20 +32.31%"
2026-06-18,000660,SK하이닉스,foreign_buy_streak_6,"foreign_buy_streak_2,foreign_buy_streak_3,foreign_buy_2d_all,foreign_buy_3d_all",6,25375,100283,452177,0.44,2685000,2026-06-19,2824000,5.18,2764000,2.94,2917000,8.64,2187000,-18.55,1842000,-31.40,하락 전환,"D+1(2026-06-19) 시가 +5.18%, 종가 +2.94%; D+5 +8.64%; D+10 -18.55%; D+20 -31.40%"
2026-06-18,009150,삼성전기,foreign_buy_streak_5,"foreign_buy_streak_2,foreign_buy_streak_3,foreign_buy_2d_all,foreign_buy_3d_all,foreign_buy_vol_0_5pct,foreign_buy_vol_1pct,foreign_buy_vol_2pct",5,194796,276352,561127,12.02,2200000,2026-06-19,2280000,3.64,2270000,3.18,1997000,-9.23,1926000,-12.45,1277000,-41.95,하락 전환,"D+1(2026-06-19) 시가 +3.64%, 종가 +3.18%; D+5 -9.23%; D+10 -12.45%; D+20 -41.95%"
2026-06-18,001820,삼화콘덴서,foreign_buy_streak_2,"foreign_buy_streak_2,foreign_buy_2d_all,foreign_buy_vol_0_5pct,foreign_buy_vol_1pct,foreign_buy_vol_2pct",2,107756,173173,159448,2.60,190100,2026-06-19,187000,-1.63,171500,-9.78,131900,-30.62,122200,-35.72,87000,-54.23,하락 전환,"D+1(2026-06-19) 시가 -1.63%, 종가 -9.78%; D+5 -30.62%; D+10 -35.72%; D+20 -54.23%"
2026-06-18,066570,LG전자,foreign_buy_streak_2,"foreign_buy_streak_2,foreign_buy_2d_all,foreign_buy_vol_0_5pct,foreign_buy_vol_1pct,foreign_buy_vol_2pct",2,61516,92633,-61093,3.99,228500,2026-06-19,229000,0.22,211500,-7.44,203000,-11.16,192300,-15.84,179000,-21.66,하락 전환,"D+1(2026-06-19) 시가 +0.22%, 종가 -7.44%; D+5 -11.16%; D+10 -15.84%; D+20 -21.66%"
2026-06-18,035420,NAVER,foreign_buy_streak_3,"foreign_buy_streak_2,foreign_buy_streak_3,foreign_buy_2d_all,foreign_buy_3d_all,foreign_buy_vol_0_5pct,foreign_buy_vol_1pct,foreign_buy_vol_2pct",3,197924,340211,362522,14.96,235000,2026-06-19,236500,0.64,229500,-2.34,199700,-15.02,199900,-14.94,190000,-19.15,하락 전환,"D+1(2026-06-19) 시가 +0.64%, 종가 -2.34%; D+5 -15.02%; D+10 -14.94%; D+20 -19.15%"
2026-06-18,012450,한화에어로스페이스,foreign_buy_streak_2,"foreign_buy_streak_2,foreign_buy_2d_all,foreign_buy_vol_0_5pct,foreign_buy_vol_1pct,foreign_buy_vol_2pct",2,41722,65194,39833,16.35,1189000,2026-06-19,1189000,0.00,1122000,-5.63,1069000,-10.09,1116000,-6.14,943000,-20.69,하락 전환,"D+1(2026-06-19) 시가 +0.00%, 종가 -5.63%; D+5 -10.09%; D+10 -6.14%; D+20 -20.69%"
2026-06-18,329180,HD현대중공업,foreign_buy_streak_2,"foreign_buy_streak_2,foreign_buy_2d_all,foreign_buy_vol_0_5pct,foreign_buy_vol_1pct,foreign_buy_vol_2pct",2,124207,150790,144243,34.38,684000,2026-06-19,684000,0.00,667000,-2.49,582000,-14.91,590000,-13.74,484000,-29.24,하락 전환,"D+1(2026-06-19) 시가 +0.00%, 종가 -2.49%; D+5 -14.91%; D+10 -13.74%; D+20 -29.24%"
2026-06-18,006400,삼성SDI,foreign_buy_streak_3,"foreign_buy_streak_2,foreign_buy_streak_3,foreign_buy_2d_all,foreign_buy_3d_all,foreign_buy_vol_0_5pct,foreign_buy_vol_1pct,foreign_buy_vol_2pct",3,38638,52986,89856,9.88,522000,2026-06-19,527000,0.96,555000,6.32,481000,-7.85,470500,-9.87,434500,-16.76,하락 전환,"D+1(2026-06-19) 시가 +0.96%, 종가 +6.32%; D+5 -7.85%; D+10 -9.87%; D+20 -16.76%"
2026-06-18,196170,알테오젠,foreign_buy_streak_2,"foreign_buy_streak_2,foreign_buy_2d_all,foreign_buy_vol_0_5pct,foreign_buy_vol_1pct",2,5225,6833,3897,1.25,369500,2026-06-19,282389,-23.58,272001,-26.39,288544,-21.91,270462,-26.80,212753,-42.42,하락 전환,"D+1(2026-06-19) 시가 -23.58%, 종가 -26.39%; D+5 -21.91%; D+10 -26.80%; D+20 -42.42%"
2026-06-18,086520,에코프로,foreign_buy_streak_7,"foreign_buy_streak_2,foreign_buy_streak_3,foreign_buy_2d_all,foreign_buy_3d_all,foreign_buy_vol_0_5pct,foreign_buy_vol_1pct,foreign_buy_vol_2pct",7,94813,158832,230178,10.95,117500,2026-06-19,117600,0.09,116000,-1.28,102000,-13.19,86900,-26.04,80000,-31.91,하락 전환,"D+1(2026-06-19) 시가 +0.09%, 종가 -1.28%; D+5 -13.19%; D+10 -26.04%; D+20 -31.91%"
2026-06-18,067310,하나마이크론,foreign_buy_streak_3,"foreign_buy_streak_2,foreign_buy_streak_3,foreign_buy_2d_all,foreign_buy_3d_all,foreign_buy_vol_0_5pct,foreign_buy_vol_1pct,foreign_buy_vol_2pct",3,139180,410925,744315,7.46,51600,2026-06-19,52500,1.74,49000,-5.04,48600,-5.81,42500,-17.64,35750,-30.72,하락 전환,"D+1(2026-06-19) 시가 +1.74%, 종가 -5.04%; D+5 -5.81%; D+10 -17.64%; D+20 -30.72%"
2026-06-18,039030,이오테크닉스,foreign_buy_streak_4,"foreign_buy_streak_2,foreign_buy_streak_3,foreign_buy_2d_all,foreign_buy_3d_all,foreign_buy_vol_0_5pct,foreign_buy_vol_1pct,foreign_buy_vol_2pct",4,29957,70201,92178,20.48,508000,2026-06-19,517000,1.77,498500,-1.87,477000,-6.10,384500,-24.31,344000,-32.28,하락 전환,"D+1(2026-06-19) 시가 +1.77%, 종가 -1.87%; D+5 -6.10%; D+10 -24.31%; D+20 -32.28%"
2026-06-18,440110,파두,foreign_buy_streak_4,"foreign_buy_streak_2,foreign_buy_streak_3,foreign_buy_2d_all,foreign_buy_3d_all,foreign_buy_vol_0_5pct,foreign_buy_vol_1pct,foreign_buy_vol_2pct",4,32057,183099,206509,5.11,104000,2026-06-19,105600,1.54,101400,-2.50,87500,-15.87,76000,-26.92,70400,-32.31,하락 전환,"D+1(2026-06-19) 시가 +1.54%, 종가 -2.50%; D+5 -15.87%; D+10 -26.92%; D+20 -32.31%"
2026-06-18,095610,테스,foreign_buy_streak_4,"foreign_buy_streak_2,foreign_buy_streak_3,foreign_buy_2d_all,foreign_buy_3d_all,foreign_buy_vol_0_5pct,foreign_buy_vol_1pct,foreign_buy_vol_2pct",4,18825,99741,300107,5.65,176100,2026-06-19,179000,1.65,166200,-5.62,166100,-5.68,177800,0.97,194300,10.34,상승 지속,"D+1(2026-06-19) 시가 +1.65%, 종가 -5.62%; D+5 -5.68%; D+10 +0.97%; D+20 +10.34%"
2026-06-19,009150,삼성전기,foreign_buy_streak_6,"foreign_buy_streak_2,foreign_buy_streak_3,foreign_buy_2d_all,foreign_buy_3d_all,foreign_buy_vol_0_5pct,foreign_buy_vol_1pct,foreign_buy_vol_2pct",6,117254,312050,393606,6.78,2270000,2026-06-22,2215000,-2.42,2228000,-1.85,1993000,-12.20,1989000,-12.38,1275000,-43.83,하락 전환,"D+1(2026-06-22) 시가 -2.42%, 종가 -1.85%; D+5 -12.20%; D+10 -12.38%; D+20 -43.83%"
2026-06-19,042700,한미반도체,foreign_buy_streak_2,"foreign_buy_streak_2,foreign_buy_2d_all,foreign_buy_vol_0_5pct,foreign_buy_vol_1pct,foreign_buy_vol_2pct",2,935861,1023792,957036,22.68,295000,2026-06-22,293500,-0.51,301500,2.20,257500,-12.71,232500,-21.19,222000,-24.75,하락 전환,"D+1(2026-06-22) 시가 -0.51%, 종가 +2.20%; D+5 -12.71%; D+10 -21.19%; D+20 -24.75%"
2026-06-19,066570,LG전자,foreign_buy_streak_3,"foreign_buy_streak_2,foreign_buy_streak_3,foreign_buy_2d_all,foreign_buy_3d_all",3,5408,66924,98041,0.18,211500,2026-06-22,227000,7.33,227500,7.57,195900,-7.38,191000,-9.69,167200,-20.95,하락 전환,"D+1(2026-06-22) 시가 +7.33%, 종가 +7.57%; D+5 -7.38%; D+10 -9.69%; D+20 -20.95%"
2026-06-19,012330,현대모비스,foreign_buy_streak_2,"foreign_buy_streak_2,foreign_buy_2d_all,foreign_buy_vol_0_5pct,foreign_buy_vol_1pct,foreign_buy_vol_2pct",2,52547,110678,73444,5.82,612000,2026-06-22,599000,-2.12,569000,-7.03,486500,-20.51,494000,-19.28,472500,-22.79,하락 전환,"D+1(2026-06-22) 시가 -2.12%, 종가 -7.03%; D+5 -20.51%; D+10 -19.28%; D+20 -22.79%"
2026-06-19,006400,삼성SDI,foreign_buy_streak_4,"foreign_buy_streak_2,foreign_buy_streak_3,foreign_buy_2d_all,foreign_buy_3d_all,foreign_buy_vol_0_5pct,foreign_buy_vol_1pct,foreign_buy_vol_2pct",4,81427,120065,134413,8.44,555000,2026-06-22,564000,1.62,533000,-3.96,455000,-18.02,467500,-15.77,401000,-27.75,하락 전환,"D+1(2026-06-22) 시가 +1.62%, 종가 -3.96%; D+5 -18.02%; D+10 -15.77%; D+20 -27.75%"
2026-06-19,012450,한화에어로스페이스,foreign_buy_streak_3,"foreign_buy_streak_2,foreign_buy_streak_3,foreign_buy_2d_all,foreign_buy_3d_all,foreign_buy_vol_0_5pct,foreign_buy_vol_1pct",3,7718,49440,72912,1.69,1122000,2026-06-22,1186000,5.70,1125000,0.27,1011000,-9.89,1175000,4.72,875000,-22.01,하락 전환,"D+1(2026-06-22) 시가 +5.70%, 종가 +0.27%; D+5 -9.89%; D+10 +4.72%; D+20 -22.01%"
2026-06-19,035420,NAVER,foreign_buy_streak_4,"foreign_buy_streak_2,foreign_buy_streak_3,foreign_buy_2d_all,foreign_buy_3d_all,foreign_buy_vol_0_5pct,foreign_buy_vol_1pct,foreign_buy_vol_2pct",4,258445,456369,598656,12.25,229500,2026-06-22,230000,0.22,222000,-3.27,196400,-14.42,195800,-14.68,185900,-19.00,하락 전환,"D+1(2026-06-22) 시가 +0.22%, 종가 -3.27%; D+5 -14.42%; D+10 -14.68%; D+20 -19.00%"
2026-06-19,329180,HD현대중공업,foreign_buy_streak_3,"foreign_buy_streak_2,foreign_buy_streak_3,foreign_buy_2d_all,foreign_buy_3d_all,foreign_buy_vol_0_5pct,foreign_buy_vol_1pct,foreign_buy_vol_2pct",3,150694,274901,301484,27.77,667000,2026-06-22,667000,0.00,636000,-4.65,564000,-15.44,577000,-13.49,448500,-32.76,하락 전환,"D+1(2026-06-22) 시가 +0.00%, 종가 -4.65%; D+5 -15.44%; D+10 -13.49%; D+20 -32.76%"
2026-06-19,373220,LG에너지솔루션,foreign_buy_streak_6,"foreign_buy_streak_2,foreign_buy_streak_3,foreign_buy_2d_all,foreign_buy_3d_all,foreign_buy_vol_0_5pct,foreign_buy_vol_1pct,foreign_buy_vol_2pct",6,149559,225800,276290,19.85,404500,2026-06-22,407500,0.74,385500,-4.70,331500,-18.05,362500,-10.38,317500,-21.51,하락 전환,"D+1(2026-06-22) 시가 +0.74%, 종가 -4.70%; D+5 -18.05%; D+10 -10.38%; D+20 -21.51%"
2026-06-19,017670,SK텔레콤,foreign_buy_streak_6,"foreign_buy_streak_2,foreign_buy_streak_3,foreign_buy_2d_all,foreign_buy_3d_all,foreign_buy_vol_0_5pct,foreign_buy_vol_1pct,foreign_buy_vol_2pct",6,313657,318406,325194,11.81,94900,2026-06-22,95100,0.21,94200,-0.74,90600,-4.53,86400,-8.96,84700,-10.75,하락 전환,"D+1(2026-06-22) 시가 +0.21%, 종가 -0.74%; D+5 -4.53%; D+10 -8.96%; D+20 -10.75%"
2026-06-19,001820,삼화콘덴서,foreign_buy_streak_3,"foreign_buy_streak_2,foreign_buy_streak_3,foreign_buy_2d_all,foreign_buy_3d_all,foreign_buy_vol_0_5pct,foreign_buy_vol_1pct,foreign_buy_vol_2pct",3,45711,153467,218884,3.28,171500,2026-06-22,174800,1.92,167000,-2.62,130600,-23.85,119300,-30.44,80000,-53.35,하락 전환,"D+1(2026-06-22) 시가 +1.92%, 종가 -2.62%; D+5 -23.85%; D+10 -30.44%; D+20 -53.35%"
2026-06-19,240810,원익IPS,foreign_buy_streak_2,"foreign_buy_streak_2,foreign_buy_2d_all",2,7458,56867,-57690,0.49,156000,2026-06-22,150400,-3.59,172500,10.58,163800,5.00,133100,-14.68,115100,-26.22,하락 전환,"D+1(2026-06-22) 시가 -3.59%, 종가 +10.58%; D+5 +5.00%; D+10 -14.68%; D+20 -26.22%"
2026-06-19,267260,HD현대일렉트릭,foreign_buy_streak_2,"foreign_buy_streak_2,foreign_buy_2d_all,foreign_buy_vol_0_5pct,foreign_buy_vol_1pct,foreign_buy_vol_2pct",2,27915,37769,28163,13.23,1078000,2026-06-22,1070000,-0.74,1033000,-4.17,883000,-18.09,945000,-12.34,752000,-30.24,하락 전환,"D+1(2026-06-22) 시가 -0.74%, 종가 -4.17%; D+5 -18.09%; D+10 -12.34%; D+20 -30.24%"
2026-06-19,196170,알테오젠,foreign_buy_streak_3,"foreign_buy_streak_2,foreign_buy_streak_3,foreign_buy_2d_all,foreign_buy_3d_all,foreign_buy_vol_0_5pct,foreign_buy_vol_1pct,foreign_buy_vol_2pct",3,21732,26957,28565,3.76,353500,2026-06-22,268923,-23.93,269693,-23.71,264307,-25.23,262768,-25.67,207367,-41.34,하락 전환,"D+1(2026-06-22) 시가 -23.93%, 종가 -23.71%; D+5 -25.23%; D+10 -25.67%; D+20 -41.34%"
2026-06-19,006800,미래에셋증권,foreign_buy_streak_6,"foreign_buy_streak_2,foreign_buy_streak_3,foreign_buy_2d_all,foreign_buy_3d_all,foreign_buy_vol_0_5pct,foreign_buy_vol_1pct,foreign_buy_vol_2pct",6,920597,984123,1327481,22.80,48750,2026-06-22,46400,-4.82,46100,-5.44,40250,-17.44,42750,-12.31,37050,-24.00,하락 전환,"D+1(2026-06-22) 시가 -4.82%, 종가 -5.44%; D+5 -17.44%; D+10 -12.31%; D+20 -24.00%"
2026-06-19,058470,리노공업,foreign_buy_streak_2,"foreign_buy_streak_2,foreign_buy_2d_all,foreign_buy_vol_0_5pct,foreign_buy_vol_1pct,foreign_buy_vol_2pct",2,143335,155414,96526,8.34,92600,2026-06-22,90000,-2.81,92400,-0.22,84300,-8.96,78600,-15.12,69100,-25.38,하락 전환,"D+1(2026-06-22) 시가 -2.81%, 종가 -0.22%; D+5 -8.96%; D+10 -15.12%; D+20 -25.38%"
2026-06-19,247540,에코프로비엠,foreign_buy_streak_2,"foreign_buy_streak_2,foreign_buy_2d_all,foreign_buy_vol_0_5pct,foreign_buy_vol_1pct,foreign_buy_vol_2pct",2,83926,108947,71067,9.27,169400,2026-06-22,169400,0.00,166700,-1.59,133700,-21.07,124400,-26.56,104100,-38.55,하락 전환,"D+1(2026-06-22) 시가 +0.00%, 종가 -1.59%; D+5 -21.07%; D+10 -26.56%; D+20 -38.55%"
2026-06-19,086520,에코프로,foreign_buy_streak_8,"foreign_buy_streak_2,foreign_buy_streak_3,foreign_buy_2d_all,foreign_buy_3d_all,foreign_buy_vol_0_5pct,foreign_buy_vol_1pct,foreign_buy_vol_2pct",8,147900,242713,306732,11.95,116000,2026-06-22,116100,0.09,114500,-1.29,95400,-17.76,87300,-24.74,73500,-36.64,하락 전환,"D+1(2026-06-22) 시가 +0.09%, 종가 -1.29%; D+5 -17.76%; D+10 -24.74%; D+20 -36.64%"
2026-06-19,089030,테크윙,foreign_buy_streak_2,"foreign_buy_streak_2,foreign_buy_2d_all,foreign_buy_vol_0_5pct,foreign_buy_vol_1pct",2,24982,33279,-118744,1.27,60200,2026-06-22,58000,-3.65,61100,1.50,51800,-13.95,46600,-22.59,48550,-19.35,하락 전환,"D+1(2026-06-22) 시가 -3.65%, 종가 +1.50%; D+5 -13.95%; D+10 -22.59%; D+20 -19.35%"
2026-06-19,067310,하나마이크론,foreign_buy_streak_4,"foreign_buy_streak_2,foreign_buy_streak_3,foreign_buy_2d_all,foreign_buy_3d_all,foreign_buy_vol_0_5pct,foreign_buy_vol_1pct,foreign_buy_vol_2pct",4,120642,259822,531567,5.36,49000,2026-06-22,47800,-2.45,56800,15.92,48600,-0.82,41050,-16.22,36650,-25.20,하락 전환,"D+1(2026-06-22) 시가 -2.45%, 종가 +15.92%; D+5 -0.82%; D+10 -16.22%; D+20 -25.20%"
2026-06-19,095340,ISC,foreign_buy_streak_4,"foreign_buy_streak_2,foreign_buy_streak_3,foreign_buy_2d_all,foreign_buy_3d_all,foreign_buy_vol_0_5pct,foreign_buy_vol_1pct,foreign_buy_vol_2pct",4,294518,318691,318904,51.66,186000,2026-06-22,186100,0.05,198200,6.56,184000,-1.08,167000,-10.22,135600,-27.10,하락 전환,"D+1(2026-06-22) 시가 +0.05%, 종가 +6.56%; D+5 -1.08%; D+10 -10.22%; D+20 -27.10%"
2026-06-19,440110,파두,foreign_buy_streak_5,"foreign_buy_streak_2,foreign_buy_streak_3,foreign_buy_2d_all,foreign_buy_3d_all,foreign_buy_vol_0_5pct,foreign_buy_vol_1pct,foreign_buy_vol_2pct",5,117868,149925,300967,12.32,101400,2026-06-22,100200,-1.18,115900,14.30,83000,-18.15,79600,-21.50,71600,-29.39,하락 전환,"D+1(2026-06-22) 시가 -1.18%, 종가 +14.30%; D+5 -18.15%; D+10 -21.50%; D+20 -29.39%"
2026-06-19,357780,솔브레인,foreign_buy_streak_4,"foreign_buy_streak_2,foreign_buy_streak_3,foreign_buy_2d_all,foreign_buy_3d_all,foreign_buy_vol_0_5pct,foreign_buy_vol_1pct,foreign_buy_vol_2pct",4,99631,110618,114494,46.21,366000,2026-06-22,357000,-2.46,385000,5.19,333000,-9.02,322500,-11.89,276000,-24.59,하락 전환,"D+1(2026-06-22) 시가 -2.46%, 종가 +5.19%; D+5 -9.02%; D+10 -11.89%; D+20 -24.59%"
2026-06-19,178320,서진시스템,foreign_buy_streak_2,"foreign_buy_streak_2,foreign_buy_2d_all,foreign_buy_vol_0_5pct,foreign_buy_vol_1pct,foreign_buy_vol_2pct",2,213787,298242,168332,18.53,67500,2026-06-22,67500,0.00,66400,-1.63,48850,-27.63,50900,-24.59,36600,-45.78,하락 전환,"D+1(2026-06-22) 시가 +0.00%, 종가 -1.63%; D+5 -27.63%; D+10 -24.59%; D+20 -45.78%"
2026-06-19,095610,테스,foreign_buy_streak_5,"foreign_buy_streak_2,foreign_buy_streak_3,foreign_buy_2d_all,foreign_buy_3d_all,foreign_buy_vol_0_5pct,foreign_buy_vol_1pct,foreign_buy_vol_2pct",5,38370,57195,138111,9.87,166200,2026-06-22,162100,-2.47,183400,10.35,183300,10.29,177300,6.68,170800,2.77,상승,"D+1(2026-06-22) 시가 -2.47%, 종가 +10.35%; D+5 +10.29%; D+10 +6.68%; D+20 +2.77%"
2026-06-19,098460,고영,foreign_buy_streak_2,"foreign_buy_streak_2,foreign_buy_2d_all,foreign_buy_vol_0_5pct,foreign_buy_vol_1pct,foreign_buy_vol_2pct",2,386764,410944,266671,20.48,33050,2026-06-22,32700,-1.06,33250,0.61,29550,-10.59,30100,-8.93,24650,-25.42,하락 전환,"D+1(2026-06-22) 시가 -1.06%, 종가 +0.61%; D+5 -10.59%; D+10 -8.93%; D+20 -25.42%"
2026-06-22,403870,HPSP,foreign_buy_streak_2,"foreign_buy_streak_2,foreign_buy_2d_all,foreign_buy_vol_0_5pct,foreign_buy_vol_1pct,foreign_buy_vol_2pct",2,269336,986355,650330,3.44,60000,2026-06-23,59500,-0.83,53000,-11.67,53700,-10.50,44500,-25.83,39100,-34.83,하락 전환,"D+1(2026-06-23) 시가 -0.83%, 종가 -11.67%; D+5 -10.50%; D+10 -25.83%; D+20 -34.83%"
2026-06-22,067310,하나마이크론,foreign_buy_streak_5,"foreign_buy_streak_2,foreign_buy_streak_3,foreign_buy_2d_all,foreign_buy_3d_all,foreign_buy_vol_0_5pct,foreign_buy_vol_1pct,foreign_buy_vol_2pct",5,366148,486790,625970,5.03,56800,2026-06-23,55300,-2.64,49650,-12.59,49400,-13.03,39000,-31.34,37000,-34.86,하락 전환,"D+1(2026-06-23) 시가 -2.64%, 종가 -12.59%; D+5 -13.03%; D+10 -31.34%; D+20 -34.86%"
2026-06-22,240810,원익IPS,foreign_buy_streak_3,"foreign_buy_streak_2,foreign_buy_streak_3,foreign_buy_2d_all,foreign_buy_3d_all,foreign_buy_vol_0_5pct,foreign_buy_vol_1pct,foreign_buy_vol_2pct",3,217696,225154,274563,10.72,172500,2026-06-23,172200,-0.17,150100,-12.99,159000,-7.83,124500,-27.83,116100,-32.70,하락 전환,"D+1(2026-06-23) 시가 -0.17%, 종가 -12.99%; D+5 -7.83%; D+10 -27.83%; D+20 -32.70%"
2026-06-22,012330,현대모비스,foreign_buy_streak_3,"foreign_buy_streak_2,foreign_buy_streak_3,foreign_buy_2d_all,foreign_buy_3d_all",3,1597,54144,112275,0.36,569000,2026-06-23,572000,0.53,510000,-10.37,502000,-11.78,515000,-9.49,479500,-15.73,하락 전환,"D+1(2026-06-23) 시가 +0.53%, 종가 -10.37%; D+5 -11.78%; D+10 -9.49%; D+20 -15.73%"
2026-06-22,320000,한울반도체,foreign_buy_streak_3,"foreign_buy_streak_2,foreign_buy_streak_3,foreign_buy_2d_all,foreign_buy_3d_all,foreign_buy_vol_0_5pct,foreign_buy_vol_1pct",3,138596,139302,162341,1.48,23150,2026-06-23,23800,2.81,23200,0.22,14130,-38.96,11780,-49.11,15280,-34.00,하락 전환,"D+1(2026-06-23) 시가 +2.81%, 종가 +0.22%; D+5 -38.96%; D+10 -49.11%; D+20 -34.00%"
2026-06-22,329180,HD현대중공업,foreign_buy_streak_4,"foreign_buy_streak_2,foreign_buy_streak_3,foreign_buy_2d_all,foreign_buy_3d_all,foreign_buy_vol_0_5pct,foreign_buy_vol_1pct,foreign_buy_vol_2pct",4,79994,230688,354895,25.01,636000,2026-06-23,645000,1.42,588000,-7.55,592000,-6.92,583000,-8.33,451500,-29.01,하락 전환,"D+1(2026-06-23) 시가 +1.42%, 종가 -7.55%; D+5 -6.92%; D+10 -8.33%; D+20 -29.01%"
2026-06-22,440110,파두,foreign_buy_streak_6,"foreign_buy_streak_2,foreign_buy_streak_3,foreign_buy_2d_all,foreign_buy_3d_all,foreign_buy_vol_0_5pct,foreign_buy_vol_1pct,foreign_buy_vol_2pct",6,386482,504350,536407,21.51,115900,2026-06-23,115900,0.00,89800,-22.52,85700,-26.06,72600,-37.36,77600,-33.05,하락 전환,"D+1(2026-06-23) 시가 +0.00%, 종가 -22.52%; D+5 -26.06%; D+10 -37.36%; D+20 -33.05%"
2026-06-22,034020,두산에너빌리티,foreign_buy_streak_2,"foreign_buy_streak_2,foreign_buy_2d_all,foreign_buy_vol_0_5pct,foreign_buy_vol_1pct,foreign_buy_vol_2pct",2,66735,141809,-1109232,3.11,94200,2026-06-23,94000,-0.21,89200,-5.31,88000,-6.58,85500,-9.24,66800,-29.09,하락 전환,"D+1(2026-06-23) 시가 -0.21%, 종가 -5.31%; D+5 -6.58%; D+10 -9.24%; D+20 -29.09%"
2026-06-22,035420,NAVER,foreign_buy_streak_5,"foreign_buy_streak_2,foreign_buy_streak_3,foreign_buy_2d_all,foreign_buy_3d_all,foreign_buy_vol_0_5pct,foreign_buy_vol_1pct,foreign_buy_vol_2pct",5,31170,289615,487539,3.60,222000,2026-06-23,219000,-1.35,202500,-8.78,204000,-8.11,196600,-11.44,193000,-13.06,하락 전환,"D+1(2026-06-23) 시가 -1.35%, 종가 -8.78%; D+5 -8.11%; D+10 -11.44%; D+20 -13.06%"
2026-06-22,000990,DB하이텍,foreign_buy_streak_5,"foreign_buy_streak_2,foreign_buy_streak_3,foreign_buy_2d_all,foreign_buy_3d_all,foreign_buy_vol_0_5pct,foreign_buy_vol_1pct,foreign_buy_vol_2pct",5,31588,101093,254158,2.87,174000,2026-06-23,172000,-1.15,151100,-13.16,143600,-17.47,112900,-35.11,104700,-39.83,하락 전환,"D+1(2026-06-23) 시가 -1.15%, 종가 -13.16%; D+5 -17.47%; D+10 -35.11%; D+20 -39.83%"
2026-06-22,319660,피에스케이,foreign_buy_streak_2,"foreign_buy_streak_2,foreign_buy_2d_all,foreign_buy_vol_0_5pct,foreign_buy_vol_1pct,foreign_buy_vol_2pct",2,44868,45959,-10977,4.62,180200,2026-06-23,180000,-0.11,159700,-11.38,177800,-1.33,170800,-5.22,170000,-5.66,하락 전환,"D+1(2026-06-23) 시가 -0.11%, 종가 -11.38%; D+5 -1.33%; D+10 -5.22%; D+20 -5.66%"
2026-06-22,093370,후성,foreign_buy_streak_3,"foreign_buy_streak_2,foreign_buy_streak_3,foreign_buy_2d_all,foreign_buy_3d_all,foreign_buy_vol_0_5pct,foreign_buy_vol_1pct,foreign_buy_vol_2pct",3,1005012,1250208,1575871,10.90,18600,2026-06-23,18600,0.00,17760,-4.52,18700,0.54,13260,-28.71,10670,-42.63,하락 전환,"D+1(2026-06-23) 시가 +0.00%, 종가 -4.52%; D+5 +0.54%; D+10 -28.71%; D+20 -42.63%"
2026-06-22,006800,미래에셋증권,foreign_buy_streak_7,"foreign_buy_streak_2,foreign_buy_streak_3,foreign_buy_2d_all,foreign_buy_3d_all,foreign_buy_vol_0_5pct,foreign_buy_vol_1pct,foreign_buy_vol_2pct",7,1052306,1972903,2036429,30.43,46100,2026-06-23,45800,-0.65,42150,-8.57,43550,-5.53,44750,-2.93,37250,-19.20,하락 전환,"D+1(2026-06-23) 시가 -0.65%, 종가 -8.57%; D+5 -5.53%; D+10 -2.93%; D+20 -19.20%"
2026-06-22,267260,HD현대일렉트릭,foreign_buy_streak_3,"foreign_buy_streak_2,foreign_buy_streak_3,foreign_buy_2d_all,foreign_buy_3d_all,foreign_buy_vol_0_5pct,foreign_buy_vol_1pct,foreign_buy_vol_2pct",3,17821,45736,55590,12.23,1033000,2026-06-23,1055000,2.13,949000,-8.13,937000,-9.29,929000,-10.07,778000,-24.69,하락 전환,"D+1(2026-06-23) 시가 +2.13%, 종가 -8.13%; D+5 -9.29%; D+10 -10.07%; D+20 -24.69%"
2026-06-22,010170,대한광통신,foreign_buy_streak_2,"foreign_buy_streak_2,foreign_buy_2d_all,foreign_buy_vol_0_5pct,foreign_buy_vol_1pct,foreign_buy_vol_2pct",2,561265,1188142,788719,5.97,15900,2026-06-23,16200,1.89,14270,-10.25,13540,-14.84,11330,-28.74,9860,-37.99,하락 전환,"D+1(2026-06-23) 시가 +1.89%, 종가 -10.25%; D+5 -14.84%; D+10 -28.74%; D+20 -37.99%"
2026-06-22,086520,에코프로,foreign_buy_streak_9,"foreign_buy_streak_2,foreign_buy_streak_3,foreign_buy_2d_all,foreign_buy_3d_all,foreign_buy_vol_0_5pct,foreign_buy_vol_1pct",9,16495,164395,259208,1.88,114500,2026-06-23,114200,-0.26,103000,-10.04,118000,3.06,85500,-25.33,75200,-34.32,하락 전환,"D+1(2026-06-23) 시가 -0.26%, 종가 -10.04%; D+5 +3.06%; D+10 -25.33%; D+20 -34.32%"
2026-06-22,178320,서진시스템,foreign_buy_streak_3,"foreign_buy_streak_2,foreign_buy_streak_3,foreign_buy_2d_all,foreign_buy_3d_all,foreign_buy_vol_0_5pct,foreign_buy_vol_1pct,foreign_buy_vol_2pct",3,622022,835809,920264,41.43,66400,2026-06-23,65000,-2.11,56700,-14.61,52800,-20.48,46950,-29.29,36200,-45.48,하락 전환,"D+1(2026-06-23) 시가 -2.11%, 종가 -14.61%; D+5 -20.48%; D+10 -29.29%; D+20 -45.48%"
2026-06-22,122640,예스티,foreign_buy_streak_2,"foreign_buy_streak_2,foreign_buy_2d_all,foreign_buy_vol_0_5pct,foreign_buy_vol_1pct,foreign_buy_vol_2pct",2,131582,231964,-304824,7.29,38500,2026-06-23,39500,2.60,38500,0.00,32250,-16.23,30250,-21.43,26500,-31.17,하락 전환,"D+1(2026-06-23) 시가 +2.60%, 종가 +0.00%; D+5 -16.23%; D+10 -21.43%; D+20 -31.17%"
2026-06-22,043260,성호전자,foreign_buy_streak_2,"foreign_buy_streak_2,foreign_buy_2d_all,foreign_buy_vol_0_5pct,foreign_buy_vol_1pct,foreign_buy_vol_2pct",2,146103,275779,75782,8.22,36900,2026-06-23,37050,0.41,31400,-14.91,28450,-22.90,21250,-42.41,17000,-53.93,하락 전환,"D+1(2026-06-23) 시가 +0.41%, 종가 -14.91%; D+5 -22.90%; D+10 -42.41%; D+20 -53.93%"
2026-06-22,005290,동진쎄미켐,foreign_buy_streak_2,"foreign_buy_streak_2,foreign_buy_2d_all,foreign_buy_vol_0_5pct,foreign_buy_vol_1pct,foreign_buy_vol_2pct",2,81513,110721,106772,8.28,63800,2026-06-23,63600,-0.31,57000,-10.66,56100,-12.07,49050,-23.12,42150,-33.93,하락 전환,"D+1(2026-06-23) 시가 -0.31%, 종가 -10.66%; D+5 -12.07%; D+10 -23.12%; D+20 -33.93%"
2026-06-22,095340,ISC,foreign_buy_streak_5,"foreign_buy_streak_2,foreign_buy_streak_3,foreign_buy_2d_all,foreign_buy_3d_all,foreign_buy_vol_0_5pct,foreign_buy_vol_1pct,foreign_buy_vol_2pct",5,18166,312684,336857,6.47,198200,2026-06-23,207500,4.69,190400,-3.94,185900,-6.21,152700,-22.96,139200,-29.77,하락 전환,"D+1(2026-06-23) 시가 +4.69%, 종가 -3.94%; D+5 -6.21%; D+10 -22.96%; D+20 -29.77%"
2026-06-23,011070,LG이노텍,foreign_buy_streak_2,"foreign_buy_streak_2,foreign_buy_2d_all,foreign_buy_vol_0_5pct,foreign_buy_vol_1pct,foreign_buy_vol_2pct",2,81355,136606,77420,15.92,991000,2026-06-24,969000,-2.22,957000,-3.43,981000,-1.01,814000,-17.86,647000,-34.71,하락 전환,"D+1(2026-06-24) 시가 -2.22%, 종가 -3.43%; D+5 -1.01%; D+10 -17.86%; D+20 -34.71%"
2026-06-23,034020,두산에너빌리티,foreign_buy_streak_3,"foreign_buy_streak_2,foreign_buy_streak_3,foreign_buy_2d_all,foreign_buy_3d_all,foreign_buy_vol_0_5pct,foreign_buy_vol_1pct,foreign_buy_vol_2pct",3,497068,563803,638877,11.20,89200,2026-06-24,89300,0.11,90600,1.57,86800,-2.69,81600,-8.52,69200,-22.42,하락 전환,"D+1(2026-06-24) 시가 +0.11%, 종가 +1.57%; D+5 -2.69%; D+10 -8.52%; D+20 -22.42%"
2026-06-23,012330,현대모비스,foreign_buy_streak_4,"foreign_buy_streak_2,foreign_buy_streak_3,foreign_buy_2d_all,foreign_buy_3d_all,foreign_buy_vol_0_5pct,foreign_buy_vol_1pct,foreign_buy_vol_2pct",4,103124,104721,157268,15.74,510000,2026-06-24,520000,1.96,509000,-0.20,500000,-1.96,495000,-2.94,513000,0.59,상승,"D+1(2026-06-24) 시가 +1.96%, 종가 -0.20%; D+5 -1.96%; D+10 -2.94%; D+20 +0.59%"
2026-06-23,298040,효성중공업,foreign_buy_streak_3,"foreign_buy_streak_2,foreign_buy_streak_3,foreign_buy_2d_all,foreign_buy_3d_all,foreign_buy_vol_0_5pct,foreign_buy_vol_1pct,foreign_buy_vol_2pct",3,3830,5498,22762,4.61,3616000,2026-06-24,3613000,-0.08,3353000,-7.27,3438000,-4.92,2902000,-19.75,2679000,-25.91,하락 전환,"D+1(2026-06-24) 시가 -0.08%, 종가 -7.27%; D+5 -4.92%; D+10 -19.75%; D+20 -25.91%"
2026-06-23,267260,HD현대일렉트릭,foreign_buy_streak_4,"foreign_buy_streak_2,foreign_buy_streak_3,foreign_buy_2d_all,foreign_buy_3d_all",4,805,18626,46541,0.35,949000,2026-06-24,943000,-0.63,937000,-1.26,972000,2.42,899000,-5.27,795000,-16.23,하락 전환,"D+1(2026-06-24) 시가 -0.63%, 종가 -1.26%; D+5 +2.42%; D+10 -5.27%; D+20 -16.23%"
2026-06-23,329180,HD현대중공업,foreign_buy_streak_5,"foreign_buy_streak_2,foreign_buy_streak_3,foreign_buy_2d_all,foreign_buy_3d_all,foreign_buy_vol_0_5pct,foreign_buy_vol_1pct,foreign_buy_vol_2pct",5,74850,154844,305538,21.30,588000,2026-06-24,595000,1.19,587000,-0.17,592000,0.68,552000,-6.12,464500,-21.00,하락 전환,"D+1(2026-06-24) 시가 +1.19%, 종가 -0.17%; D+5 +0.68%; D+10 -6.12%; D+20 -21.00%"
2026-06-23,000150,두산,foreign_buy_streak_6,"foreign_buy_streak_2,foreign_buy_streak_3,foreign_buy_2d_all,foreign_buy_3d_all,foreign_buy_vol_0_5pct,foreign_buy_vol_1pct,foreign_buy_vol_2pct",6,20331,46810,68283,16.22,1531000,2026-06-24,1578000,3.07,1545000,0.91,1487000,-2.87,1320000,-13.78,1215000,-20.64,하락 전환,"D+1(2026-06-24) 시가 +3.07%, 종가 +0.91%; D+5 -2.87%; D+10 -13.78%; D+20 -20.64%"
2026-06-23,006800,미래에셋증권,foreign_buy_streak_8,"foreign_buy_streak_2,foreign_buy_streak_3,foreign_buy_2d_all,foreign_buy_3d_all,foreign_buy_vol_0_5pct,foreign_buy_vol_1pct,foreign_buy_vol_2pct",8,1497598,2549904,3470501,31.93,42150,2026-06-24,40350,-4.27,41750,-0.95,42750,1.42,42600,1.07,37600,-10.79,하락 전환,"D+1(2026-06-24) 시가 -4.27%, 종가 -0.95%; D+5 +1.42%; D+10 +1.07%; D+20 -10.79%"
2026-06-23,403870,HPSP,foreign_buy_streak_3,"foreign_buy_streak_2,foreign_buy_streak_3,foreign_buy_2d_all,foreign_buy_3d_all,foreign_buy_vol_0_5pct,foreign_buy_vol_1pct",3,58279,327615,1044634,1.62,53000,2026-06-24,53000,0.00,50600,-4.53,54000,1.89,41500,-21.70,38800,-26.79,하락 전환,"D+1(2026-06-24) 시가 +0.00%, 종가 -4.53%; D+5 +1.89%; D+10 -21.70%; D+20 -26.79%"
2026-06-23,005490,POSCO홀딩스,foreign_buy_streak_6,"foreign_buy_streak_2,foreign_buy_streak_3,foreign_buy_2d_all,foreign_buy_3d_all,foreign_buy_vol_0_5pct,foreign_buy_vol_1pct,foreign_buy_vol_2pct",6,29441,68571,97539,5.18,322000,2026-06-24,322000,0.00,331500,2.95,317000,-1.55,315500,-2.02,303000,-5.90,하락 전환,"D+1(2026-06-24) 시가 +0.00%, 종가 +2.95%; D+5 -1.55%; D+10 -2.02%; D+20 -5.90%"
2026-06-23,010170,대한광통신,foreign_buy_streak_3,"foreign_buy_streak_2,foreign_buy_streak_3,foreign_buy_2d_all,foreign_buy_3d_all,foreign_buy_vol_0_5pct,foreign_buy_vol_1pct,foreign_buy_vol_2pct",3,1533848,2095113,2721990,16.04,14270,2026-06-24,14220,-0.35,14370,0.70,13200,-7.50,10960,-23.20,10090,-29.29,하락 전환,"D+1(2026-06-24) 시가 -0.35%, 종가 +0.70%; D+5 -7.50%; D+10 -23.20%; D+20 -29.29%"
2026-06-23,122640,예스티,foreign_buy_streak_3,"foreign_buy_streak_2,foreign_buy_streak_3,foreign_buy_2d_all,foreign_buy_3d_all,foreign_buy_vol_0_5pct,foreign_buy_vol_1pct,foreign_buy_vol_2pct",3,82242,213824,314206,2.61,38500,2026-06-24,40300,4.68,37500,-2.60,34800,-9.61,27600,-28.31,25450,-33.90,하락 전환,"D+1(2026-06-24) 시가 +4.68%, 종가 -2.60%; D+5 -9.61%; D+10 -28.31%; D+20 -33.90%"
2026-06-23,178320,서진시스템,foreign_buy_streak_4,"foreign_buy_streak_2,foreign_buy_streak_3,foreign_buy_2d_all,foreign_buy_3d_all,foreign_buy_vol_0_5pct,foreign_buy_vol_1pct,foreign_buy_vol_2pct",4,601082,1223104,1436891,29.88,56700,2026-06-24,56700,0.00,55500,-2.12,52500,-7.41,45750,-19.31,36250,-36.07,하락 전환,"D+1(2026-06-24) 시가 +0.00%, 종가 -2.12%; D+5 -7.41%; D+10 -19.31%; D+20 -36.07%"
2026-06-23,086520,에코프로,foreign_buy_streak_10,"foreign_buy_streak_2,foreign_buy_streak_3,foreign_buy_2d_all,foreign_buy_3d_all,foreign_buy_vol_0_5pct,foreign_buy_vol_1pct,foreign_buy_vol_2pct",10,88243,104738,252638,8.66,103000,2026-06-24,103100,0.10,107700,4.56,106600,3.50,84400,-18.06,77100,-25.15,하락 전환,"D+1(2026-06-24) 시가 +0.10%, 종가 +4.56%; D+5 +3.50%; D+10 -18.06%; D+20 -25.15%"
2026-06-23,095340,ISC,foreign_buy_streak_6,"foreign_buy_streak_2,foreign_buy_streak_3,foreign_buy_2d_all,foreign_buy_3d_all,foreign_buy_vol_0_5pct,foreign_buy_vol_1pct,foreign_buy_vol_2pct",6,51600,69766,364284,10.62,190400,2026-06-24,196500,3.20,190500,0.05,181500,-4.67,150100,-21.17,140500,-26.21,하락 전환,"D+1(2026-06-24) 시가 +3.20%, 종가 +0.05%; D+5 -4.67%; D+10 -21.17%; D+20 -26.21%"
2026-06-23,043260,성호전자,foreign_buy_streak_3,"foreign_buy_streak_2,foreign_buy_streak_3,foreign_buy_2d_all,foreign_buy_3d_all,foreign_buy_vol_0_5pct,foreign_buy_vol_1pct,foreign_buy_vol_2pct",3,591804,737907,867583,21.87,31400,2026-06-24,31450,0.16,30050,-4.30,29650,-5.57,19400,-38.22,18010,-42.64,하락 전환,"D+1(2026-06-24) 시가 +0.16%, 종가 -4.30%; D+5 -5.57%; D+10 -38.22%; D+20 -42.64%"
2026-06-23,277810,레인보우로보틱스,foreign_buy_streak_2,"foreign_buy_streak_2,foreign_buy_2d_all",2,505,13640,9285,0.32,503000,2026-06-24,522000,3.78,515000,2.39,519000,3.18,459500,-8.65,478500,-4.87,보합,"D+1(2026-06-24) 시가 +3.78%, 종가 +2.39%; D+5 +3.18%; D+10 -8.65%; D+20 -4.87%"
2026-06-23,039030,이오테크닉스,foreign_buy_streak_2,"foreign_buy_streak_2,foreign_buy_2d_all,foreign_buy_vol_0_5pct",2,1116,14730,12942,0.68,460000,2026-06-24,473000,2.83,486500,5.76,476000,3.48,370000,-19.57,308500,-32.93,하락 전환,"D+1(2026-06-24) 시가 +2.83%, 종가 +5.76%; D+5 +3.48%; D+10 -19.57%; D+20 -32.93%"
2026-06-24,011070,LG이노텍,foreign_buy_streak_3,"foreign_buy_streak_2,foreign_buy_streak_3,foreign_buy_2d_all,foreign_buy_3d_all,foreign_buy_vol_0_5pct,foreign_buy_vol_1pct,foreign_buy_vol_2pct",3,37681,119036,174287,9.32,957000,2026-06-25,1002000,4.70,953000,-0.42,907000,-5.22,763000,-20.27,679000,-29.05,하락 전환,"D+1(2026-06-25) 시가 +4.70%, 종가 -0.42%; D+5 -5.22%; D+10 -20.27%; D+20 -29.05%"
2026-06-24,032830,삼성생명,foreign_buy_streak_2,"foreign_buy_streak_2,foreign_buy_2d_all,foreign_buy_vol_0_5pct,foreign_buy_vol_1pct,foreign_buy_vol_2pct",2,36396,63542,25820,5.13,433000,2026-06-25,446500,3.12,447000,3.23,387000,-10.62,346000,-20.09,329500,-23.90,하락 전환,"D+1(2026-06-25) 시가 +3.12%, 종가 +3.23%; D+5 -10.62%; D+10 -20.09%; D+20 -23.90%"
2026-06-24,006400,삼성SDI,foreign_buy_streak_2,"foreign_buy_streak_2,foreign_buy_2d_all,foreign_buy_vol_0_5pct,foreign_buy_vol_1pct,foreign_buy_vol_2pct",2,12017,13462,-53648,2.07,489000,2026-06-25,501000,2.45,481000,-1.64,491000,0.41,412000,-15.75,467000,-4.50,보합,"D+1(2026-06-25) 시가 +2.45%, 종가 -1.64%; D+5 +0.41%; D+10 -15.75%; D+20 -4.50%"
2026-06-24,034020,두산에너빌리티,foreign_buy_streak_4,"foreign_buy_streak_2,foreign_buy_streak_3,foreign_buy_2d_all,foreign_buy_3d_all,foreign_buy_vol_0_5pct,foreign_buy_vol_1pct,foreign_buy_vol_2pct",4,112279,609347,676082,3.68,90600,2026-06-25,92100,1.66,87800,-3.09,88500,-2.32,74000,-18.32,73200,-19.21,하락 전환,"D+1(2026-06-25) 시가 +1.66%, 종가 -3.09%; D+5 -2.32%; D+10 -18.32%; D+20 -19.21%"
2026-06-24,329180,HD현대중공업,foreign_buy_streak_6,"foreign_buy_streak_2,foreign_buy_streak_3,foreign_buy_2d_all,foreign_buy_3d_all,foreign_buy_vol_0_5pct,foreign_buy_vol_1pct,foreign_buy_vol_2pct",6,17643,92493,172487,6.54,587000,2026-06-25,598000,1.87,582000,-0.85,615000,4.77,517000,-11.93,498000,-15.16,하락 전환,"D+1(2026-06-25) 시가 +1.87%, 종가 -0.85%; D+5 +4.77%; D+10 -11.93%; D+20 -15.16%"
2026-06-24,047040,대우건설,foreign_buy_streak_2,"foreign_buy_streak_2,foreign_buy_2d_all,foreign_buy_vol_0_5pct,foreign_buy_vol_1pct,foreign_buy_vol_2pct",2,808598,1670074,863114,10.20,19480,2026-06-25,19570,0.46,19860,1.95,19420,-0.31,15830,-18.74,16340,-16.12,하락 전환,"D+1(2026-06-25) 시가 +0.46%, 종가 +1.95%; D+5 -0.31%; D+10 -18.74%; D+20 -16.12%"
2026-06-24,006800,미래에셋증권,foreign_buy_streak_9,"foreign_buy_streak_2,foreign_buy_streak_3,foreign_buy_2d_all,foreign_buy_3d_all,foreign_buy_vol_0_5pct,foreign_buy_vol_1pct,foreign_buy_vol_2pct",9,471914,1969512,3021818,13.72,41750,2026-06-25,42700,2.28,43450,4.07,43650,4.55,40500,-2.99,39200,-6.11,하락 전환,"D+1(2026-06-25) 시가 +2.28%, 종가 +4.07%; D+5 +4.55%; D+10 -2.99%; D+20 -6.11%"
2026-06-24,086520,에코프로,foreign_buy_streak_11,"foreign_buy_streak_2,foreign_buy_streak_3,foreign_buy_2d_all,foreign_buy_3d_all,foreign_buy_vol_0_5pct,foreign_buy_vol_1pct,foreign_buy_vol_2pct",11,89172,177415,193910,8.35,107700,2026-06-25,107700,0.00,102000,-5.29,93000,-13.65,78000,-27.58,84300,-21.73,하락 전환,"D+1(2026-06-25) 시가 +0.00%, 종가 -5.29%; D+5 -13.65%; D+10 -27.58%; D+20 -21.73%"
2026-06-24,010170,대한광통신,foreign_buy_streak_4,"foreign_buy_streak_2,foreign_buy_streak_3,foreign_buy_2d_all,foreign_buy_3d_all,foreign_buy_vol_0_5pct,foreign_buy_vol_1pct,foreign_buy_vol_2pct",4,296796,1830644,2391909,3.90,14370,2026-06-25,14820,3.13,14370,0.00,13850,-3.62,10340,-28.04,10840,-24.57,하락 전환,"D+1(2026-06-25) 시가 +3.13%, 종가 +0.00%; D+5 -3.62%; D+10 -28.04%; D+20 -24.57%"
2026-06-24,178320,서진시스템,foreign_buy_streak_5,"foreign_buy_streak_2,foreign_buy_streak_3,foreign_buy_2d_all,foreign_buy_3d_all,foreign_buy_vol_0_5pct,foreign_buy_vol_1pct,foreign_buy_vol_2pct",5,537817,1138899,1760921,32.55,55500,2026-06-25,56000,0.90,53100,-4.32,56400,1.62,43600,-21.44,42500,-23.42,하락 전환,"D+1(2026-06-25) 시가 +0.90%, 종가 -4.32%; D+5 +1.62%; D+10 -21.44%; D+20 -23.42%"
2026-06-24,043260,성호전자,foreign_buy_streak_4,"foreign_buy_streak_2,foreign_buy_streak_3,foreign_buy_2d_all,foreign_buy_3d_all,foreign_buy_vol_0_5pct,foreign_buy_vol_1pct,foreign_buy_vol_2pct",4,343665,935469,1081572,14.15,30050,2026-06-25,32450,7.99,28750,-4.33,30600,1.83,18690,-37.80,19270,-35.87,하락 전환,"D+1(2026-06-25) 시가 +7.99%, 종가 -4.33%; D+5 +1.83%; D+10 -37.80%; D+20 -35.87%"
2026-06-24,087010,펩트론,foreign_buy_streak_4,"foreign_buy_streak_2,foreign_buy_streak_3,foreign_buy_2d_all,foreign_buy_3d_all,foreign_buy_vol_0_5pct,foreign_buy_vol_1pct,foreign_buy_vol_2pct",4,44232,104652,151483,14.46,216000,2026-06-25,212000,-1.85,180000,-16.67,181700,-15.88,160400,-25.74,108800,-49.63,하락 전환,"D+1(2026-06-25) 시가 -1.85%, 종가 -16.67%; D+5 -15.88%; D+10 -25.74%; D+20 -49.63%"
2026-06-25,196170,알테오젠,foreign_buy_streak_2,"foreign_buy_streak_2,foreign_buy_2d_all,foreign_buy_vol_0_5pct,foreign_buy_vol_1pct,foreign_buy_vol_2pct",2,31576,126248,111897,3.65,375000,2026-06-26,290083,-22.64,264307,-29.52,270462,-27.88,230835,-38.44,231220,-38.34,하락 전환,"D+1(2026-06-26) 시가 -22.64%, 종가 -29.52%; D+5 -27.88%; D+10 -38.44%; D+20 -38.34%"
2026-06-25,011070,LG이노텍,foreign_buy_streak_4,"foreign_buy_streak_2,foreign_buy_streak_3,foreign_buy_2d_all,foreign_buy_3d_all,foreign_buy_vol_0_5pct",4,2624,40305,121660,0.93,953000,2026-06-26,923000,-3.15,931000,-2.31,874000,-8.29,741000,-22.25,625000,-34.42,하락 전환,"D+1(2026-06-26) 시가 -3.15%, 종가 -2.31%; D+5 -8.29%; D+10 -22.25%; D+20 -34.42%"
2026-06-25,066570,LG전자,foreign_buy_streak_2,"foreign_buy_streak_2,foreign_buy_2d_all,foreign_buy_vol_0_5pct,foreign_buy_vol_1pct,foreign_buy_vol_2pct",2,54266,210410,87818,5.10,203000,2026-06-26,198100,-2.41,195900,-3.50,192300,-5.27,178000,-12.32,169200,-16.65,하락 전환,"D+1(2026-06-26) 시가 -2.41%, 종가 -3.50%; D+5 -5.27%; D+10 -12.32%; D+20 -16.65%"
2026-06-25,353200,대덕전자,foreign_buy_streak_7,"foreign_buy_streak_2,foreign_buy_streak_3,foreign_buy_2d_all,foreign_buy_3d_all,foreign_buy_vol_0_5pct,foreign_buy_vol_1pct,foreign_buy_vol_2pct",7,300496,453620,613832,24.80,133800,2026-06-26,133000,-0.60,133200,-0.45,131000,-2.09,112000,-16.29,109500,-18.16,하락 전환,"D+1(2026-06-26) 시가 -0.60%, 종가 -0.45%; D+5 -2.09%; D+10 -16.29%; D+20 -18.16%"
2026-06-25,047040,대우건설,foreign_buy_streak_3,"foreign_buy_streak_2,foreign_buy_streak_3,foreign_buy_2d_all,foreign_buy_3d_all,foreign_buy_vol_0_5pct,foreign_buy_vol_1pct,foreign_buy_vol_2pct",3,708605,1517203,2378679,10.12,19860,2026-06-26,19560,-1.51,18190,-8.41,18350,-7.60,16040,-19.23,15300,-22.96,하락 전환,"D+1(2026-06-26) 시가 -1.51%, 종가 -8.41%; D+5 -7.60%; D+10 -19.23%; D+20 -22.96%"
2026-06-25,003490,대한항공,foreign_buy_streak_2,"foreign_buy_streak_2,foreign_buy_2d_all,foreign_buy_vol_0_5pct,foreign_buy_vol_1pct,foreign_buy_vol_2pct",2,744327,845754,710032,15.62,29100,2026-06-26,28600,-1.72,28050,-3.61,28550,-1.89,26700,-8.25,25450,-12.54,하락 전환,"D+1(2026-06-26) 시가 -1.72%, 종가 -3.61%; D+5 -1.89%; D+10 -8.25%; D+20 -12.54%"
2026-06-25,086520,에코프로,foreign_buy_streak_12,"foreign_buy_streak_2,foreign_buy_streak_3,foreign_buy_2d_all,foreign_buy_3d_all,foreign_buy_vol_0_5pct,foreign_buy_vol_1pct,foreign_buy_vol_2pct",12,20212,109384,197627,2.11,102000,2026-06-26,101700,-0.29,95400,-6.47,86900,-14.80,79400,-22.16,78100,-23.43,하락 전환,"D+1(2026-06-26) 시가 -0.29%, 종가 -6.47%; D+5 -14.80%; D+10 -22.16%; D+20 -23.43%"
2026-06-25,178320,서진시스템,foreign_buy_streak_6,"foreign_buy_streak_2,foreign_buy_streak_3,foreign_buy_2d_all,foreign_buy_3d_all,foreign_buy_vol_0_5pct,foreign_buy_vol_1pct,foreign_buy_vol_2pct",6,461254,999071,1600153,24.67,53100,2026-06-26,52300,-1.51,48850,-8.00,51800,-2.45,41700,-21.47,39000,-26.55,하락 전환,"D+1(2026-06-26) 시가 -1.51%, 종가 -8.00%; D+5 -2.45%; D+10 -21.47%; D+20 -26.55%"
2026-06-25,247540,에코프로비엠,foreign_buy_streak_2,"foreign_buy_streak_2,foreign_buy_2d_all,foreign_buy_vol_0_5pct,foreign_buy_vol_1pct,foreign_buy_vol_2pct",2,33604,49251,-3333,6.26,144000,2026-06-26,142300,-1.18,133700,-7.15,125500,-12.85,111500,-22.57,108300,-24.79,하락 전환,"D+1(2026-06-26) 시가 -1.18%, 종가 -7.15%; D+5 -12.85%; D+10 -22.57%; D+20 -24.79%"
2026-06-25,214450,파마리서치,foreign_buy_streak_3,"foreign_buy_streak_2,foreign_buy_streak_3,foreign_buy_2d_all,foreign_buy_3d_all,foreign_buy_vol_0_5pct,foreign_buy_vol_1pct,foreign_buy_vol_2pct",3,31648,43301,44654,15.91,322500,2026-06-26,318500,-1.24,324000,0.47,360500,11.78,309000,-4.19,357000,10.70,상승 지속,"D+1(2026-06-26) 시가 -1.24%, 종가 +0.47%; D+5 +11.78%; D+10 -4.19%; D+20 +10.70%"
2026-06-25,320000,한울반도체,foreign_buy_streak_2,"foreign_buy_streak_2,foreign_buy_2d_all",2,1175,8342,-120160,0.04,16840,2026-06-26,16340,-2.97,13930,-17.28,12300,-26.96,11830,-29.75,12700,-24.58,하락 전환,"D+1(2026-06-26) 시가 -2.97%, 종가 -17.28%; D+5 -26.96%; D+10 -29.75%; D+20 -24.58%"
2026-06-26,036930,주성엔지니어링,foreign_buy_streak_2,"foreign_buy_streak_2,foreign_buy_2d_all,foreign_buy_vol_0_5pct,foreign_buy_vol_1pct,foreign_buy_vol_2pct",2,177825,426249,425162,6.43,165600,2026-06-29,170900,3.20,176600,6.64,192600,16.30,191900,15.88,149900,-9.48,하락 전환,"D+1(2026-06-29) 시가 +3.20%, 종가 +6.64%; D+5 +16.30%; D+10 +15.88%; D+20 -9.48%"
2026-06-26,066570,LG전자,foreign_buy_streak_3,"foreign_buy_streak_2,foreign_buy_streak_3,foreign_buy_2d_all,foreign_buy_3d_all,foreign_buy_vol_0_5pct,foreign_buy_vol_1pct,foreign_buy_vol_2pct",3,251469,305735,461879,12.46,195900,2026-06-29,195600,-0.15,196700,0.41,191000,-2.50,182400,-6.89,172300,-12.05,하락 전환,"D+1(2026-06-29) 시가 -0.15%, 종가 +0.41%; D+5 -2.50%; D+10 -6.89%; D+20 -12.05%"
2026-06-26,012330,현대모비스,foreign_buy_streak_2,"foreign_buy_streak_2,foreign_buy_2d_all,foreign_buy_vol_0_5pct,foreign_buy_vol_1pct,foreign_buy_vol_2pct",2,70948,115098,112998,14.35,486500,2026-06-29,480000,-1.34,502000,3.19,494000,1.54,488000,0.31,463500,-4.73,보합,"D+1(2026-06-29) 시가 -1.34%, 종가 +3.19%; D+5 +1.54%; D+10 +0.31%; D+20 -4.73%"
2026-06-26,298040,효성중공업,foreign_buy_streak_2,"foreign_buy_streak_2,foreign_buy_2d_all,foreign_buy_vol_0_5pct,foreign_buy_vol_1pct,foreign_buy_vol_2pct",2,6105,7742,-4609,9.67,3103000,2026-06-29,3214000,3.58,3274000,5.51,3323000,7.09,2924000,-5.77,2625000,-15.40,하락 전환,"D+1(2026-06-29) 시가 +3.58%, 종가 +5.51%; D+5 +7.09%; D+10 -5.77%; D+20 -15.40%"
2026-06-26,373220,LG에너지솔루션,foreign_buy_streak_2,"foreign_buy_streak_2,foreign_buy_2d_all,foreign_buy_vol_0_5pct,foreign_buy_vol_1pct",2,7924,58779,25926,1.36,331500,2026-06-29,336000,1.36,400500,20.81,362500,9.35,326000,-1.66,333000,0.45,상승,"D+1(2026-06-29) 시가 +1.36%, 종가 +20.81%; D+5 +9.35%; D+10 -1.66%; D+20 +0.45%"
2026-06-26,329180,HD현대중공업,foreign_buy_streak_8,"foreign_buy_streak_2,foreign_buy_streak_3,foreign_buy_2d_all,foreign_buy_3d_all,foreign_buy_vol_0_5pct,foreign_buy_vol_1pct,foreign_buy_vol_2pct",8,117223,120552,138195,37.01,564000,2026-06-29,567000,0.53,592000,4.96,577000,2.30,504000,-10.64,486500,-13.74,하락 전환,"D+1(2026-06-29) 시가 +0.53%, 종가 +4.96%; D+5 +2.30%; D+10 -10.64%; D+20 -13.74%"
2026-06-26,005490,POSCO홀딩스,foreign_buy_streak_9,"foreign_buy_streak_2,foreign_buy_streak_3,foreign_buy_2d_all,foreign_buy_3d_all,foreign_buy_vol_0_5pct,foreign_buy_vol_1pct,foreign_buy_vol_2pct",9,22232,36685,91374,4.00,305000,2026-06-29,308000,0.98,333000,9.18,320000,4.92,313500,2.79,316000,3.61,상승,"D+1(2026-06-29) 시가 +0.98%, 종가 +9.18%; D+5 +4.92%; D+10 +2.79%; D+20 +3.61%"
2026-06-26,353200,대덕전자,foreign_buy_streak_8,"foreign_buy_streak_2,foreign_buy_streak_3,foreign_buy_2d_all,foreign_buy_3d_all,foreign_buy_vol_0_5pct,foreign_buy_vol_1pct,foreign_buy_vol_2pct",8,92225,392721,545845,8.12,133200,2026-06-29,133700,0.38,132100,-0.83,129600,-2.70,120900,-9.23,109400,-17.87,하락 전환,"D+1(2026-06-29) 시가 +0.38%, 종가 -0.83%; D+5 -2.70%; D+10 -9.23%; D+20 -17.87%"
2026-06-26,086520,에코프로,foreign_buy_streak_13,"foreign_buy_streak_2,foreign_buy_streak_3,foreign_buy_2d_all,foreign_buy_3d_all,foreign_buy_vol_0_5pct,foreign_buy_vol_1pct,foreign_buy_vol_2pct",13,251551,271763,360935,17.06,95400,2026-06-29,95600,0.21,118000,23.69,87300,-8.49,85800,-10.06,80600,-15.51,하락 전환,"D+1(2026-06-29) 시가 +0.21%, 종가 +23.69%; D+5 -8.49%; D+10 -10.06%; D+20 -15.51%"
2026-06-26,247540,에코프로비엠,foreign_buy_streak_3,"foreign_buy_streak_2,foreign_buy_streak_3,foreign_buy_2d_all,foreign_buy_3d_all,foreign_buy_vol_0_5pct,foreign_buy_vol_1pct,foreign_buy_vol_2pct",3,155469,189073,204720,19.49,133700,2026-06-29,133000,-0.52,154500,15.56,124400,-6.96,121600,-9.05,110500,-17.35,하락 전환,"D+1(2026-06-29) 시가 -0.52%, 종가 +15.56%; D+5 -6.96%; D+10 -9.05%; D+20 -17.35%"
2026-06-26,039030,이오테크닉스,foreign_buy_streak_2,"foreign_buy_streak_2,foreign_buy_2d_all,foreign_buy_vol_0_5pct,foreign_buy_vol_1pct,foreign_buy_vol_2pct",2,7280,19979,17831,3.50,485000,2026-06-29,485000,0.00,456500,-5.88,392500,-19.07,378500,-21.96,309000,-36.29,하락 전환,"D+1(2026-06-29) 시가 +0.00%, 종가 -5.88%; D+5 -19.07%; D+10 -21.96%; D+20 -36.29%"
2026-06-26,419050,삼기에너지솔루션즈,foreign_buy_streak_2,"foreign_buy_streak_2,foreign_buy_2d_all",2,61701,222585,-24320,0.13,1540,2026-06-29,1525,-0.97,1620,5.19,1735,12.66,1686,9.48,1264,-17.92,하락 전환,"D+1(2026-06-29) 시가 -0.97%, 종가 +5.19%; D+5 +12.66%; D+10 +9.48%; D+20 -17.92%"
2026-06-26,178320,서진시스템,foreign_buy_streak_7,"foreign_buy_streak_2,foreign_buy_streak_3,foreign_buy_2d_all,foreign_buy_3d_all,foreign_buy_vol_0_5pct,foreign_buy_vol_1pct,foreign_buy_vol_2pct",7,372090,833344,1371161,28.61,48850,2026-06-29,48750,-0.20,52800,8.09,50900,4.20,47350,-3.07,39800,-18.53,하락 전환,"D+1(2026-06-29) 시가 -0.20%, 종가 +8.09%; D+5 +4.20%; D+10 -3.07%; D+20 -18.53%"
2026-06-26,098460,고영,foreign_buy_streak_7,"foreign_buy_streak_2,foreign_buy_streak_3,foreign_buy_2d_all,foreign_buy_3d_all,foreign_buy_vol_0_5pct,foreign_buy_vol_1pct,foreign_buy_vol_2pct",7,232264,296620,369033,13.32,29550,2026-06-29,29550,0.00,31400,6.26,30100,1.86,28800,-2.54,27650,-6.43,하락 전환,"D+1(2026-06-29) 시가 +0.00%, 종가 +6.26%; D+5 +1.86%; D+10 -2.54%; D+20 -6.43%"
2026-06-30,009150,삼성전기,foreign_buy_streak_3,"foreign_buy_streak_2,foreign_buy_streak_3,foreign_buy_2d_all,foreign_buy_3d_all,foreign_buy_vol_0_5pct,foreign_buy_vol_1pct,foreign_buy_vol_2pct",3,194436,245168,299330,14.70,2184000,2026-07-01,2250000,3.02,2205000,0.96,1648000,-24.54,1260000,-42.31,1029000,-52.88,하락 전환,"D+1(2026-07-01) 시가 +3.02%, 종가 +0.96%; D+5 -24.54%; D+10 -42.31%; D+20 -52.88%"
2026-06-30,403870,HPSP,foreign_buy_streak_3,"foreign_buy_streak_2,foreign_buy_streak_3,foreign_buy_2d_all,foreign_buy_3d_all,foreign_buy_vol_0_5pct,foreign_buy_vol_1pct,foreign_buy_vol_2pct",3,440065,1061553,1411768,8.26,54000,2026-07-01,54900,1.67,50200,-7.04,41500,-23.15,42000,-22.22,29650,-45.09,하락 전환,"D+1(2026-07-01) 시가 +1.67%, 종가 -7.04%; D+5 -23.15%; D+10 -22.22%; D+20 -45.09%"
2026-06-30,011070,LG이노텍,foreign_buy_streak_2,"foreign_buy_streak_2,foreign_buy_2d_all,foreign_buy_vol_0_5pct,foreign_buy_vol_1pct,foreign_buy_vol_2pct",2,27977,70432,60001,10.96,981000,2026-07-01,983000,0.20,907000,-7.54,814000,-17.02,641000,-34.66,458000,-53.31,하락 전환,"D+1(2026-07-01) 시가 +0.20%, 종가 -7.54%; D+5 -17.02%; D+10 -34.66%; D+20 -53.31%"
2026-06-30,058470,리노공업,foreign_buy_streak_2,"foreign_buy_streak_2,foreign_buy_2d_all,foreign_buy_vol_0_5pct,foreign_buy_vol_1pct,foreign_buy_vol_2pct",2,434907,616619,612272,28.89,84000,2026-07-01,86000,2.38,81700,-2.74,71900,-14.40,73100,-12.98,58200,-30.71,하락 전환,"D+1(2026-07-01) 시가 +2.38%, 종가 -2.74%; D+5 -14.40%; D+10 -12.98%; D+20 -30.71%"
2026-06-30,095340,ISC,foreign_buy_streak_4,"foreign_buy_streak_2,foreign_buy_streak_3,foreign_buy_2d_all,foreign_buy_3d_all,foreign_buy_vol_0_5pct,foreign_buy_vol_1pct,foreign_buy_vol_2pct",4,207260,285655,285912,44.02,181500,2026-07-01,183700,1.21,170700,-5.95,150100,-17.30,150000,-17.36,110900,-38.90,하락 전환,"D+1(2026-07-01) 시가 +1.21%, 종가 -5.95%; D+5 -17.30%; D+10 -17.36%; D+20 -38.90%"
2026-06-30,031980,피에스케이홀딩스,foreign_buy_streak_2,"foreign_buy_streak_2,foreign_buy_2d_all,foreign_buy_vol_0_5pct,foreign_buy_vol_1pct,foreign_buy_vol_2pct",2,11983,12052,4463,2.49,160000,2026-07-01,161600,1.00,166500,4.06,127600,-20.25,141000,-11.88,82100,-48.69,하락 전환,"D+1(2026-07-01) 시가 +1.00%, 종가 +4.06%; D+5 -20.25%; D+10 -11.88%; D+20 -48.69%"
2026-06-30,010170,대한광통신,foreign_buy_streak_3,"foreign_buy_streak_2,foreign_buy_streak_3,foreign_buy_2d_all,foreign_buy_3d_all,foreign_buy_vol_0_5pct,foreign_buy_vol_1pct,foreign_buy_vol_2pct",3,409989,1175722,3379086,7.56,13200,2026-07-01,13450,1.89,13850,4.92,10960,-16.97,11050,-16.29,7450,-43.56,하락 전환,"D+1(2026-07-01) 시가 +1.89%, 종가 +4.92%; D+5 -16.97%; D+10 -16.29%; D+20 -43.56%"
2026-07-01,009150,삼성전기,foreign_buy_streak_4,"foreign_buy_streak_2,foreign_buy_streak_3,foreign_buy_2d_all,foreign_buy_3d_all,foreign_buy_vol_0_5pct,foreign_buy_vol_1pct,foreign_buy_vol_2pct",4,50806,245242,295974,5.13,2205000,2026-07-02,2081000,-5.62,1926000,-12.65,1479000,-32.93,1413000,-35.92,879000,-60.14,하락 전환,"D+1(2026-07-02) 시가 -5.62%, 종가 -12.65%; D+5 -32.93%; D+10 -35.92%; D+20 -60.14%"
2026-07-01,240810,원익IPS,foreign_buy_streak_2,"foreign_buy_streak_2,foreign_buy_2d_all,foreign_buy_vol_0_5pct,foreign_buy_vol_1pct,foreign_buy_vol_2pct",2,322305,862885,706313,5.35,165600,2026-07-02,154400,-6.76,131600,-20.53,102700,-37.98,142700,-13.83,76300,-53.93,하락 전환,"D+1(2026-07-02) 시가 -6.76%, 종가 -20.53%; D+5 -37.98%; D+10 -13.83%; D+20 -53.93%"
2026-07-01,403870,HPSP,foreign_buy_streak_4,"foreign_buy_streak_2,foreign_buy_streak_3,foreign_buy_2d_all,foreign_buy_3d_all,foreign_buy_vol_0_5pct,foreign_buy_vol_1pct,foreign_buy_vol_2pct",4,1177496,1617561,2239049,9.57,50200,2026-07-02,48350,-3.69,43700,-12.95,38250,-23.80,46700,-6.97,28550,-43.13,하락 전환,"D+1(2026-07-02) 시가 -3.69%, 종가 -12.95%; D+5 -23.80%; D+10 -6.97%; D+20 -43.13%"
2026-07-01,000990,DB하이텍,foreign_buy_streak_2,"foreign_buy_streak_2,foreign_buy_2d_all,foreign_buy_vol_0_5pct,foreign_buy_vol_1pct,foreign_buy_vol_2pct",2,1333032,1629145,1593838,57.87,133200,2026-07-02,128000,-3.90,116800,-12.31,111800,-16.07,120800,-9.31,71200,-46.55,하락 전환,"D+1(2026-07-02) 시가 -3.90%, 종가 -12.31%; D+5 -16.07%; D+10 -9.31%; D+20 -46.55%"
2026-07-01,011070,LG이노텍,foreign_buy_streak_3,"foreign_buy_streak_2,foreign_buy_streak_3,foreign_buy_2d_all,foreign_buy_3d_all,foreign_buy_vol_0_5pct,foreign_buy_vol_1pct,foreign_buy_vol_2pct",3,19617,47594,90049,7.00,907000,2026-07-02,864000,-4.74,874000,-3.64,763000,-15.88,688000,-24.15,424000,-53.25,하락 전환,"D+1(2026-07-02) 시가 -4.74%, 종가 -3.64%; D+5 -15.88%; D+10 -24.15%; D+20 -53.25%"
2026-07-01,039030,이오테크닉스,foreign_buy_streak_2,"foreign_buy_streak_2,foreign_buy_2d_all,foreign_buy_vol_0_5pct,foreign_buy_vol_1pct,foreign_buy_vol_2pct",2,169576,367140,365424,31.45,435000,2026-07-02,425500,-2.18,384500,-11.61,345000,-20.69,385000,-11.49,240000,-44.83,하락 전환,"D+1(2026-07-02) 시가 -2.18%, 종가 -11.61%; D+5 -20.69%; D+10 -11.49%; D+20 -44.83%"
2026-07-01,058470,리노공업,foreign_buy_streak_3,"foreign_buy_streak_2,foreign_buy_streak_3,foreign_buy_2d_all,foreign_buy_3d_all,foreign_buy_vol_0_5pct,foreign_buy_vol_1pct,foreign_buy_vol_2pct",3,1390636,1825543,2007255,48.61,81700,2026-07-02,81800,0.12,75100,-8.08,69200,-15.30,77900,-4.65,55200,-32.44,하락 전환,"D+1(2026-07-02) 시가 +0.12%, 종가 -8.08%; D+5 -15.30%; D+10 -4.65%; D+20 -32.44%"
2026-07-01,222800,심텍,foreign_buy_streak_2,"foreign_buy_streak_2,foreign_buy_2d_all,foreign_buy_vol_0_5pct,foreign_buy_vol_1pct,foreign_buy_vol_2pct",2,133049,166194,10650,9.25,157300,2026-07-02,144000,-8.46,124700,-20.72,104600,-33.50,121600,-22.70,63800,-59.44,하락 전환,"D+1(2026-07-02) 시가 -8.46%, 종가 -20.72%; D+5 -33.50%; D+10 -22.70%; D+20 -59.44%"
2026-07-01,095340,ISC,foreign_buy_streak_5,"foreign_buy_streak_2,foreign_buy_streak_3,foreign_buy_2d_all,foreign_buy_3d_all,foreign_buy_vol_0_5pct,foreign_buy_vol_1pct,foreign_buy_vol_2pct",5,592938,800198,878593,54.69,170700,2026-07-02,165600,-2.99,154100,-9.72,137400,-19.51,158500,-7.15,106500,-37.61,하락 전환,"D+1(2026-07-02) 시가 -2.99%, 종가 -9.72%; D+5 -19.51%; D+10 -7.15%; D+20 -37.61%"
2026-07-01,357780,솔브레인,foreign_buy_streak_5,"foreign_buy_streak_2,foreign_buy_streak_3,foreign_buy_2d_all,foreign_buy_3d_all,foreign_buy_vol_0_5pct,foreign_buy_vol_1pct,foreign_buy_vol_2pct",5,159342,209331,268667,44.01,338500,2026-07-02,328500,-2.95,303500,-10.34,290000,-14.33,306500,-9.45,224500,-33.68,하락 전환,"D+1(2026-07-02) 시가 -2.95%, 종가 -10.34%; D+5 -14.33%; D+10 -9.45%; D+20 -33.68%"
2026-07-01,010170,대한광통신,foreign_buy_streak_4,"foreign_buy_streak_2,foreign_buy_streak_3,foreign_buy_2d_all,foreign_buy_3d_all,foreign_buy_vol_0_5pct,foreign_buy_vol_1pct,foreign_buy_vol_2pct",4,263479,673468,1439201,3.12,13850,2026-07-02,13300,-3.97,11960,-13.65,10340,-25.34,11680,-15.67,7160,-48.30,하락 전환,"D+1(2026-07-02) 시가 -3.97%, 종가 -13.65%; D+5 -25.34%; D+10 -15.67%; D+20 -48.30%"
2026-07-01,440110,파두,foreign_buy_streak_2,"foreign_buy_streak_2,foreign_buy_2d_all,foreign_buy_vol_0_5pct,foreign_buy_vol_1pct,foreign_buy_vol_2pct",2,174587,221558,171784,21.42,82600,2026-07-02,80000,-3.15,76000,-7.99,64700,-21.67,79900,-3.27,48800,-40.92,하락 전환,"D+1(2026-07-02) 시가 -3.15%, 종가 -7.99%; D+5 -21.67%; D+10 -3.27%; D+20 -40.92%"
2026-07-02,005935,삼성전자우,foreign_buy_streak_2,"foreign_buy_streak_2,foreign_buy_2d_all,foreign_buy_vol_0_5pct,foreign_buy_vol_1pct,foreign_buy_vol_2pct",2,574203,605824,-99282,12.52,188700,2026-07-03,191000,1.22,208000,10.23,185600,-1.64,172000,-8.85,191000,1.22,상승,"D+1(2026-07-03) 시가 +1.22%, 종가 +10.23%; D+5 -1.64%; D+10 -8.85%; D+20 +1.22%"
2026-07-02,002990,금호건설,foreign_buy_streak_3,"foreign_buy_streak_2,foreign_buy_streak_3,foreign_buy_2d_all,foreign_buy_3d_all",3,75603,86984,184267,0.21,11730,2026-07-03,11440,-2.47,9500,-19.01,17310,47.57,10900,-7.08,9110,-22.34,하락 전환,"D+1(2026-07-03) 시가 -2.47%, 종가 -19.01%; D+5 +47.57%; D+10 -7.08%; D+20 -22.34%"
2026-07-02,042700,한미반도체,foreign_buy_streak_2,"foreign_buy_streak_2,foreign_buy_2d_all,foreign_buy_vol_0_5pct,foreign_buy_vol_1pct,foreign_buy_vol_2pct",2,76097,493935,462467,5.25,219500,2026-07-03,217000,-1.14,232500,5.92,215500,-1.82,242500,10.48,214500,-2.28,보합,"D+1(2026-07-03) 시가 -1.14%, 종가 +5.92%; D+5 -1.82%; D+10 +10.48%; D+20 -2.28%"
2026-07-02,475150,SK이터닉스,foreign_buy_streak_2,"foreign_buy_streak_2,foreign_buy_2d_all,foreign_buy_vol_0_5pct,foreign_buy_vol_1pct",2,88687,295383,29581,1.63,52700,2026-07-03,54000,2.47,47750,-9.39,42500,-19.35,52000,-1.33,45450,-13.76,하락 전환,"D+1(2026-07-03) 시가 +2.47%, 종가 -9.39%; D+5 -19.35%; D+10 -1.33%; D+20 -13.76%"
2026-07-02,028260,삼성물산,foreign_buy_streak_2,"foreign_buy_streak_2,foreign_buy_2d_all,foreign_buy_vol_0_5pct,foreign_buy_vol_1pct,foreign_buy_vol_2pct",2,110956,219489,151034,14.82,406500,2026-07-03,405500,-0.25,433500,6.64,378500,-6.89,346000,-14.88,351500,-13.53,하락 전환,"D+1(2026-07-03) 시가 -0.25%, 종가 +6.64%; D+5 -6.89%; D+10 -14.88%; D+20 -13.53%"
2026-07-02,012330,현대모비스,foreign_buy_streak_2,"foreign_buy_streak_2,foreign_buy_2d_all,foreign_buy_vol_0_5pct,foreign_buy_vol_1pct",2,11672,12790,-9969,1.97,492000,2026-07-03,487500,-0.91,494000,0.41,465000,-5.49,482000,-2.03,476000,-3.25,보합,"D+1(2026-07-03) 시가 -0.91%, 종가 +0.41%; D+5 -5.49%; D+10 -2.03%; D+20 -3.25%"
2026-07-02,403870,HPSP,foreign_buy_streak_5,"foreign_buy_streak_2,foreign_buy_streak_3,foreign_buy_2d_all,foreign_buy_3d_all,foreign_buy_vol_0_5pct,foreign_buy_vol_1pct",5,108247,1285743,1725808,1.75,43700,2026-07-03,44000,0.69,48500,10.98,39300,-10.07,42500,-2.75,34600,-20.82,하락 전환,"D+1(2026-07-03) 시가 +0.69%, 종가 +10.98%; D+5 -10.07%; D+10 -2.75%; D+20 -20.82%"
2026-07-02,035420,NAVER,foreign_buy_streak_2,"foreign_buy_streak_2,foreign_buy_2d_all,foreign_buy_vol_0_5pct,foreign_buy_vol_1pct,foreign_buy_vol_2pct",2,178765,281564,187931,15.38,199900,2026-07-03,199900,0.00,195800,-2.05,184400,-7.75,190000,-4.95,208000,4.05,상승,"D+1(2026-07-03) 시가 +0.00%, 종가 -2.05%; D+5 -7.75%; D+10 -4.95%; D+20 +4.05%"
2026-07-02,011070,LG이노텍,foreign_buy_streak_4,"foreign_buy_streak_2,foreign_buy_streak_3,foreign_buy_2d_all,foreign_buy_3d_all,foreign_buy_vol_0_5pct,foreign_buy_vol_1pct,foreign_buy_vol_2pct",4,36206,55823,83800,14.30,874000,2026-07-03,889000,1.72,872000,-0.23,741000,-15.22,668000,-23.57,514000,-41.19,하락 전환,"D+1(2026-07-03) 시가 +1.72%, 종가 -0.23%; D+5 -15.22%; D+10 -23.57%; D+20 -41.19%"
2026-07-02,058470,리노공업,foreign_buy_streak_4,"foreign_buy_streak_2,foreign_buy_streak_3,foreign_buy_2d_all,foreign_buy_3d_all,foreign_buy_vol_0_5pct,foreign_buy_vol_1pct,foreign_buy_vol_2pct",4,1072405,2463041,2897948,41.35,75100,2026-07-03,74800,-0.40,78600,4.66,70000,-6.79,72300,-3.73,64100,-14.65,하락 전환,"D+1(2026-07-03) 시가 -0.40%, 종가 +4.66%; D+5 -6.79%; D+10 -3.73%; D+20 -14.65%"
2026-07-02,000270,기아,foreign_buy_streak_2,"foreign_buy_streak_2,foreign_buy_2d_all,foreign_buy_vol_0_5pct,foreign_buy_vol_1pct,foreign_buy_vol_2pct",2,56594,181579,63856,4.30,145200,2026-07-03,146800,1.10,152000,4.68,144800,-0.28,149700,3.10,131900,-9.16,하락 전환,"D+1(2026-07-03) 시가 +1.10%, 종가 +4.68%; D+5 -0.28%; D+10 +3.10%; D+20 -9.16%"
2026-07-02,003490,대한항공,foreign_buy_streak_2,"foreign_buy_streak_2,foreign_buy_2d_all,foreign_buy_vol_0_5pct,foreign_buy_vol_1pct,foreign_buy_vol_2pct",2,175077,242947,196061,2.66,28550,2026-07-03,28800,0.88,28850,1.05,26700,-6.48,26500,-7.18,25900,-9.28,하락 전환,"D+1(2026-07-03) 시가 +0.88%, 종가 +1.05%; D+5 -6.48%; D+10 -7.18%; D+20 -9.28%"
2026-07-02,032830,삼성생명,foreign_buy_streak_2,"foreign_buy_streak_2,foreign_buy_2d_all,foreign_buy_vol_0_5pct,foreign_buy_vol_1pct,foreign_buy_vol_2pct",2,24131,112770,109132,5.06,370500,2026-07-03,368500,-0.54,383000,3.37,326000,-12.01,331000,-10.66,311500,-15.92,하락 전환,"D+1(2026-07-03) 시가 -0.54%, 종가 +3.37%; D+5 -12.01%; D+10 -10.66%; D+20 -15.92%"
2026-07-02,039030,이오테크닉스,foreign_buy_streak_3,"foreign_buy_streak_2,foreign_buy_streak_3,foreign_buy_2d_all,foreign_buy_3d_all,foreign_buy_vol_0_5pct,foreign_buy_vol_1pct,foreign_buy_vol_2pct",3,115577,285153,482717,32.86,384500,2026-07-03,385500,0.26,392500,2.08,342500,-10.92,344000,-10.53,296000,-23.02,하락 전환,"D+1(2026-07-03) 시가 +0.26%, 종가 +2.08%; D+5 -10.92%; D+10 -10.53%; D+20 -23.02%"
2026-07-02,095340,ISC,foreign_buy_streak_6,"foreign_buy_streak_2,foreign_buy_streak_3,foreign_buy_2d_all,foreign_buy_3d_all,foreign_buy_vol_0_5pct,foreign_buy_vol_1pct,foreign_buy_vol_2pct",6,284508,877446,1084706,48.29,154100,2026-07-03,152600,-0.97,167000,8.37,141800,-7.98,145000,-5.91,129600,-15.90,하락 전환,"D+1(2026-07-03) 시가 -0.97%, 종가 +8.37%; D+5 -7.98%; D+10 -5.91%; D+20 -15.90%"
2026-07-02,084370,유진테크,foreign_buy_streak_2,"foreign_buy_streak_2,foreign_buy_2d_all,foreign_buy_vol_0_5pct,foreign_buy_vol_1pct,foreign_buy_vol_2pct",2,12934,20252,4393,2.81,175300,2026-07-03,175800,0.29,171600,-2.11,147000,-16.14,146800,-16.26,112300,-35.94,하락 전환,"D+1(2026-07-03) 시가 +0.29%, 종가 -2.11%; D+5 -16.14%; D+10 -16.26%; D+20 -35.94%"
2026-07-02,440110,파두,foreign_buy_streak_3,"foreign_buy_streak_2,foreign_buy_streak_3,foreign_buy_2d_all,foreign_buy_3d_all,foreign_buy_vol_0_5pct,foreign_buy_vol_1pct,foreign_buy_vol_2pct",3,233419,408006,454977,31.50,76000,2026-07-03,76000,0.00,79600,4.74,71800,-5.53,70400,-7.37,63400,-16.58,하락 전환,"D+1(2026-07-03) 시가 +0.00%, 종가 +4.74%; D+5 -5.53%; D+10 -7.37%; D+20 -16.58%"
2026-07-02,475040,스트라드비젼,foreign_buy_streak_2,"foreign_buy_streak_2,foreign_buy_2d_all,foreign_buy_vol_0_5pct,foreign_buy_vol_1pct",2,151268,309185,-730559,1.48,4615,2026-07-03,4670,1.19,4580,-0.76,4495,-2.60,3295,-28.60,2550,-44.75,하락 전환,"D+1(2026-07-03) 시가 +1.19%, 종가 -0.76%; D+5 -2.60%; D+10 -28.60%; D+20 -44.75%"
2026-07-02,228340,동양파일,foreign_buy_streak_4,"foreign_buy_streak_2,foreign_buy_streak_3,foreign_buy_2d_all,foreign_buy_3d_all",4,37802,42440,106294,0.38,4370,2026-07-03,4215,-3.55,3245,-25.74,3770,-13.73,2865,-34.44,2450,-43.94,하락 전환,"D+1(2026-07-03) 시가 -3.55%, 종가 -25.74%; D+5 -13.73%; D+10 -34.44%; D+20 -43.94%"
2026-07-03,005935,삼성전자우,foreign_buy_streak_3,"foreign_buy_streak_2,foreign_buy_streak_3,foreign_buy_2d_all,foreign_buy_3d_all,foreign_buy_vol_0_5pct,foreign_buy_vol_1pct",3,56632,630835,662456,1.06,208000,2026-07-06,210000,0.96,212500,2.16,194300,-6.59,169200,-18.65,178000,-14.42,하락 전환,"D+1(2026-07-06) 시가 +0.96%, 종가 +2.16%; D+5 -6.59%; D+10 -18.65%; D+20 -14.42%"
2026-07-03,005380,현대차,foreign_buy_streak_2,"foreign_buy_streak_2,foreign_buy_2d_all,foreign_buy_vol_0_5pct,foreign_buy_vol_1pct,foreign_buy_vol_2pct",2,76257,224683,117170,7.87,492000,2026-07-06,492500,0.10,502000,2.03,457500,-7.01,399000,-18.90,393000,-20.12,하락 전환,"D+1(2026-07-06) 시가 +0.10%, 종가 +2.03%; D+5 -7.01%; D+10 -18.90%; D+20 -20.12%"
2026-07-03,403870,HPSP,foreign_buy_streak_6,"foreign_buy_streak_2,foreign_buy_streak_3,foreign_buy_2d_all,foreign_buy_3d_all,foreign_buy_vol_0_5pct,foreign_buy_vol_1pct,foreign_buy_vol_2pct",6,883068,991315,2168811,11.67,48500,2026-07-06,48500,0.00,44500,-8.25,44400,-8.45,39500,-18.56,33950,-30.00,하락 전환,"D+1(2026-07-06) 시가 +0.00%, 종가 -8.25%; D+5 -8.45%; D+10 -18.56%; D+20 -30.00%"
2026-07-03,066570,LG전자,foreign_buy_streak_2,"foreign_buy_streak_2,foreign_buy_2d_all,foreign_buy_vol_0_5pct,foreign_buy_vol_1pct,foreign_buy_vol_2pct",2,90869,375382,318301,6.30,191000,2026-07-06,192000,0.52,185700,-2.77,182400,-4.50,167200,-12.46,158800,-16.86,하락 전환,"D+1(2026-07-06) 시가 +0.52%, 종가 -2.77%; D+5 -4.50%; D+10 -12.46%; D+20 -16.86%"
2026-07-03,034020,두산에너빌리티,foreign_buy_streak_2,"foreign_buy_streak_2,foreign_buy_2d_all,foreign_buy_vol_0_5pct,foreign_buy_vol_1pct,foreign_buy_vol_2pct",2,207630,293471,210299,7.07,86200,2026-07-06,88700,2.90,85500,-0.81,78100,-9.40,64800,-24.83,67700,-21.46,하락 전환,"D+1(2026-07-06) 시가 +2.90%, 종가 -0.81%; D+5 -9.40%; D+10 -24.83%; D+20 -21.46%"
2026-07-03,011070,LG이노텍,foreign_buy_streak_5,"foreign_buy_streak_2,foreign_buy_streak_3,foreign_buy_2d_all,foreign_buy_3d_all,foreign_buy_vol_0_5pct,foreign_buy_vol_1pct,foreign_buy_vol_2pct",5,65459,101665,121282,23.72,872000,2026-07-06,909000,4.24,855000,-1.95,742000,-14.91,602000,-30.96,513000,-41.17,하락 전환,"D+1(2026-07-06) 시가 +4.24%, 종가 -1.95%; D+5 -14.91%; D+10 -30.96%; D+20 -41.17%"
2026-07-03,475150,SK이터닉스,foreign_buy_streak_3,"foreign_buy_streak_2,foreign_buy_streak_3,foreign_buy_2d_all,foreign_buy_3d_all",3,11415,100102,306798,0.29,47750,2026-07-06,47300,-0.94,42900,-10.16,42850,-10.26,55900,17.07,46550,-2.51,보합,"D+1(2026-07-06) 시가 -0.94%, 종가 -10.16%; D+5 -10.26%; D+10 +17.07%; D+20 -2.51%"
2026-07-03,042700,한미반도체,foreign_buy_streak_3,"foreign_buy_streak_2,foreign_buy_streak_3,foreign_buy_2d_all,foreign_buy_3d_all,foreign_buy_vol_0_5pct,foreign_buy_vol_1pct,foreign_buy_vol_2pct",3,99052,175149,592987,12.01,232500,2026-07-06,233500,0.43,226500,-2.58,222000,-4.52,222000,-4.52,202500,-12.90,하락 전환,"D+1(2026-07-06) 시가 +0.43%, 종가 -2.58%; D+5 -4.52%; D+10 -4.52%; D+20 -12.90%"
2026-07-03,012330,현대모비스,foreign_buy_streak_3,"foreign_buy_streak_2,foreign_buy_streak_3,foreign_buy_2d_all,foreign_buy_3d_all,foreign_buy_vol_0_5pct,foreign_buy_vol_1pct,foreign_buy_vol_2pct",3,60009,71681,72799,15.93,494000,2026-07-06,495500,0.30,515000,4.25,488000,-1.21,472500,-4.35,493500,-0.10,보합,"D+1(2026-07-06) 시가 +0.30%, 종가 +4.25%; D+5 -1.21%; D+10 -4.35%; D+20 -0.10%"
2026-07-03,000270,기아,foreign_buy_streak_3,"foreign_buy_streak_2,foreign_buy_streak_3,foreign_buy_2d_all,foreign_buy_3d_all,foreign_buy_vol_0_5pct,foreign_buy_vol_1pct,foreign_buy_vol_2pct",3,159566,216160,341145,14.79,152000,2026-07-06,153000,0.66,160700,5.72,147500,-2.96,140000,-7.89,129600,-14.74,하락 전환,"D+1(2026-07-06) 시가 +0.66%, 종가 +5.72%; D+5 -2.96%; D+10 -7.89%; D+20 -14.74%"
2026-07-03,043260,성호전자,foreign_buy_streak_2,"foreign_buy_streak_2,foreign_buy_2d_all,foreign_buy_vol_0_5pct,foreign_buy_vol_1pct,foreign_buy_vol_2pct",2,437428,586322,491972,9.50,22100,2026-07-06,22100,0.00,21250,-3.85,22150,0.23,16590,-24.93,15870,-28.19,하락 전환,"D+1(2026-07-06) 시가 +0.00%, 종가 -3.85%; D+5 +0.23%; D+10 -24.93%; D+20 -28.19%"
2026-07-03,058470,리노공업,foreign_buy_streak_5,"foreign_buy_streak_2,foreign_buy_streak_3,foreign_buy_2d_all,foreign_buy_3d_all,foreign_buy_vol_0_5pct,foreign_buy_vol_1pct,foreign_buy_vol_2pct",5,171110,1243515,2634151,15.79,78600,2026-07-06,77400,-1.53,74900,-4.71,73800,-6.11,69100,-12.09,61400,-21.88,하락 전환,"D+1(2026-07-06) 시가 -1.53%, 종가 -4.71%; D+5 -6.11%; D+10 -12.09%; D+20 -21.88%"
2026-07-03,039030,이오테크닉스,foreign_buy_streak_4,"foreign_buy_streak_2,foreign_buy_streak_3,foreign_buy_2d_all,foreign_buy_3d_all,foreign_buy_vol_0_5pct,foreign_buy_vol_1pct,foreign_buy_vol_2pct",4,21147,136724,306300,13.15,392500,2026-07-06,392500,0.00,397500,1.27,378500,-3.57,317000,-19.24,292000,-25.61,하락 전환,"D+1(2026-07-06) 시가 +0.00%, 종가 +1.27%; D+5 -3.57%; D+10 -19.24%; D+20 -25.61%"
2026-07-03,064290,인텍플러스,foreign_buy_streak_4,"foreign_buy_streak_2,foreign_buy_streak_3,foreign_buy_2d_all,foreign_buy_3d_all,foreign_buy_vol_0_5pct,foreign_buy_vol_1pct,foreign_buy_vol_2pct",4,159829,169696,248353,14.88,51800,2026-07-06,51100,-1.35,48250,-6.85,45000,-13.13,36300,-29.92,27250,-47.39,하락 전환,"D+1(2026-07-06) 시가 -1.35%, 종가 -6.85%; D+5 -13.13%; D+10 -29.92%; D+20 -47.39%"
2026-07-03,440110,파두,foreign_buy_streak_4,"foreign_buy_streak_2,foreign_buy_streak_3,foreign_buy_2d_all,foreign_buy_3d_all,foreign_buy_vol_0_5pct,foreign_buy_vol_1pct,foreign_buy_vol_2pct",4,147546,380965,555552,21.67,79600,2026-07-06,79600,0.00,72600,-8.79,76800,-3.52,71600,-10.05,63300,-20.48,하락 전환,"D+1(2026-07-06) 시가 +0.00%, 종가 -8.79%; D+5 -3.52%; D+10 -10.05%; D+20 -20.48%"
2026-07-03,084370,유진테크,foreign_buy_streak_3,"foreign_buy_streak_2,foreign_buy_streak_3,foreign_buy_2d_all,foreign_buy_3d_all,foreign_buy_vol_0_5pct,foreign_buy_vol_1pct,foreign_buy_vol_2pct",3,59650,72584,79902,19.91,171600,2026-07-06,170400,-0.70,157500,-8.22,165700,-3.44,127900,-25.47,113900,-33.62,하락 전환,"D+1(2026-07-06) 시가 -0.70%, 종가 -8.22%; D+5 -3.44%; D+10 -25.47%; D+20 -33.62%"
2026-07-06,000270,기아,foreign_buy_streak_4,"foreign_buy_streak_2,foreign_buy_streak_3,foreign_buy_2d_all,foreign_buy_3d_all,foreign_buy_vol_0_5pct,foreign_buy_vol_1pct,foreign_buy_vol_2pct",4,374982,534548,591142,23.28,160700,2026-07-07,157700,-1.87,153700,-4.36,143500,-10.70,144600,-10.02,129600,-19.35,하락 전환,"D+1(2026-07-07) 시가 -1.87%, 종가 -4.36%; D+5 -10.70%; D+10 -10.02%; D+20 -19.35%"
2026-07-06,042700,한미반도체,foreign_buy_streak_4,"foreign_buy_streak_2,foreign_buy_streak_3,foreign_buy_2d_all,foreign_buy_3d_all,foreign_buy_vol_0_5pct,foreign_buy_vol_1pct,foreign_buy_vol_2pct",4,13935,112987,189084,2.24,226500,2026-07-07,221000,-2.43,210500,-7.06,205500,-9.27,224000,-1.10,203000,-10.38,하락 전환,"D+1(2026-07-07) 시가 -2.43%, 종가 -7.06%; D+5 -9.27%; D+10 -1.10%; D+20 -10.38%"
2026-07-06,079550,LIG디펜스앤에어로스페이스,foreign_buy_streak_2,"foreign_buy_streak_2,foreign_buy_2d_all",2,463,27599,3384,0.28,815000,2026-07-07,793000,-2.70,799000,-1.96,725000,-11.04,672000,-17.55,801000,-1.72,보합,"D+1(2026-07-07) 시가 -2.70%, 종가 -1.96%; D+5 -11.04%; D+10 -17.55%; D+20 -1.72%"
2026-07-06,006360,GS건설,foreign_buy_streak_2,"foreign_buy_streak_2,foreign_buy_2d_all",2,13629,322434,137321,0.37,30600,2026-07-07,29950,-2.12,30900,0.98,29450,-3.76,25600,-16.34,28750,-6.05,하락 전환,"D+1(2026-07-07) 시가 -2.12%, 종가 +0.98%; D+5 -3.76%; D+10 -16.34%; D+20 -6.05%"
2026-07-06,319660,피에스케이,foreign_buy_streak_2,"foreign_buy_streak_2,foreign_buy_2d_all,foreign_buy_vol_0_5pct,foreign_buy_vol_1pct,foreign_buy_vol_2pct",2,100345,142187,125767,21.37,170800,2026-07-07,170900,0.06,161800,-5.27,184600,8.08,170000,-0.47,126000,-26.23,하락 전환,"D+1(2026-07-07) 시가 +0.06%, 종가 -5.27%; D+5 +8.08%; D+10 -0.47%; D+20 -26.23%"
2026-07-06,178320,서진시스템,foreign_buy_streak_3,"foreign_buy_streak_2,foreign_buy_streak_3,foreign_buy_2d_all,foreign_buy_3d_all,foreign_buy_vol_0_5pct,foreign_buy_vol_1pct,foreign_buy_vol_2pct",3,491145,669521,714618,35.27,46950,2026-07-07,47000,0.11,45750,-2.56,39250,-16.40,36200,-22.90,36800,-21.62,하락 전환,"D+1(2026-07-07) 시가 +0.11%, 종가 -2.56%; D+5 -16.40%; D+10 -22.90%; D+20 -21.62%"
2026-07-06,010170,대한광통신,foreign_buy_streak_2,"foreign_buy_streak_2,foreign_buy_2d_all,foreign_buy_vol_0_5pct,foreign_buy_vol_1pct,foreign_buy_vol_2pct",2,518987,1485763,1467536,9.89,11330,2026-07-07,11180,-1.32,10960,-3.27,10910,-3.71,9860,-12.97,10180,-10.15,하락 전환,"D+1(2026-07-07) 시가 -1.32%, 종가 -3.27%; D+5 -3.71%; D+10 -12.97%; D+20 -10.15%"
2026-07-06,214450,파마리서치,foreign_buy_streak_2,"foreign_buy_streak_2,foreign_buy_2d_all,foreign_buy_vol_0_5pct,foreign_buy_vol_1pct,foreign_buy_vol_2pct",2,13201,33529,-2681,7.34,314000,2026-07-07,311000,-0.96,340500,8.44,330500,5.25,341500,8.76,384500,22.45,상승 지속,"D+1(2026-07-07) 시가 -0.96%, 종가 +8.44%; D+5 +5.25%; D+10 +8.76%; D+20 +22.45%"
2026-07-06,084370,유진테크,foreign_buy_streak_4,"foreign_buy_streak_2,foreign_buy_streak_3,foreign_buy_2d_all,foreign_buy_3d_all,foreign_buy_vol_0_5pct,foreign_buy_vol_1pct,foreign_buy_vol_2pct",4,34006,93656,106590,10.35,157500,2026-07-07,159300,1.14,146100,-7.24,153100,-2.79,125800,-20.13,118400,-24.83,하락 전환,"D+1(2026-07-07) 시가 +1.14%, 종가 -7.24%; D+5 -2.79%; D+10 -20.13%; D+20 -24.83%"
2026-07-06,058470,리노공업,foreign_buy_streak_6,"foreign_buy_streak_2,foreign_buy_streak_3,foreign_buy_2d_all,foreign_buy_3d_all,foreign_buy_vol_0_5pct",6,3733,174843,1247248,0.55,74900,2026-07-07,74400,-0.67,71900,-4.01,72300,-3.47,70000,-6.54,64400,-14.02,하락 전환,"D+1(2026-07-07) 시가 -0.67%, 종가 -4.01%; D+5 -3.47%; D+10 -6.54%; D+20 -14.02%"
2026-07-06,440110,파두,foreign_buy_streak_5,"foreign_buy_streak_2,foreign_buy_streak_3,foreign_buy_2d_all,foreign_buy_3d_all,foreign_buy_vol_0_5pct,foreign_buy_vol_1pct,foreign_buy_vol_2pct",5,79971,227517,460936,11.87,72600,2026-07-07,70500,-2.89,70000,-3.58,70600,-2.75,77600,6.89,61900,-14.74,하락 전환,"D+1(2026-07-07) 시가 -2.89%, 종가 -3.58%; D+5 -2.75%; D+10 +6.89%; D+20 -14.74%"
2026-07-06,247540,에코프로비엠,foreign_buy_streak_2,"foreign_buy_streak_2,foreign_buy_2d_all,foreign_buy_vol_0_5pct,foreign_buy_vol_1pct,foreign_buy_vol_2pct",2,33499,73124,68178,8.62,121700,2026-07-07,120600,-0.90,120200,-1.23,119800,-1.56,105900,-12.98,102500,-15.78,하락 전환,"D+1(2026-07-07) 시가 -0.90%, 종가 -1.23%; D+5 -1.56%; D+10 -12.98%; D+20 -15.78%"
2026-07-06,043260,성호전자,foreign_buy_streak_3,"foreign_buy_streak_2,foreign_buy_streak_3,foreign_buy_2d_all,foreign_buy_3d_all,foreign_buy_vol_0_5pct,foreign_buy_vol_1pct,foreign_buy_vol_2pct",3,311951,749379,898273,14.22,21250,2026-07-07,20650,-2.82,19400,-8.71,18950,-10.82,17000,-20.00,16810,-20.89,하락 전환,"D+1(2026-07-07) 시가 -2.82%, 종가 -8.71%; D+5 -10.82%; D+10 -20.00%; D+20 -20.89%"
2026-07-07,002990,금호건설,foreign_buy_streak_2,"foreign_buy_streak_2,foreign_buy_2d_all",2,54397,67068,44824,0.16,14000,2026-07-08,14000,0.00,14000,0.00,13570,-3.07,10420,-25.57,9770,-30.21,하락 전환,"D+1(2026-07-08) 시가 +0.00%, 종가 +0.00%; D+5 -3.07%; D+10 -25.57%; D+20 -30.21%"
2026-07-07,006400,삼성SDI,foreign_buy_streak_2,"foreign_buy_streak_2,foreign_buy_2d_all,foreign_buy_vol_0_5pct,foreign_buy_vol_1pct,foreign_buy_vol_2pct",2,26842,57681,42100,5.52,445000,2026-07-08,433000,-2.70,412000,-7.42,427500,-3.93,419000,-5.84,429000,-3.60,보합,"D+1(2026-07-08) 시가 -2.70%, 종가 -7.42%; D+5 -3.93%; D+10 -5.84%; D+20 -3.60%"
2026-07-07,003230,삼양식품,foreign_buy_streak_3,"foreign_buy_streak_2,foreign_buy_streak_3,foreign_buy_2d_all,foreign_buy_3d_all,foreign_buy_vol_0_5pct,foreign_buy_vol_1pct,foreign_buy_vol_2pct",3,14479,20111,25691,11.50,1222000,2026-07-08,1225000,0.25,1146000,-6.22,1072000,-12.27,1109000,-9.25,1210000,-0.98,보합,"D+1(2026-07-08) 시가 +0.25%, 종가 -6.22%; D+5 -12.27%; D+10 -9.25%; D+20 -0.98%"
2026-07-07,080220,제주반도체,foreign_buy_streak_2,"foreign_buy_streak_2,foreign_buy_2d_all,foreign_buy_vol_0_5pct,foreign_buy_vol_1pct,foreign_buy_vol_2pct",2,317050,378397,356291,19.81,82300,2026-07-08,79000,-4.01,75400,-8.38,73700,-10.45,75000,-8.87,75500,-8.26,하락 전환,"D+1(2026-07-08) 시가 -4.01%, 종가 -8.38%; D+5 -10.45%; D+10 -8.87%; D+20 -8.26%"
2026-07-07,319660,피에스케이,foreign_buy_streak_3,"foreign_buy_streak_2,foreign_buy_streak_3,foreign_buy_2d_all,foreign_buy_3d_all,foreign_buy_vol_0_5pct,foreign_buy_vol_1pct,foreign_buy_vol_2pct",3,84304,184649,226491,10.91,161800,2026-07-08,153400,-5.19,151400,-6.43,203500,25.77,156700,-3.15,127700,-21.08,하락 전환,"D+1(2026-07-08) 시가 -5.19%, 종가 -6.43%; D+5 +25.77%; D+10 -3.15%; D+20 -21.08%"
2026-07-07,095610,테스,foreign_buy_streak_2,"foreign_buy_streak_2,foreign_buy_2d_all,foreign_buy_vol_0_5pct,foreign_buy_vol_1pct,foreign_buy_vol_2pct",2,325026,444359,397808,43.33,145000,2026-07-08,137900,-4.90,135700,-6.41,217500,50.00,156500,7.93,136000,-6.21,하락 전환,"D+1(2026-07-08) 시가 -4.90%, 종가 -6.41%; D+5 +50.00%; D+10 +7.93%; D+20 -6.21%"
2026-07-07,089970,브이엠,foreign_buy_streak_2,"foreign_buy_streak_2,foreign_buy_2d_all,foreign_buy_vol_0_5pct,foreign_buy_vol_1pct,foreign_buy_vol_2pct",2,435486,472954,412051,43.51,87200,2026-07-08,82800,-5.05,85000,-2.52,114700,31.54,82100,-5.85,68200,-21.79,하락 전환,"D+1(2026-07-08) 시가 -5.05%, 종가 -2.52%; D+5 +31.54%; D+10 -5.85%; D+20 -21.79%"
2026-07-07,141080,리가켐바이오,foreign_buy_streak_2,"foreign_buy_streak_2,foreign_buy_2d_all,foreign_buy_vol_0_5pct,foreign_buy_vol_1pct,foreign_buy_vol_2pct",2,48467,81577,55931,8.26,136200,2026-07-08,135500,-0.51,120400,-11.60,104300,-23.42,93900,-31.06,109500,-19.60,하락 전환,"D+1(2026-07-08) 시가 -0.51%, 종가 -11.60%; D+5 -23.42%; D+10 -31.06%; D+20 -19.60%"
2026-07-07,010170,대한광통신,foreign_buy_streak_3,"foreign_buy_streak_2,foreign_buy_streak_3,foreign_buy_2d_all,foreign_buy_3d_all,foreign_buy_vol_0_5pct,foreign_buy_vol_1pct,foreign_buy_vol_2pct",3,920735,1439722,2406498,13.84,10960,2026-07-08,10500,-4.20,10340,-5.66,11050,0.82,10090,-7.94,12070,10.13,상승 지속,"D+1(2026-07-08) 시가 -4.20%, 종가 -5.66%; D+5 +0.82%; D+10 -7.94%; D+20 +10.13%"
2026-07-07,067310,하나마이크론,foreign_buy_streak_2,"foreign_buy_streak_2,foreign_buy_2d_all,foreign_buy_vol_0_5pct,foreign_buy_vol_1pct,foreign_buy_vol_2pct",2,378833,591917,511384,21.23,37250,2026-07-08,35850,-3.76,34150,-8.32,38250,2.68,35500,-4.70,31900,-14.36,하락 전환,"D+1(2026-07-08) 시가 -3.76%, 종가 -8.32%; D+5 +2.68%; D+10 -4.70%; D+20 -14.36%"
2026-07-07,058470,리노공업,foreign_buy_streak_7,"foreign_buy_streak_2,foreign_buy_streak_3,foreign_buy_2d_all,foreign_buy_3d_all,foreign_buy_vol_0_5pct,foreign_buy_vol_1pct,foreign_buy_vol_2pct",7,187579,191312,362422,22.84,71900,2026-07-08,69600,-3.20,69200,-3.76,73100,1.67,71800,-0.14,66900,-6.95,하락 전환,"D+1(2026-07-08) 시가 -3.20%, 종가 -3.76%; D+5 +1.67%; D+10 -0.14%; D+20 -6.95%"
2026-07-07,247540,에코프로비엠,foreign_buy_streak_3,"foreign_buy_streak_2,foreign_buy_streak_3,foreign_buy_2d_all,foreign_buy_3d_all,foreign_buy_vol_0_5pct,foreign_buy_vol_1pct,foreign_buy_vol_2pct",3,24713,58212,97837,5.08,120200,2026-07-08,117500,-2.25,112600,-6.32,112600,-6.32,107500,-10.57,101700,-15.39,하락 전환,"D+1(2026-07-08) 시가 -2.25%, 종가 -6.32%; D+5 -6.32%; D+10 -10.57%; D+20 -15.39%"
2026-07-07,095340,ISC,foreign_buy_streak_9,"foreign_buy_streak_2,foreign_buy_streak_3,foreign_buy_2d_all,foreign_buy_3d_all,foreign_buy_vol_0_5pct,foreign_buy_vol_1pct,foreign_buy_vol_2pct",9,154730,158875,249584,44.29,150100,2026-07-08,142100,-5.33,137400,-8.46,150000,-0.07,140500,-6.40,140200,-6.60,하락 전환,"D+1(2026-07-08) 시가 -5.33%, 종가 -8.46%; D+5 -0.07%; D+10 -6.40%; D+20 -6.60%"
2026-07-08,009150,삼성전기,foreign_buy_streak_2,"foreign_buy_streak_2,foreign_buy_2d_all,foreign_buy_vol_0_5pct,foreign_buy_vol_1pct,foreign_buy_vol_2pct",2,100951,168843,69839,8.35,1479000,2026-07-09,1552000,4.94,1493000,0.95,1413000,-4.46,1448000,-2.10,1229000,-16.90,하락 전환,"D+1(2026-07-09) 시가 +4.94%, 종가 +0.95%; D+5 -4.46%; D+10 -2.10%; D+20 -16.90%"
2026-07-08,402340,SK스퀘어,foreign_buy_streak_2,"foreign_buy_streak_2,foreign_buy_2d_all,foreign_buy_vol_0_5pct,foreign_buy_vol_1pct,foreign_buy_vol_2pct",2,58432,105120,33408,4.18,1270000,2026-07-09,1323000,4.17,1327000,4.49,1382000,8.82,1221000,-3.86,970000,-23.62,하락 전환,"D+1(2026-07-09) 시가 +4.17%, 종가 +4.49%; D+5 +8.82%; D+10 -3.86%; D+20 -23.62%"
2026-07-08,066570,LG전자,foreign_buy_streak_2,"foreign_buy_streak_2,foreign_buy_2d_all,foreign_buy_vol_0_5pct,foreign_buy_vol_1pct,foreign_buy_vol_2pct",2,78802,126717,119200,2.38,195800,2026-07-09,195000,-0.41,178000,-9.09,194000,-0.92,187500,-4.24,175200,-10.52,하락 전환,"D+1(2026-07-09) 시가 -0.41%, 종가 -9.09%; D+5 -0.92%; D+10 -4.24%; D+20 -10.52%"
2026-07-08,365660,레몬헬스케어,foreign_buy_streak_2,"foreign_buy_streak_2,foreign_buy_2d_all",2,58757,59872,-79152,0.22,10190,2026-07-09,10530,3.34,9850,-3.34,6820,-33.07,5790,-43.18,6670,-34.54,하락 전환,"D+1(2026-07-09) 시가 +3.34%, 종가 -3.34%; D+5 -33.07%; D+10 -43.18%; D+20 -34.54%"
2026-07-08,011070,LG이노텍,foreign_buy_streak_2,"foreign_buy_streak_2,foreign_buy_2d_all,foreign_buy_vol_0_5pct,foreign_buy_vol_1pct,foreign_buy_vol_2pct",2,141802,273617,273060,41.40,763000,2026-07-09,763000,0.00,741000,-2.88,688000,-9.83,679000,-11.01,554000,-27.39,하락 전환,"D+1(2026-07-09) 시가 +0.00%, 종가 -2.88%; D+5 -9.83%; D+10 -11.01%; D+20 -27.39%"
2026-07-08,006400,삼성SDI,foreign_buy_streak_3,"foreign_buy_streak_2,foreign_buy_streak_3,foreign_buy_2d_all,foreign_buy_3d_all,foreign_buy_vol_0_5pct,foreign_buy_vol_1pct,foreign_buy_vol_2pct",3,75256,102098,132937,13.69,412000,2026-07-09,414000,0.49,401500,-2.55,454000,10.19,467000,13.35,427000,3.64,상승,"D+1(2026-07-09) 시가 +0.49%, 종가 -2.55%; D+5 +10.19%; D+10 +13.35%; D+20 +3.64%"
2026-07-08,035420,NAVER,foreign_buy_streak_2,"foreign_buy_streak_2,foreign_buy_2d_all,foreign_buy_vol_0_5pct,foreign_buy_vol_1pct",2,20172,263773,232316,1.85,192700,2026-07-09,191500,-0.62,184400,-4.31,189600,-1.61,220000,14.17,226000,17.28,상승 지속,"D+1(2026-07-09) 시가 -0.62%, 종가 -4.31%; D+5 -1.61%; D+10 +14.17%; D+20 +17.28%"
2026-07-08,329180,HD현대중공업,foreign_buy_streak_2,"foreign_buy_streak_2,foreign_buy_2d_all,foreign_buy_vol_0_5pct,foreign_buy_vol_1pct,foreign_buy_vol_2pct",2,148038,179091,166162,36.51,517000,2026-07-09,519000,0.39,507000,-1.93,471000,-8.90,498000,-3.68,507000,-1.93,보합,"D+1(2026-07-09) 시가 +0.39%, 종가 -1.93%; D+5 -8.90%; D+10 -3.68%; D+20 -1.93%"
2026-07-08,032830,삼성생명,foreign_buy_streak_2,"foreign_buy_streak_2,foreign_buy_2d_all,foreign_buy_vol_0_5pct,foreign_buy_vol_1pct,foreign_buy_vol_2pct",2,47003,76383,49875,8.47,346000,2026-07-09,336000,-2.89,326000,-5.78,337500,-2.46,329500,-4.77,287500,-16.91,하락 전환,"D+1(2026-07-09) 시가 -2.89%, 종가 -5.78%; D+5 -2.46%; D+10 -4.77%; D+20 -16.91%"
2026-07-08,012450,한화에어로스페이스,foreign_buy_streak_2,"foreign_buy_streak_2,foreign_buy_2d_all,foreign_buy_vol_0_5pct,foreign_buy_vol_1pct,foreign_buy_vol_2pct",2,21516,39442,34898,12.28,1041000,2026-07-09,1035000,-0.58,953000,-8.45,929000,-10.76,958000,-7.97,1054000,1.25,상승,"D+1(2026-07-09) 시가 -0.58%, 종가 -8.45%; D+5 -10.76%; D+10 -7.97%; D+20 +1.25%"
2026-07-08,034730,SK,foreign_buy_streak_2,"foreign_buy_streak_2,foreign_buy_2d_all,foreign_buy_vol_0_5pct,foreign_buy_vol_1pct,foreign_buy_vol_2pct",2,42844,106910,101515,14.61,596000,2026-07-09,615000,3.19,610000,2.35,609000,2.18,655000,9.90,509000,-14.60,하락 전환,"D+1(2026-07-09) 시가 +3.19%, 종가 +2.35%; D+5 +2.18%; D+10 +9.90%; D+20 -14.60%"
2026-07-08,042700,한미반도체,foreign_buy_streak_6,"foreign_buy_streak_2,foreign_buy_streak_3,foreign_buy_2d_all,foreign_buy_3d_all,foreign_buy_vol_0_5pct,foreign_buy_vol_1pct,foreign_buy_vol_2pct",6,218679,266127,280062,27.49,199200,2026-07-09,201500,1.15,215500,8.18,269500,35.29,216000,8.43,200500,0.65,상승,"D+1(2026-07-09) 시가 +1.15%, 종가 +8.18%; D+5 +35.29%; D+10 +8.43%; D+20 +0.65%"
2026-07-08,240810,원익IPS,foreign_buy_streak_2,"foreign_buy_streak_2,foreign_buy_2d_all,foreign_buy_vol_0_5pct,foreign_buy_vol_1pct,foreign_buy_vol_2pct",2,339708,643116,601919,23.21,102700,2026-07-09,104100,1.36,104900,2.14,142700,38.95,113300,10.32,92600,-9.83,하락 전환,"D+1(2026-07-09) 시가 +1.36%, 종가 +2.14%; D+5 +38.95%; D+10 +10.32%; D+20 -9.83%"
2026-07-08,196170,알테오젠,foreign_buy_streak_2,"foreign_buy_streak_2,foreign_buy_2d_all,foreign_buy_vol_0_5pct,foreign_buy_vol_1pct",2,5047,22453,-12849,1.11,313500,2026-07-09,239299,-23.67,230835,-26.37,221987,-29.19,235837,-24.77,293500,-6.38,하락 전환,"D+1(2026-07-09) 시가 -23.67%, 종가 -26.37%; D+5 -29.19%; D+10 -24.77%; D+20 -6.38%"
2026-07-08,080220,제주반도체,foreign_buy_streak_3,"foreign_buy_streak_2,foreign_buy_streak_3,foreign_buy_2d_all,foreign_buy_3d_all,foreign_buy_vol_0_5pct,foreign_buy_vol_1pct,foreign_buy_vol_2pct",3,592845,909895,971242,33.10,75400,2026-07-09,77100,2.25,77700,3.05,89100,18.17,80900,7.29,74300,-1.46,보합,"D+1(2026-07-09) 시가 +2.25%, 종가 +3.05%; D+5 +18.17%; D+10 +7.29%; D+20 -1.46%"
2026-07-08,403870,HPSP,foreign_buy_streak_2,"foreign_buy_streak_2,foreign_buy_2d_all,foreign_buy_vol_0_5pct,foreign_buy_vol_1pct,foreign_buy_vol_2pct",2,359144,605540,-221982,13.48,38250,2026-07-09,38650,1.05,39300,2.75,46700,22.09,39650,3.66,35800,-6.41,하락 전환,"D+1(2026-07-09) 시가 +1.05%, 종가 +2.75%; D+5 +22.09%; D+10 +3.66%; D+20 -6.41%"
2026-07-08,141080,리가켐바이오,foreign_buy_streak_3,"foreign_buy_streak_2,foreign_buy_streak_3,foreign_buy_2d_all,foreign_buy_3d_all,foreign_buy_vol_0_5pct,foreign_buy_vol_1pct,foreign_buy_vol_2pct",3,24192,72659,105769,4.11,120400,2026-07-09,121500,0.91,118200,-1.83,111000,-7.81,101700,-15.53,110900,-7.89,하락 전환,"D+1(2026-07-09) 시가 +0.91%, 종가 -1.83%; D+5 -7.81%; D+10 -15.53%; D+20 -7.89%"
2026-07-08,319660,피에스케이,foreign_buy_streak_4,"foreign_buy_streak_2,foreign_buy_streak_3,foreign_buy_2d_all,foreign_buy_3d_all,foreign_buy_vol_0_5pct,foreign_buy_vol_1pct,foreign_buy_vol_2pct",4,82235,166539,266884,17.97,151400,2026-07-09,153200,1.19,152200,0.53,204500,35.07,157000,3.70,121200,-19.95,하락 전환,"D+1(2026-07-09) 시가 +1.19%, 종가 +0.53%; D+5 +35.07%; D+10 +3.70%; D+20 -19.95%"
2026-07-08,058470,리노공업,foreign_buy_streak_8,"foreign_buy_streak_2,foreign_buy_streak_3,foreign_buy_2d_all,foreign_buy_3d_all,foreign_buy_vol_0_5pct,foreign_buy_vol_1pct,foreign_buy_vol_2pct",8,256035,443614,447347,26.04,69200,2026-07-09,69300,0.14,70000,1.16,77900,12.57,73900,6.79,66900,-3.32,보합,"D+1(2026-07-09) 시가 +0.14%, 종가 +1.16%; D+5 +12.57%; D+10 +6.79%; D+20 -3.32%"
2026-07-08,067310,하나마이크론,foreign_buy_streak_3,"foreign_buy_streak_2,foreign_buy_streak_3,foreign_buy_2d_all,foreign_buy_3d_all,foreign_buy_vol_0_5pct,foreign_buy_vol_1pct,foreign_buy_vol_2pct",3,466307,845140,1058224,23.52,34150,2026-07-09,34500,1.02,35200,3.07,39200,14.79,36150,5.86,30900,-9.52,하락 전환,"D+1(2026-07-09) 시가 +1.02%, 종가 +3.07%; D+5 +14.79%; D+10 +5.86%; D+20 -9.52%"
2026-07-08,010170,대한광통신,foreign_buy_streak_4,"foreign_buy_streak_2,foreign_buy_streak_3,foreign_buy_2d_all,foreign_buy_3d_all,foreign_buy_vol_0_5pct,foreign_buy_vol_1pct,foreign_buy_vol_2pct",4,449735,1370470,1889457,7.06,10340,2026-07-09,10340,0.00,10650,3.00,11680,12.96,10840,4.84,11070,7.06,상승 지속,"D+1(2026-07-09) 시가 +0.00%, 종가 +3.00%; D+5 +12.96%; D+10 +4.84%; D+20 +7.06%"
2026-07-08,095610,테스,foreign_buy_streak_3,"foreign_buy_streak_2,foreign_buy_streak_3,foreign_buy_2d_all,foreign_buy_3d_all,foreign_buy_vol_0_5pct,foreign_buy_vol_1pct,foreign_buy_vol_2pct",3,115270,440296,559629,25.49,135700,2026-07-09,140800,3.76,145000,6.85,214000,57.70,154100,13.56,130100,-4.13,보합,"D+1(2026-07-09) 시가 +3.76%, 종가 +6.85%; D+5 +57.70%; D+10 +13.56%; D+20 -4.13%"
2026-07-08,247540,에코프로비엠,foreign_buy_streak_4,"foreign_buy_streak_2,foreign_buy_streak_3,foreign_buy_2d_all,foreign_buy_3d_all,foreign_buy_vol_0_5pct,foreign_buy_vol_1pct,foreign_buy_vol_2pct",4,66898,91611,125110,12.96,112600,2026-07-09,113300,0.62,111500,-0.98,120900,7.37,118200,4.97,102500,-8.97,하락 전환,"D+1(2026-07-09) 시가 +0.62%, 종가 -0.98%; D+5 +7.37%; D+10 +4.97%; D+20 -8.97%"
2026-07-08,043260,성호전자,foreign_buy_streak_5,"foreign_buy_streak_2,foreign_buy_streak_3,foreign_buy_2d_all,foreign_buy_3d_all,foreign_buy_vol_0_5pct,foreign_buy_vol_1pct,foreign_buy_vol_2pct",5,150065,665011,976962,4.77,18690,2026-07-09,18690,0.00,19960,6.80,20100,7.54,19270,3.10,17400,-6.90,하락 전환,"D+1(2026-07-09) 시가 +0.00%, 종가 +6.80%; D+5 +7.54%; D+10 +3.10%; D+20 -6.90%"
2026-07-08,178320,서진시스템,foreign_buy_streak_5,"foreign_buy_streak_2,foreign_buy_streak_3,foreign_buy_2d_all,foreign_buy_3d_all,foreign_buy_vol_0_5pct,foreign_buy_vol_1pct,foreign_buy_vol_2pct",5,371619,524159,1015304,28.17,43600,2026-07-09,43700,0.23,41700,-4.36,41950,-3.78,42500,-2.52,35500,-18.58,하락 전환,"D+1(2026-07-09) 시가 +0.23%, 종가 -4.36%; D+5 -3.78%; D+10 -2.52%; D+20 -18.58%"
2026-07-08,089970,브이엠,foreign_buy_streak_3,"foreign_buy_streak_2,foreign_buy_streak_3,foreign_buy_2d_all,foreign_buy_3d_all,foreign_buy_vol_0_5pct,foreign_buy_vol_1pct,foreign_buy_vol_2pct",3,127812,563298,600766,19.96,85000,2026-07-09,87800,3.29,86600,1.88,115900,36.35,81600,-4.00,64200,-24.47,하락 전환,"D+1(2026-07-09) 시가 +3.29%, 종가 +1.88%; D+5 +36.35%; D+10 -4.00%; D+20 -24.47%"
2026-07-08,440110,파두,foreign_buy_streak_7,"foreign_buy_streak_2,foreign_buy_streak_3,foreign_buy_2d_all,foreign_buy_3d_all,foreign_buy_vol_0_5pct,foreign_buy_vol_1pct,foreign_buy_vol_2pct",7,238419,392337,472308,29.59,64700,2026-07-09,64800,0.15,71800,10.97,79900,23.49,73700,13.91,57900,-10.51,하락 전환,"D+1(2026-07-09) 시가 +0.15%, 종가 +10.97%; D+5 +23.49%; D+10 +13.91%; D+20 -10.51%"
2026-07-09,009150,삼성전기,foreign_buy_streak_3,"foreign_buy_streak_2,foreign_buy_streak_3,foreign_buy_2d_all,foreign_buy_3d_all,foreign_buy_vol_0_5pct,foreign_buy_vol_1pct,foreign_buy_vol_2pct",3,128689,229640,297532,13.11,1493000,2026-07-10,1599000,7.10,1584000,6.10,1277000,-14.47,1326000,-11.19,,,하락 전환,"D+1(2026-07-10) 시가 +7.10%, 종가 +6.10%; D+5 -14.47%; D+10 -11.19%"
2026-07-09,402340,SK스퀘어,foreign_buy_streak_3,"foreign_buy_streak_2,foreign_buy_streak_3,foreign_buy_2d_all,foreign_buy_3d_all,foreign_buy_vol_0_5pct,foreign_buy_vol_1pct,foreign_buy_vol_2pct",3,110135,168567,215255,11.78,1327000,2026-07-10,1437000,8.29,1409000,6.18,1212000,-8.67,1109000,-16.43,,,하락 전환,"D+1(2026-07-10) 시가 +8.29%, 종가 +6.18%; D+5 -8.67%; D+10 -16.43%"
2026-07-09,005380,현대차,foreign_buy_streak_2,"foreign_buy_streak_2,foreign_buy_2d_all,foreign_buy_vol_0_5pct",2,6753,166986,60313,0.60,445500,2026-07-10,448000,0.56,457500,2.69,425000,-4.60,401000,-9.99,,,하락 전환,"D+1(2026-07-10) 시가 +0.56%, 종가 +2.69%; D+5 -4.60%; D+10 -9.99%"
2026-07-09,011070,LG이노텍,foreign_buy_streak_3,"foreign_buy_streak_2,foreign_buy_streak_3,foreign_buy_2d_all,foreign_buy_3d_all,foreign_buy_vol_0_5pct,foreign_buy_vol_1pct,foreign_buy_vol_2pct",3,125249,267051,398866,31.51,741000,2026-07-10,753000,1.62,742000,0.13,668000,-9.85,625000,-15.65,,,하락 전환,"D+1(2026-07-10) 시가 +1.62%, 종가 +0.13%; D+5 -9.85%; D+10 -15.65%"
2026-07-09,042700,한미반도체,foreign_buy_streak_7,"foreign_buy_streak_2,foreign_buy_streak_3,foreign_buy_2d_all,foreign_buy_3d_all,foreign_buy_vol_0_5pct,foreign_buy_vol_1pct,foreign_buy_vol_2pct",7,109963,328642,376090,8.08,215500,2026-07-10,224000,3.94,222000,3.02,242500,12.53,200000,-7.19,,,하락 전환,"D+1(2026-07-10) 시가 +3.94%, 종가 +3.02%; D+5 +12.53%; D+10 -7.19%"
2026-07-09,034020,두산에너빌리티,foreign_buy_streak_2,"foreign_buy_streak_2,foreign_buy_2d_all,foreign_buy_vol_0_5pct,foreign_buy_vol_1pct,foreign_buy_vol_2pct",2,153290,563252,204706,4.21,73200,2026-07-10,74700,2.05,78100,6.69,69700,-4.78,72100,-1.50,,,보합,"D+1(2026-07-10) 시가 +2.05%, 종가 +6.69%; D+5 -4.78%; D+10 -1.50%"
2026-07-09,012450,한화에어로스페이스,foreign_buy_streak_3,"foreign_buy_streak_2,foreign_buy_streak_3,foreign_buy_2d_all,foreign_buy_3d_all,foreign_buy_vol_0_5pct,foreign_buy_vol_1pct",3,4345,25861,43787,1.58,953000,2026-07-10,949000,-0.42,967000,1.47,943000,-1.05,979000,2.73,,,상승,"D+1(2026-07-10) 시가 -0.42%, 종가 +1.47%; D+5 -1.05%; D+10 +2.73%"
2026-07-09,032830,삼성생명,foreign_buy_streak_3,"foreign_buy_streak_2,foreign_buy_streak_3,foreign_buy_2d_all,foreign_buy_3d_all,foreign_buy_vol_0_5pct,foreign_buy_vol_1pct,foreign_buy_vol_2pct",3,23036,70039,99419,2.99,326000,2026-07-10,332500,1.99,340500,4.45,331000,1.53,318000,-2.45,,,보합,"D+1(2026-07-10) 시가 +1.99%, 종가 +4.45%; D+5 +1.53%; D+10 -2.45%"
2026-07-09,010120,LS ELECTRIC,foreign_buy_streak_2,"foreign_buy_streak_2,foreign_buy_2d_all,foreign_buy_vol_0_5pct,foreign_buy_vol_1pct,foreign_buy_vol_2pct",2,45048,295182,290667,3.45,189400,2026-07-10,197000,4.01,202500,6.92,190000,0.32,202000,6.65,,,상승 지속,"D+1(2026-07-10) 시가 +4.01%, 종가 +6.92%; D+5 +0.32%; D+10 +6.65%"
2026-07-09,006400,삼성SDI,foreign_buy_streak_4,"foreign_buy_streak_2,foreign_buy_streak_3,foreign_buy_2d_all,foreign_buy_3d_all,foreign_buy_vol_0_5pct,foreign_buy_vol_1pct,foreign_buy_vol_2pct",4,112801,188057,214899,18.93,401500,2026-07-10,406000,1.12,434000,8.09,434500,8.22,428000,6.60,,,상승 지속,"D+1(2026-07-10) 시가 +1.12%, 종가 +8.09%; D+5 +8.22%; D+10 +6.60%"
2026-07-09,267260,HD현대일렉트릭,foreign_buy_streak_2,"foreign_buy_streak_2,foreign_buy_2d_all,foreign_buy_vol_0_5pct,foreign_buy_vol_1pct,foreign_buy_vol_2pct",2,6026,10613,-12880,2.39,815000,2026-07-10,841000,3.19,851000,4.42,797000,-2.21,810000,-0.61,,,보합,"D+1(2026-07-10) 시가 +3.19%, 종가 +4.42%; D+5 -2.21%; D+10 -0.61%"
2026-07-09,329180,HD현대중공업,foreign_buy_streak_3,"foreign_buy_streak_2,foreign_buy_streak_3,foreign_buy_2d_all,foreign_buy_3d_all,foreign_buy_vol_0_5pct,foreign_buy_vol_1pct",3,5004,153042,184095,1.25,507000,2026-07-10,510000,0.59,504000,-0.59,484000,-4.54,485500,-4.24,,,보합,"D+1(2026-07-10) 시가 +0.59%, 종가 -0.59%; D+5 -4.54%; D+10 -4.24%"
2026-07-09,298040,효성중공업,foreign_buy_streak_2,"foreign_buy_streak_2,foreign_buy_2d_all,foreign_buy_vol_0_5pct,foreign_buy_vol_1pct,foreign_buy_vol_2pct",2,5049,13909,10252,6.94,2770000,2026-07-10,2934000,5.92,2924000,5.56,2789000,0.69,2681000,-3.21,,,보합,"D+1(2026-07-10) 시가 +5.92%, 종가 +5.56%; D+5 +0.69%; D+10 -3.21%"
2026-07-09,012330,현대모비스,foreign_buy_streak_2,"foreign_buy_streak_2,foreign_buy_2d_all,foreign_buy_vol_0_5pct,foreign_buy_vol_1pct,foreign_buy_vol_2pct",2,15800,92423,84431,4.11,465000,2026-07-10,469500,0.97,488000,4.95,482000,3.66,482000,3.66,,,상승,"D+1(2026-07-10) 시가 +0.97%, 종가 +4.95%; D+5 +3.66%; D+10 +3.66%"
2026-07-09,034730,SK,foreign_buy_streak_3,"foreign_buy_streak_2,foreign_buy_streak_3,foreign_buy_2d_all,foreign_buy_3d_all,foreign_buy_vol_0_5pct,foreign_buy_vol_1pct",3,4735,47579,111645,1.68,610000,2026-07-10,644000,5.57,657000,7.70,580000,-4.92,630000,3.28,,,상승,"D+1(2026-07-10) 시가 +5.57%, 종가 +7.70%; D+5 -4.92%; D+10 +3.28%"
2026-07-09,196170,알테오젠,foreign_buy_streak_3,"foreign_buy_streak_2,foreign_buy_streak_3,foreign_buy_2d_all,foreign_buy_3d_all,foreign_buy_vol_0_5pct,foreign_buy_vol_1pct,foreign_buy_vol_2pct",3,51471,56518,73924,10.64,300000,2026-07-10,230835,-23.06,249302,-16.90,212753,-29.08,231220,-22.93,,,하락 전환,"D+1(2026-07-10) 시가 -23.06%, 종가 -16.90%; D+5 -29.08%; D+10 -22.93%"
2026-07-09,010170,대한광통신,foreign_buy_streak_5,"foreign_buy_streak_2,foreign_buy_streak_3,foreign_buy_2d_all,foreign_buy_3d_all",5,48400,498135,1418870,0.49,10650,2026-07-10,11110,4.32,12600,18.31,10300,-3.29,9920,-6.85,,,하락 전환,"D+1(2026-07-10) 시가 +4.32%, 종가 +18.31%; D+5 -3.29%; D+10 -6.85%"
2026-07-09,141080,리가켐바이오,foreign_buy_streak_4,"foreign_buy_streak_2,foreign_buy_streak_3,foreign_buy_2d_all,foreign_buy_3d_all,foreign_buy_vol_0_5pct,foreign_buy_vol_1pct,foreign_buy_vol_2pct",4,76346,100538,149005,10.94,118200,2026-07-10,116800,-1.18,120300,1.78,103700,-12.27,96100,-18.70,,,하락 전환,"D+1(2026-07-10) 시가 -1.18%, 종가 +1.78%; D+5 -12.27%; D+10 -18.70%"
2026-07-09,058470,리노공업,foreign_buy_streak_9,"foreign_buy_streak_2,foreign_buy_streak_3,foreign_buy_2d_all,foreign_buy_3d_all,foreign_buy_vol_0_5pct,foreign_buy_vol_1pct,foreign_buy_vol_2pct",9,195245,451280,638859,17.18,70000,2026-07-10,72000,2.86,73800,5.43,72300,3.29,68600,-2.00,,,보합,"D+1(2026-07-10) 시가 +2.86%, 종가 +5.43%; D+5 +3.29%; D+10 -2.00%"
2026-07-09,079650,서산,foreign_buy_streak_2,"foreign_buy_streak_2,foreign_buy_2d_all",2,3108,15269,-15534,0.03,5150,2026-07-10,5200,0.97,5580,8.35,4090,-20.58,3800,-26.21,,,하락 전환,"D+1(2026-07-10) 시가 +0.97%, 종가 +8.35%; D+5 -20.58%; D+10 -26.21%"
2026-07-09,039030,이오테크닉스,foreign_buy_streak_3,"foreign_buy_streak_2,foreign_buy_streak_3,foreign_buy_2d_all,foreign_buy_3d_all,foreign_buy_vol_0_5pct,foreign_buy_vol_1pct,foreign_buy_vol_2pct",3,20240,49301,65645,13.08,342500,2026-07-10,358000,4.53,378500,10.51,344000,0.44,298500,-12.85,,,하락 전환,"D+1(2026-07-10) 시가 +4.53%, 종가 +10.51%; D+5 +0.44%; D+10 -12.85%"
2026-07-09,095340,ISC,foreign_buy_streak_11,"foreign_buy_streak_2,foreign_buy_streak_3,foreign_buy_2d_all,foreign_buy_3d_all,foreign_buy_vol_0_5pct,foreign_buy_vol_1pct,foreign_buy_vol_2pct",11,119840,253422,408152,34.05,141800,2026-07-10,146100,3.03,151200,6.63,145000,2.26,134600,-5.08,,,하락 전환,"D+1(2026-07-10) 시가 +3.03%, 종가 +6.63%; D+5 +2.26%; D+10 -5.08%"
2026-07-09,178320,서진시스템,foreign_buy_streak_6,"foreign_buy_streak_2,foreign_buy_streak_3,foreign_buy_2d_all,foreign_buy_3d_all,foreign_buy_vol_0_5pct,foreign_buy_vol_1pct,foreign_buy_vol_2pct",6,205696,577315,729855,17.88,41700,2026-07-10,42900,2.88,47350,13.55,39300,-5.76,39000,-6.47,,,하락 전환,"D+1(2026-07-10) 시가 +2.88%, 종가 +13.55%; D+5 -5.76%; D+10 -6.47%"
2026-07-09,108490,로보티즈,foreign_buy_streak_5,"foreign_buy_streak_2,foreign_buy_streak_3,foreign_buy_2d_all,foreign_buy_3d_all,foreign_buy_vol_0_5pct,foreign_buy_vol_1pct",5,2853,88144,92081,1.32,204000,2026-07-10,206000,0.98,218000,6.86,199900,-2.01,191400,-6.18,,,하락 전환,"D+1(2026-07-10) 시가 +0.98%, 종가 +6.86%; D+5 -2.01%; D+10 -6.18%"
2026-07-10,005930,삼성전자,foreign_buy_streak_2,"foreign_buy_streak_2,foreign_buy_2d_all,foreign_buy_vol_0_5pct,foreign_buy_vol_1pct,foreign_buy_vol_2pct",2,625985,1471537,-1543556,3.12,285000,2026-07-13,285000,0.00,254500,-10.70,244000,-14.39,254000,-10.88,,,하락 전환,"D+1(2026-07-13) 시가 +0.00%, 종가 -10.70%; D+5 -14.39%; D+10 -10.88%"
2026-07-10,009150,삼성전기,foreign_buy_streak_4,"foreign_buy_streak_2,foreign_buy_streak_3,foreign_buy_2d_all,foreign_buy_3d_all,foreign_buy_vol_0_5pct,foreign_buy_vol_1pct,foreign_buy_vol_2pct",4,93871,222560,323511,10.72,1584000,2026-07-13,1564000,-1.26,1289000,-18.62,1275000,-19.51,1325000,-16.35,,,하락 전환,"D+1(2026-07-13) 시가 -1.26%, 종가 -18.62%; D+5 -19.51%; D+10 -16.35%"
2026-07-10,402340,SK스퀘어,foreign_buy_streak_4,"foreign_buy_streak_2,foreign_buy_streak_3,foreign_buy_2d_all,foreign_buy_3d_all,foreign_buy_vol_0_5pct,foreign_buy_vol_1pct,foreign_buy_vol_2pct",4,76324,186459,244891,8.72,1409000,2026-07-13,1400000,-0.64,1161000,-17.60,1177000,-16.47,1096000,-22.21,,,하락 전환,"D+1(2026-07-13) 시가 -0.64%, 종가 -17.60%; D+5 -16.47%; D+10 -22.21%"
2026-07-10,005935,삼성전자우,foreign_buy_streak_2,"foreign_buy_streak_2,foreign_buy_2d_all,foreign_buy_vol_0_5pct,foreign_buy_vol_1pct,foreign_buy_vol_2pct",2,563721,775119,520108,15.89,194300,2026-07-13,193800,-0.26,176900,-8.96,169200,-12.92,179800,-7.46,,,하락 전환,"D+1(2026-07-13) 시가 -0.26%, 종가 -8.96%; D+5 -12.92%; D+10 -7.46%"
2026-07-10,011070,LG이노텍,foreign_buy_streak_4,"foreign_buy_streak_2,foreign_buy_streak_3,foreign_buy_2d_all,foreign_buy_3d_all,foreign_buy_vol_0_5pct,foreign_buy_vol_1pct,foreign_buy_vol_2pct",4,66172,191421,333223,14.86,742000,2026-07-13,739000,-0.40,661000,-10.92,602000,-18.87,614000,-17.25,,,하락 전환,"D+1(2026-07-13) 시가 -0.40%, 종가 -10.92%; D+5 -18.87%; D+10 -17.25%"
2026-07-10,005380,현대차,foreign_buy_streak_3,"foreign_buy_streak_2,foreign_buy_streak_3,foreign_buy_2d_all,foreign_buy_3d_all,foreign_buy_vol_0_5pct,foreign_buy_vol_1pct,foreign_buy_vol_2pct",3,136289,143042,303275,20.84,457500,2026-07-13,456500,-0.22,444000,-2.95,399000,-12.79,403000,-11.91,,,하락 전환,"D+1(2026-07-13) 시가 -0.22%, 종가 -2.95%; D+5 -12.79%; D+10 -11.91%"
2026-07-10,012450,한화에어로스페이스,foreign_buy_streak_4,"foreign_buy_streak_2,foreign_buy_streak_3,foreign_buy_2d_all,foreign_buy_3d_all,foreign_buy_vol_0_5pct,foreign_buy_vol_1pct,foreign_buy_vol_2pct",4,27128,31473,52989,9.27,967000,2026-07-13,991000,2.48,936000,-3.21,875000,-9.51,899000,-7.03,,,하락 전환,"D+1(2026-07-13) 시가 +2.48%, 종가 -3.21%; D+5 -9.51%; D+10 -7.03%"
2026-07-10,034020,두산에너빌리티,foreign_buy_streak_3,"foreign_buy_streak_2,foreign_buy_streak_3,foreign_buy_2d_all,foreign_buy_3d_all,foreign_buy_vol_0_5pct,foreign_buy_vol_1pct",3,55026,208316,618278,1.83,78100,2026-07-13,78600,0.64,73200,-6.27,64800,-17.03,70900,-9.22,,,하락 전환,"D+1(2026-07-13) 시가 +0.64%, 종가 -6.27%; D+5 -17.03%; D+10 -9.22%"
2026-07-10,006400,삼성SDI,foreign_buy_streak_5,"foreign_buy_streak_2,foreign_buy_streak_3,foreign_buy_2d_all,foreign_buy_3d_all,foreign_buy_vol_0_5pct,foreign_buy_vol_1pct,foreign_buy_vol_2pct",5,20931,133732,208988,4.34,434000,2026-07-13,443000,2.07,440000,1.38,401000,-7.60,431000,-0.69,,,보합,"D+1(2026-07-13) 시가 +2.07%, 종가 +1.38%; D+5 -7.60%; D+10 -0.69%"
2026-07-10,006340,대원전선,foreign_buy_streak_4,"foreign_buy_streak_2,foreign_buy_streak_3,foreign_buy_2d_all,foreign_buy_3d_all,foreign_buy_vol_0_5pct,foreign_buy_vol_1pct,foreign_buy_vol_2pct",4,507272,670631,1316545,3.11,11300,2026-07-13,11500,1.77,10820,-4.25,10940,-3.19,13980,23.72,,,상승 지속,"D+1(2026-07-13) 시가 +1.77%, 종가 -4.25%; D+5 -3.19%; D+10 +23.72%"
2026-07-10,034730,SK,foreign_buy_streak_4,"foreign_buy_streak_2,foreign_buy_streak_3,foreign_buy_2d_all,foreign_buy_3d_all,foreign_buy_vol_0_5pct,foreign_buy_vol_1pct,foreign_buy_vol_2pct",4,37405,42140,84984,14.19,657000,2026-07-13,656000,-0.15,583000,-11.26,579000,-11.87,623000,-5.18,,,하락 전환,"D+1(2026-07-13) 시가 -0.15%, 종가 -11.26%; D+5 -11.87%; D+10 -5.18%"
2026-07-10,196170,알테오젠,foreign_buy_streak_4,"foreign_buy_streak_2,foreign_buy_streak_3,foreign_buy_2d_all,foreign_buy_3d_all,foreign_buy_vol_0_5pct,foreign_buy_vol_1pct,foreign_buy_vol_2pct",4,67628,119099,124146,12.73,324000,2026-07-13,252765,-21.99,243531,-24.84,207367,-36.00,240069,-25.90,,,하락 전환,"D+1(2026-07-13) 시가 -21.99%, 종가 -24.84%; D+5 -36.00%; D+10 -25.90%"
2026-07-10,298040,효성중공업,foreign_buy_streak_3,"foreign_buy_streak_2,foreign_buy_streak_3,foreign_buy_2d_all,foreign_buy_3d_all,foreign_buy_vol_0_5pct,foreign_buy_vol_1pct,foreign_buy_vol_2pct",3,3233,8282,17142,6.87,2924000,2026-07-13,2971000,1.61,2666000,-8.82,2539000,-13.17,2625000,-10.23,,,하락 전환,"D+1(2026-07-13) 시가 +1.61%, 종가 -8.82%; D+5 -13.17%; D+10 -10.23%"
2026-07-10,006360,GS건설,foreign_buy_streak_6,"foreign_buy_streak_2,foreign_buy_streak_3,foreign_buy_2d_all,foreign_buy_3d_all,foreign_buy_vol_0_5pct,foreign_buy_vol_1pct,foreign_buy_vol_2pct",6,542248,574926,626349,12.91,31850,2026-07-13,31700,-0.47,29450,-7.54,26050,-18.21,29100,-8.63,,,하락 전환,"D+1(2026-07-13) 시가 -0.47%, 종가 -7.54%; D+5 -18.21%; D+10 -8.63%"
2026-07-10,012330,현대모비스,foreign_buy_streak_3,"foreign_buy_streak_2,foreign_buy_streak_3,foreign_buy_2d_all,foreign_buy_3d_all,foreign_buy_vol_0_5pct,foreign_buy_vol_1pct,foreign_buy_vol_2pct",3,61803,77603,154226,22.65,488000,2026-07-13,488000,0.00,487500,-0.10,472500,-3.18,463500,-5.02,,,하락 전환,"D+1(2026-07-13) 시가 +0.00%, 종가 -0.10%; D+5 -3.18%; D+10 -5.02%"
2026-07-10,079650,서산,foreign_buy_streak_3,"foreign_buy_streak_2,foreign_buy_streak_3,foreign_buy_2d_all,foreign_buy_3d_all",3,71035,74143,86304,0.44,5580,2026-07-13,5550,-0.54,5610,0.54,4100,-26.52,3910,-29.93,,,하락 전환,"D+1(2026-07-13) 시가 -0.54%, 종가 +0.54%; D+5 -26.52%; D+10 -29.93%"
2026-07-10,477850,마키나락스,foreign_buy_streak_2,"foreign_buy_streak_2,foreign_buy_2d_all,foreign_buy_vol_0_5pct,foreign_buy_vol_1pct,foreign_buy_vol_2pct",2,69214,86648,20226,2.24,29600,2026-07-13,29500,-0.34,24600,-16.89,21200,-28.38,26750,-9.63,,,하락 전환,"D+1(2026-07-13) 시가 -0.34%, 종가 -16.89%; D+5 -28.38%; D+10 -9.63%"
2026-07-10,058470,리노공업,foreign_buy_streak_10,"foreign_buy_streak_2,foreign_buy_streak_3,foreign_buy_2d_all,foreign_buy_3d_all,foreign_buy_vol_0_5pct,foreign_buy_vol_1pct,foreign_buy_vol_2pct",10,171388,366633,622668,15.12,73800,2026-07-13,75800,2.71,72300,-2.03,69100,-6.37,69800,-5.42,,,하락 전환,"D+1(2026-07-13) 시가 +2.71%, 종가 -2.03%; D+5 -6.37%; D+10 -5.42%"
2026-07-10,095340,ISC,foreign_buy_streak_12,"foreign_buy_streak_2,foreign_buy_streak_3,foreign_buy_2d_all,foreign_buy_3d_all,foreign_buy_vol_0_5pct,foreign_buy_vol_1pct,foreign_buy_vol_2pct",12,148469,268309,401891,33.88,151200,2026-07-13,152400,0.79,153500,1.52,135600,-10.32,137000,-9.39,,,하락 전환,"D+1(2026-07-13) 시가 +0.79%, 종가 +1.52%; D+5 -10.32%; D+10 -9.39%"
2026-07-10,032820,우리기술,foreign_buy_streak_4,"foreign_buy_streak_2,foreign_buy_streak_3,foreign_buy_2d_all,foreign_buy_3d_all,foreign_buy_vol_0_5pct,foreign_buy_vol_1pct,foreign_buy_vol_2pct",4,415741,930628,1608268,8.28,11210,2026-07-13,11490,2.50,10690,-4.64,9070,-19.09,10130,-9.63,,,하락 전환,"D+1(2026-07-13) 시가 +2.50%, 종가 -4.64%; D+5 -19.09%; D+10 -9.63%"
2026-07-10,399720,가온칩스,foreign_buy_streak_2,"foreign_buy_streak_2,foreign_buy_2d_all",2,3209,32050,25549,0.36,57200,2026-07-13,56300,-1.57,48800,-14.69,43150,-24.56,50900,-11.01,,,하락 전환,"D+1(2026-07-13) 시가 -1.57%, 종가 -14.69%; D+5 -24.56%; D+10 -11.01%"
2026-07-13,402340,SK스퀘어,foreign_buy_streak_5,"foreign_buy_streak_2,foreign_buy_streak_3,foreign_buy_2d_all,foreign_buy_3d_all,foreign_buy_vol_0_5pct,foreign_buy_vol_1pct,foreign_buy_vol_2pct",5,90652,166976,277111,8.21,1161000,2026-07-14,1161000,0.00,1190000,2.50,1253000,7.92,925000,-20.33,,,하락 전환,"D+1(2026-07-14) 시가 +0.00%, 종가 +2.50%; D+5 +7.92%; D+10 -20.33%"
2026-07-13,005935,삼성전자우,foreign_buy_streak_3,"foreign_buy_streak_2,foreign_buy_streak_3,foreign_buy_2d_all,foreign_buy_3d_all,foreign_buy_vol_0_5pct,foreign_buy_vol_1pct,foreign_buy_vol_2pct",3,134094,697815,909213,3.04,176900,2026-07-14,175300,-0.90,182200,3.00,181000,2.32,158200,-10.57,,,하락 전환,"D+1(2026-07-14) 시가 -0.90%, 종가 +3.00%; D+5 +2.32%; D+10 -10.57%"
2026-07-13,066570,LG전자,foreign_buy_streak_2,"foreign_buy_streak_2,foreign_buy_2d_all,foreign_buy_vol_0_5pct,foreign_buy_vol_1pct",2,33607,301732,-107650,1.26,185600,2026-07-14,185200,-0.22,185400,-0.11,173200,-6.68,157500,-15.14,,,하락 전환,"D+1(2026-07-14) 시가 -0.22%, 종가 -0.11%; D+5 -6.68%; D+10 -15.14%"
2026-07-13,036930,주성엔지니어링,foreign_buy_streak_2,"foreign_buy_streak_2,foreign_buy_2d_all,foreign_buy_vol_0_5pct,foreign_buy_vol_1pct,foreign_buy_vol_2pct",2,87494,151234,70843,3.52,182500,2026-07-14,183000,0.27,192600,5.53,169200,-7.29,128800,-29.42,,,하락 전환,"D+1(2026-07-14) 시가 +0.27%, 종가 +5.53%; D+5 -7.29%; D+10 -29.42%"
2026-07-13,005380,현대차,foreign_buy_streak_4,"foreign_buy_streak_2,foreign_buy_streak_3,foreign_buy_2d_all,foreign_buy_3d_all,foreign_buy_vol_0_5pct,foreign_buy_vol_1pct,foreign_buy_vol_2pct",4,85452,221741,228494,9.77,444000,2026-07-14,433500,-2.36,424500,-4.39,399000,-10.14,364000,-18.02,,,하락 전환,"D+1(2026-07-14) 시가 -2.36%, 종가 -4.39%; D+5 -10.14%; D+10 -18.02%"
2026-07-13,011070,LG이노텍,foreign_buy_streak_5,"foreign_buy_streak_2,foreign_buy_streak_3,foreign_buy_2d_all,foreign_buy_3d_all,foreign_buy_vol_0_5pct,foreign_buy_vol_1pct,foreign_buy_vol_2pct",5,245028,311200,436449,51.06,661000,2026-07-14,659000,-0.30,641000,-3.03,629000,-4.84,514000,-22.24,,,하락 전환,"D+1(2026-07-14) 시가 -0.30%, 종가 -3.03%; D+5 -4.84%; D+10 -22.24%"
2026-07-13,028260,삼성물산,foreign_buy_streak_2,"foreign_buy_streak_2,foreign_buy_2d_all,foreign_buy_vol_0_5pct,foreign_buy_vol_1pct,foreign_buy_vol_2pct",2,63084,105728,82241,11.01,361000,2026-07-14,359500,-0.42,354000,-1.94,343500,-4.85,305000,-15.51,,,하락 전환,"D+1(2026-07-14) 시가 -0.42%, 종가 -1.94%; D+5 -4.85%; D+10 -15.51%"
2026-07-13,010120,LS ELECTRIC,foreign_buy_streak_4,"foreign_buy_streak_2,foreign_buy_streak_3,foreign_buy_2d_all,foreign_buy_3d_all,foreign_buy_vol_0_5pct,foreign_buy_vol_1pct,foreign_buy_vol_2pct",4,34551,46098,91146,3.40,184500,2026-07-14,186000,0.81,187700,1.73,189100,2.49,175500,-4.88,,,보합,"D+1(2026-07-14) 시가 +0.81%, 종가 +1.73%; D+5 +2.49%; D+10 -4.88%"
2026-07-13,012330,현대모비스,foreign_buy_streak_4,"foreign_buy_streak_2,foreign_buy_streak_3,foreign_buy_2d_all,foreign_buy_3d_all,foreign_buy_vol_0_5pct,foreign_buy_vol_1pct,foreign_buy_vol_2pct",4,24376,86179,101979,6.93,487500,2026-07-14,490000,0.51,466000,-4.41,479500,-1.64,440000,-9.74,,,하락 전환,"D+1(2026-07-14) 시가 +0.51%, 종가 -4.41%; D+5 -1.64%; D+10 -9.74%"
2026-07-13,012450,한화에어로스페이스,foreign_buy_streak_5,"foreign_buy_streak_2,foreign_buy_streak_3,foreign_buy_2d_all,foreign_buy_3d_all,foreign_buy_vol_0_5pct,foreign_buy_vol_1pct,foreign_buy_vol_2pct",5,9377,36505,40850,5.23,936000,2026-07-14,941000,0.53,872000,-6.84,899000,-3.95,875000,-6.52,,,하락 전환,"D+1(2026-07-14) 시가 +0.53%, 종가 -6.84%; D+5 -3.95%; D+10 -6.52%"
2026-07-13,096770,SK이노베이션,foreign_buy_streak_2,"foreign_buy_streak_2,foreign_buy_2d_all,foreign_buy_vol_0_5pct,foreign_buy_vol_1pct,foreign_buy_vol_2pct",2,120699,125179,80618,7.97,110200,2026-07-14,110400,0.18,104900,-4.81,116300,5.54,112700,2.27,,,상승,"D+1(2026-07-14) 시가 +0.18%, 종가 -4.81%; D+5 +5.54%; D+10 +2.27%"
2026-07-13,403870,HPSP,foreign_buy_streak_2,"foreign_buy_streak_2,foreign_buy_2d_all,foreign_buy_vol_0_5pct,foreign_buy_vol_1pct",2,33976,380092,96998,1.00,41900,2026-07-14,41900,0.00,42000,0.24,39100,-6.68,32700,-21.96,,,하락 전환,"D+1(2026-07-14) 시가 +0.00%, 종가 +0.24%; D+5 -6.68%; D+10 -21.96%"
2026-07-13,035420,NAVER,foreign_buy_streak_2,"foreign_buy_streak_2,foreign_buy_2d_all,foreign_buy_vol_0_5pct,foreign_buy_vol_1pct,foreign_buy_vol_2pct",2,45481,238320,218627,6.01,188000,2026-07-14,187300,-0.37,183200,-2.55,193000,2.66,210000,11.70,,,상승 지속,"D+1(2026-07-14) 시가 -0.37%, 종가 -2.55%; D+5 +2.66%; D+10 +11.70%"
2026-07-13,034730,SK,foreign_buy_streak_5,"foreign_buy_streak_2,foreign_buy_streak_3,foreign_buy_2d_all,foreign_buy_3d_all,foreign_buy_vol_0_5pct,foreign_buy_vol_1pct,foreign_buy_vol_2pct",5,29278,66683,71418,12.39,583000,2026-07-14,575000,-1.37,562000,-3.60,596000,2.23,541000,-7.20,,,하락 전환,"D+1(2026-07-14) 시가 -1.37%, 종가 -3.60%; D+5 +2.23%; D+10 -7.20%"
2026-07-13,267260,HD현대일렉트릭,foreign_buy_streak_4,"foreign_buy_streak_2,foreign_buy_streak_3,foreign_buy_2d_all,foreign_buy_3d_all,foreign_buy_vol_0_5pct,foreign_buy_vol_1pct,foreign_buy_vol_2pct",4,10764,25336,31362,6.23,788000,2026-07-14,782000,-0.76,797000,1.14,778000,-1.27,705000,-10.53,,,하락 전환,"D+1(2026-07-14) 시가 -0.76%, 종가 +1.14%; D+5 -1.27%; D+10 -10.53%"
2026-07-13,089030,테크윙,foreign_buy_streak_2,"foreign_buy_streak_2,foreign_buy_2d_all,foreign_buy_vol_0_5pct,foreign_buy_vol_1pct,foreign_buy_vol_2pct",2,168947,499369,459063,11.34,43850,2026-07-14,44200,0.80,48450,10.49,46800,6.73,38950,-11.17,,,하락 전환,"D+1(2026-07-14) 시가 +0.80%, 종가 +10.49%; D+5 +6.73%; D+10 -11.17%"
2026-07-13,058470,리노공업,foreign_buy_streak_11,"foreign_buy_streak_2,foreign_buy_streak_3,foreign_buy_2d_all,foreign_buy_3d_all,foreign_buy_vol_0_5pct,foreign_buy_vol_1pct",11,8700,180088,375333,1.01,72300,2026-07-14,73700,1.94,73100,1.11,70000,-3.18,61600,-14.80,,,하락 전환,"D+1(2026-07-14) 시가 +1.94%, 종가 +1.11%; D+5 -3.18%; D+10 -14.80%"
2026-07-13,477850,마키나락스,foreign_buy_streak_3,"foreign_buy_streak_2,foreign_buy_streak_3,foreign_buy_2d_all,foreign_buy_3d_all,foreign_buy_vol_0_5pct,foreign_buy_vol_1pct,foreign_buy_vol_2pct",3,106549,175763,193197,5.47,24600,2026-07-14,25150,2.24,27950,13.62,19660,-20.08,23500,-4.47,,,보합,"D+1(2026-07-14) 시가 +2.24%, 종가 +13.62%; D+5 -20.08%; D+10 -4.47%"
2026-07-14,402340,SK스퀘어,foreign_buy_streak_6,"foreign_buy_streak_2,foreign_buy_streak_3,foreign_buy_2d_all,foreign_buy_3d_all,foreign_buy_vol_0_5pct,foreign_buy_vol_1pct,foreign_buy_vol_2pct",6,172449,263101,339425,15.80,1190000,2026-07-15,1340000,12.61,1382000,16.13,1230000,3.36,850000,-28.57,,,하락 전환,"D+1(2026-07-15) 시가 +12.61%, 종가 +16.13%; D+5 +3.36%; D+10 -28.57%"
2026-07-14,005935,삼성전자우,foreign_buy_streak_4,"foreign_buy_streak_2,foreign_buy_streak_3,foreign_buy_2d_all,foreign_buy_3d_all,foreign_buy_vol_0_5pct,foreign_buy_vol_1pct,foreign_buy_vol_2pct",4,146124,280218,843939,2.73,182200,2026-07-15,198000,8.67,192000,5.38,185100,1.59,153400,-15.81,,,하락 전환,"D+1(2026-07-15) 시가 +8.67%, 종가 +5.38%; D+5 +1.59%; D+10 -15.81%"
2026-07-14,005380,현대차,foreign_buy_streak_5,"foreign_buy_streak_2,foreign_buy_streak_3,foreign_buy_2d_all,foreign_buy_3d_all,foreign_buy_vol_0_5pct",5,6835,92287,228576,0.53,424500,2026-07-15,433000,2.00,434000,2.24,418000,-1.53,353500,-16.73,,,하락 전환,"D+1(2026-07-15) 시가 +2.00%, 종가 +2.24%; D+5 -1.53%; D+10 -16.73%"
2026-07-14,066570,LG전자,foreign_buy_streak_3,"foreign_buy_streak_2,foreign_buy_streak_3,foreign_buy_2d_all,foreign_buy_3d_all,foreign_buy_vol_0_5pct,foreign_buy_vol_1pct,foreign_buy_vol_2pct",3,50733,84340,352465,2.76,185400,2026-07-15,191500,3.29,194000,4.64,182700,-1.46,150500,-18.82,,,하락 전환,"D+1(2026-07-15) 시가 +3.29%, 종가 +4.64%; D+5 -1.46%; D+10 -18.82%"
2026-07-14,011070,LG이노텍,foreign_buy_streak_6,"foreign_buy_streak_2,foreign_buy_streak_3,foreign_buy_2d_all,foreign_buy_3d_all,foreign_buy_vol_0_5pct,foreign_buy_vol_1pct,foreign_buy_vol_2pct",6,149925,394953,461125,38.27,641000,2026-07-15,675000,5.30,688000,7.33,647000,0.94,458000,-28.55,,,하락 전환,"D+1(2026-07-15) 시가 +5.30%, 종가 +7.33%; D+5 +0.94%; D+10 -28.55%"
2026-07-14,089030,테크윙,foreign_buy_streak_3,"foreign_buy_streak_2,foreign_buy_streak_3,foreign_buy_2d_all,foreign_buy_3d_all,foreign_buy_vol_0_5pct,foreign_buy_vol_1pct,foreign_buy_vol_2pct",3,621512,790459,1120881,15.04,48450,2026-07-15,50900,5.06,51900,7.12,46200,-4.64,34400,-29.00,,,하락 전환,"D+1(2026-07-15) 시가 +5.06%, 종가 +7.12%; D+5 -4.64%; D+10 -29.00%"
2026-07-14,010120,LS ELECTRIC,foreign_buy_streak_5,"foreign_buy_streak_2,foreign_buy_streak_3,foreign_buy_2d_all,foreign_buy_3d_all,foreign_buy_vol_0_5pct,foreign_buy_vol_1pct",5,21349,55900,67447,1.98,187700,2026-07-15,195400,4.10,201500,7.35,190600,1.55,163800,-12.73,,,하락 전환,"D+1(2026-07-15) 시가 +4.10%, 종가 +7.35%; D+5 +1.55%; D+10 -12.73%"
2026-07-14,012330,현대모비스,foreign_buy_streak_5,"foreign_buy_streak_2,foreign_buy_streak_3,foreign_buy_2d_all,foreign_buy_3d_all,foreign_buy_vol_0_5pct,foreign_buy_vol_1pct,foreign_buy_vol_2pct",5,9373,33749,95552,2.24,466000,2026-07-15,484000,3.86,489500,5.04,513000,10.09,445000,-4.51,,,보합,"D+1(2026-07-15) 시가 +3.86%, 종가 +5.04%; D+5 +10.09%; D+10 -4.51%"
2026-07-14,042700,한미반도체,foreign_buy_streak_2,"foreign_buy_streak_2,foreign_buy_2d_all,foreign_buy_vol_0_5pct,foreign_buy_vol_1pct,foreign_buy_vol_2pct",2,27732,143423,116698,2.94,207500,2026-07-15,225500,8.67,269500,29.88,215000,3.61,167600,-19.23,,,하락 전환,"D+1(2026-07-15) 시가 +8.67%, 종가 +29.88%; D+5 +3.61%; D+10 -19.23%"
2026-07-14,035420,NAVER,foreign_buy_streak_3,"foreign_buy_streak_2,foreign_buy_streak_3,foreign_buy_2d_all,foreign_buy_3d_all,foreign_buy_vol_0_5pct,foreign_buy_vol_1pct,foreign_buy_vol_2pct",3,53314,98795,291634,5.65,183200,2026-07-15,188000,2.62,189600,3.49,196900,7.48,201500,9.99,,,상승 지속,"D+1(2026-07-15) 시가 +2.62%, 종가 +3.49%; D+5 +7.48%; D+10 +9.99%"
2026-07-14,267260,HD현대일렉트릭,foreign_buy_streak_5,"foreign_buy_streak_2,foreign_buy_streak_3,foreign_buy_2d_all,foreign_buy_3d_all,foreign_buy_vol_0_5pct,foreign_buy_vol_1pct,foreign_buy_vol_2pct",5,8518,19282,33854,3.97,797000,2026-07-15,826000,3.64,823000,3.26,795000,-0.25,586000,-26.47,,,하락 전환,"D+1(2026-07-15) 시가 +3.64%, 종가 +3.26%; D+5 -0.25%; D+10 -26.47%"
2026-07-14,222800,심텍,foreign_buy_streak_2,"foreign_buy_streak_2,foreign_buy_2d_all",2,1467,65413,-85475,0.26,108000,2026-07-15,114600,6.11,121600,12.59,97600,-9.63,68600,-36.48,,,하락 전환,"D+1(2026-07-15) 시가 +6.11%, 종가 +12.59%; D+5 -9.63%; D+10 -36.48%"
2026-07-14,058470,리노공업,foreign_buy_streak_12,"foreign_buy_streak_2,foreign_buy_streak_3,foreign_buy_2d_all,foreign_buy_3d_all,foreign_buy_vol_0_5pct,foreign_buy_vol_1pct,foreign_buy_vol_2pct",12,62754,71454,242842,7.90,73100,2026-07-15,75800,3.69,77900,6.57,71800,-1.78,58200,-20.38,,,하락 전환,"D+1(2026-07-15) 시가 +3.69%, 종가 +6.57%; D+5 -1.78%; D+10 -20.38%"
2026-07-15,000660,SK하이닉스,foreign_buy_streak_2,"foreign_buy_streak_2,foreign_buy_2d_all,foreign_buy_vol_0_5pct,foreign_buy_vol_1pct,foreign_buy_vol_2pct",2,331145,995686,291015,5.48,2082000,2026-07-16,1902000,-8.65,1842000,-11.53,1919000,-7.83,1322000,-36.50,,,하락 전환,"D+1(2026-07-16) 시가 -8.65%, 종가 -11.53%; D+5 -7.83%; D+10 -36.50%"
2026-07-15,402340,SK스퀘어,foreign_buy_streak_7,"foreign_buy_streak_2,foreign_buy_streak_3,foreign_buy_2d_all,foreign_buy_3d_all,foreign_buy_vol_0_5pct,foreign_buy_vol_1pct,foreign_buy_vol_2pct",7,41847,214296,304948,4.12,1382000,2026-07-16,1271000,-8.03,1212000,-12.30,1221000,-11.65,799000,-42.19,,,하락 전환,"D+1(2026-07-16) 시가 -8.03%, 종가 -12.30%; D+5 -11.65%; D+10 -42.19%"
2026-07-15,009150,삼성전기,foreign_buy_streak_2,"foreign_buy_streak_2,foreign_buy_2d_all,foreign_buy_vol_0_5pct,foreign_buy_vol_1pct,foreign_buy_vol_2pct",2,43342,85060,-13277,4.60,1413000,2026-07-16,1316000,-6.86,1277000,-9.62,1448000,2.48,879000,-37.79,,,하락 전환,"D+1(2026-07-16) 시가 -6.86%, 종가 -9.62%; D+5 +2.48%; D+10 -37.79%"
2026-07-15,042700,한미반도체,foreign_buy_streak_3,"foreign_buy_streak_2,foreign_buy_streak_3,foreign_buy_2d_all,foreign_buy_3d_all,foreign_buy_vol_0_5pct,foreign_buy_vol_1pct,foreign_buy_vol_2pct",3,684840,712572,828263,29.07,269500,2026-07-16,263000,-2.41,242500,-10.02,216000,-19.85,167600,-37.81,,,하락 전환,"D+1(2026-07-16) 시가 -2.41%, 종가 -10.02%; D+5 -19.85%; D+10 -37.81%"
2026-07-15,005935,삼성전자우,foreign_buy_streak_5,"foreign_buy_streak_2,foreign_buy_streak_3,foreign_buy_2d_all,foreign_buy_3d_all,foreign_buy_vol_0_5pct,foreign_buy_vol_1pct",5,33607,179731,313825,1.07,192000,2026-07-16,183400,-4.48,172000,-10.42,191100,-0.47,151000,-21.35,,,하락 전환,"D+1(2026-07-16) 시가 -4.48%, 종가 -10.42%; D+5 -0.47%; D+10 -21.35%"
2026-07-15,005380,현대차,foreign_buy_streak_6,"foreign_buy_streak_2,foreign_buy_streak_3,foreign_buy_2d_all,foreign_buy_3d_all,foreign_buy_vol_0_5pct,foreign_buy_vol_1pct,foreign_buy_vol_2pct",6,72920,79755,165207,7.75,434000,2026-07-16,423000,-2.53,425000,-2.07,432000,-0.46,351000,-19.12,,,하락 전환,"D+1(2026-07-16) 시가 -2.53%, 종가 -2.07%; D+5 -0.46%; D+10 -19.12%"
2026-07-15,066570,LG전자,foreign_buy_streak_4,"foreign_buy_streak_2,foreign_buy_streak_3,foreign_buy_2d_all,foreign_buy_3d_all,foreign_buy_vol_0_5pct,foreign_buy_vol_1pct,foreign_buy_vol_2pct",4,131282,182015,215622,9.29,194000,2026-07-16,192000,-1.03,179000,-7.73,187500,-3.35,148000,-23.71,,,하락 전환,"D+1(2026-07-16) 시가 -1.03%, 종가 -7.73%; D+5 -3.35%; D+10 -23.71%"
2026-07-15,011070,LG이노텍,foreign_buy_streak_7,"foreign_buy_streak_2,foreign_buy_streak_3,foreign_buy_2d_all,foreign_buy_3d_all,foreign_buy_vol_0_5pct,foreign_buy_vol_1pct,foreign_buy_vol_2pct",7,41447,191372,436400,18.92,688000,2026-07-16,676000,-1.74,668000,-2.91,679000,-1.31,424000,-38.37,,,하락 전환,"D+1(2026-07-16) 시가 -1.74%, 종가 -2.91%; D+5 -1.31%; D+10 -38.37%"
2026-07-15,012330,현대모비스,foreign_buy_streak_6,"foreign_buy_streak_2,foreign_buy_streak_3,foreign_buy_2d_all,foreign_buy_3d_all,foreign_buy_vol_0_5pct,foreign_buy_vol_1pct,foreign_buy_vol_2pct",6,59215,68588,92964,20.75,489500,2026-07-16,486000,-0.72,482000,-1.53,524000,7.05,445000,-9.09,,,하락 전환,"D+1(2026-07-16) 시가 -0.72%, 종가 -1.53%; D+5 +7.05%; D+10 -9.09%"
2026-07-15,042660,한화오션,foreign_buy_streak_2,"foreign_buy_streak_2,foreign_buy_2d_all,foreign_buy_vol_0_5pct,foreign_buy_vol_1pct,foreign_buy_vol_2pct",2,196586,259942,61322,11.49,82000,2026-07-16,86100,5.00,86700,5.73,89900,9.63,79300,-3.29,,,보합,"D+1(2026-07-16) 시가 +5.00%, 종가 +5.73%; D+5 +9.63%; D+10 -3.29%"
2026-07-15,298040,효성중공업,foreign_buy_streak_2,"foreign_buy_streak_2,foreign_buy_2d_all,foreign_buy_vol_0_5pct,foreign_buy_vol_1pct,foreign_buy_vol_2pct",2,8891,15289,15283,18.33,2868000,2026-07-16,2794000,-2.58,2789000,-2.75,2866000,-0.07,1894000,-33.96,,,하락 전환,"D+1(2026-07-16) 시가 -2.58%, 종가 -2.75%; D+5 -0.07%; D+10 -33.96%"
2026-07-15,035420,NAVER,foreign_buy_streak_4,"foreign_buy_streak_2,foreign_buy_streak_3,foreign_buy_2d_all,foreign_buy_3d_all,foreign_buy_vol_0_5pct,foreign_buy_vol_1pct,foreign_buy_vol_2pct",4,162875,216189,261670,24.16,189600,2026-07-16,188200,-0.74,190000,0.21,220000,16.03,194700,2.69,,,상승,"D+1(2026-07-16) 시가 -0.74%, 종가 +0.21%; D+5 +16.03%; D+10 +2.69%"
2026-07-15,089030,테크윙,foreign_buy_streak_4,"foreign_buy_streak_2,foreign_buy_streak_3,foreign_buy_2d_all,foreign_buy_3d_all,foreign_buy_vol_0_5pct,foreign_buy_vol_1pct,foreign_buy_vol_2pct",4,141517,763029,931976,8.20,51900,2026-07-16,50300,-3.08,49200,-5.20,50800,-2.12,31900,-38.54,,,하락 전환,"D+1(2026-07-16) 시가 -3.08%, 종가 -5.20%; D+5 -2.12%; D+10 -38.54%"
2026-07-15,347850,디앤디파마텍,foreign_buy_streak_2,"foreign_buy_streak_2,foreign_buy_2d_all,foreign_buy_vol_0_5pct,foreign_buy_vol_1pct,foreign_buy_vol_2pct",2,89394,158587,-25588,7.73,76000,2026-07-16,75000,-1.32,68700,-9.61,64000,-15.79,45700,-39.87,,,하락 전환,"D+1(2026-07-16) 시가 -1.32%, 종가 -9.61%; D+5 -15.79%; D+10 -39.87%"
2026-07-15,037070,파세코,foreign_buy_streak_2,"foreign_buy_streak_2,foreign_buy_2d_all,foreign_buy_vol_0_5pct",2,44089,93067,16899,0.63,8010,2026-07-16,8330,4.00,8030,0.25,5910,-26.22,6160,-23.10,,,하락 전환,"D+1(2026-07-16) 시가 +4.00%, 종가 +0.25%; D+5 -26.22%; D+10 -23.10%"
2026-07-16,005380,현대차,foreign_buy_streak_7,"foreign_buy_streak_2,foreign_buy_streak_3,foreign_buy_2d_all,foreign_buy_3d_all,foreign_buy_vol_0_5pct,foreign_buy_vol_1pct,foreign_buy_vol_2pct",7,102350,175270,182105,12.93,425000,2026-07-20,408000,-4.00,399000,-6.12,401000,-5.65,388000,-8.71,,,하락 전환,"D+1(2026-07-20) 시가 -4.00%, 종가 -6.12%; D+5 -5.65%; D+10 -8.71%"
2026-07-16,028260,삼성물산,foreign_buy_streak_2,"foreign_buy_streak_2,foreign_buy_2d_all,foreign_buy_vol_0_5pct,foreign_buy_vol_1pct,foreign_buy_vol_2pct",2,52809,144807,106134,8.10,346000,2026-07-20,324500,-6.21,317500,-8.24,342000,-1.16,351500,1.59,,,상승,"D+1(2026-07-20) 시가 -6.21%, 종가 -8.24%; D+5 -1.16%; D+10 +1.59%"
2026-07-16,298040,효성중공업,foreign_buy_streak_3,"foreign_buy_streak_2,foreign_buy_streak_3,foreign_buy_2d_all,foreign_buy_3d_all,foreign_buy_vol_0_5pct,foreign_buy_vol_1pct,foreign_buy_vol_2pct",3,2740,11631,18029,5.27,2789000,2026-07-20,2699000,-3.23,2539000,-8.96,2681000,-3.87,2417000,-13.34,,,하락 전환,"D+1(2026-07-20) 시가 -3.23%, 종가 -8.96%; D+5 -3.87%; D+10 -13.34%"
2026-07-16,000270,기아,foreign_buy_streak_2,"foreign_buy_streak_2,foreign_buy_2d_all,foreign_buy_vol_0_5pct,foreign_buy_vol_1pct,foreign_buy_vol_2pct",2,206810,326370,241884,21.38,149700,2026-07-20,143000,-4.48,140000,-6.48,130500,-12.83,131900,-11.89,,,하락 전환,"D+1(2026-07-20) 시가 -4.48%, 종가 -6.48%; D+5 -12.83%; D+10 -11.89%"
2026-07-16,035420,NAVER,foreign_buy_streak_5,"foreign_buy_streak_2,foreign_buy_streak_3,foreign_buy_2d_all,foreign_buy_3d_all,foreign_buy_vol_0_5pct,foreign_buy_vol_1pct,foreign_buy_vol_2pct",5,163942,326817,380131,22.23,190000,2026-07-20,186700,-1.74,185900,-2.16,207500,9.21,208000,9.47,,,상승 지속,"D+1(2026-07-20) 시가 -1.74%, 종가 -2.16%; D+5 +9.21%; D+10 +9.47%"
2026-07-16,012330,현대모비스,foreign_buy_streak_7,"foreign_buy_streak_2,foreign_buy_streak_3,foreign_buy_2d_all,foreign_buy_3d_all,foreign_buy_vol_0_5pct,foreign_buy_vol_1pct,foreign_buy_vol_2pct",7,16847,76062,85435,6.23,482000,2026-07-20,477000,-1.04,472500,-1.97,482000,0.00,476000,-1.24,,,보합,"D+1(2026-07-20) 시가 -1.04%, 종가 -1.97%; D+5 +0.00%; D+10 -1.24%"
2026-07-16,011070,LG이노텍,foreign_buy_streak_8,"foreign_buy_streak_2,foreign_buy_streak_3,foreign_buy_2d_all,foreign_buy_3d_all,foreign_buy_vol_0_5pct,foreign_buy_vol_1pct,foreign_buy_vol_2pct",8,16165,57612,207537,8.65,668000,2026-07-20,633000,-5.24,602000,-9.88,625000,-6.44,514000,-23.05,,,하락 전환,"D+1(2026-07-20) 시가 -5.24%, 종가 -9.88%; D+5 -6.44%; D+10 -23.05%"
2026-07-16,032830,삼성생명,foreign_buy_streak_2,"foreign_buy_streak_2,foreign_buy_2d_all,foreign_buy_vol_0_5pct,foreign_buy_vol_1pct,foreign_buy_vol_2pct",2,75647,114568,85577,20.93,331000,2026-07-20,312500,-5.59,301500,-8.91,318000,-3.93,311500,-5.89,,,하락 전환,"D+1(2026-07-20) 시가 -5.59%, 종가 -8.91%; D+5 -3.93%; D+10 -5.89%"
2026-07-16,049080,기가레인,foreign_buy_streak_2,"foreign_buy_streak_2,foreign_buy_2d_all",2,18723,84188,-109297,0.26,11290,2026-07-20,11250,-0.35,12990,15.06,7810,-30.82,7340,-34.99,,,하락 전환,"D+1(2026-07-20) 시가 -0.35%, 종가 +15.06%; D+5 -30.82%; D+10 -34.99%"
2026-07-16,247540,에코프로비엠,foreign_buy_streak_2,"foreign_buy_streak_2,foreign_buy_2d_all,foreign_buy_vol_0_5pct,foreign_buy_vol_1pct,foreign_buy_vol_2pct",2,17632,37330,-18551,6.06,112400,2026-07-20,109900,-2.22,104100,-7.38,108300,-3.65,103500,-7.92,,,하락 전환,"D+1(2026-07-20) 시가 -2.22%, 종가 -7.38%; D+5 -3.65%; D+10 -7.92%"
2026-07-20,028260,삼성물산,foreign_buy_streak_3,"foreign_buy_streak_2,foreign_buy_streak_3,foreign_buy_2d_all,foreign_buy_3d_all,foreign_buy_vol_0_5pct,foreign_buy_vol_1pct",3,8301,61110,153108,1.23,317500,2026-07-21,316000,-0.47,343500,8.19,339500,6.93,329000,3.62,,,상승,"D+1(2026-07-21) 시가 -0.47%, 종가 +8.19%; D+5 +6.93%; D+10 +3.62%"
2026-07-20,012330,현대모비스,foreign_buy_streak_8,"foreign_buy_streak_2,foreign_buy_streak_3,foreign_buy_2d_all,foreign_buy_3d_all,foreign_buy_vol_0_5pct,foreign_buy_vol_1pct,foreign_buy_vol_2pct",8,53106,69953,129168,16.77,472500,2026-07-21,466000,-1.38,479500,1.48,463500,-1.90,493500,4.44,,,상승,"D+1(2026-07-21) 시가 -1.38%, 종가 +1.48%; D+5 -1.90%; D+10 +4.44%"
2026-07-20,011070,LG이노텍,foreign_buy_streak_9,"foreign_buy_streak_2,foreign_buy_streak_3,foreign_buy_2d_all,foreign_buy_3d_all",9,143,16308,57755,0.07,602000,2026-07-21,601000,-0.17,629000,4.49,614000,1.99,513000,-14.78,,,하락 전환,"D+1(2026-07-21) 시가 -0.17%, 종가 +4.49%; D+5 +1.99%; D+10 -14.78%"
2026-07-20,035420,NAVER,foreign_buy_streak_6,"foreign_buy_streak_2,foreign_buy_streak_3,foreign_buy_2d_all,foreign_buy_3d_all,foreign_buy_vol_0_5pct,foreign_buy_vol_1pct,foreign_buy_vol_2pct",6,38542,202484,365359,6.12,185900,2026-07-21,189000,1.67,193000,3.82,225000,21.03,207500,11.62,,,상승 지속,"D+1(2026-07-21) 시가 +1.67%, 종가 +3.82%; D+5 +21.03%; D+10 +11.62%"
2026-07-20,320000,한울반도체,foreign_buy_streak_2,"foreign_buy_streak_2,foreign_buy_2d_all,foreign_buy_vol_0_5pct,foreign_buy_vol_1pct",2,44782,59241,41957,1.06,15970,2026-07-21,16110,0.88,15280,-4.32,12410,-22.29,11670,-26.93,,,하락 전환,"D+1(2026-07-21) 시가 +0.88%, 종가 -4.32%; D+5 -22.29%; D+10 -26.93%"
2026-07-20,039030,이오테크닉스,foreign_buy_streak_2,"foreign_buy_streak_2,foreign_buy_2d_all,foreign_buy_vol_0_5pct,foreign_buy_vol_1pct,foreign_buy_vol_2pct",2,46987,57610,51115,22.60,317000,2026-07-21,312500,-1.42,317500,0.16,309000,-2.52,292000,-7.89,,,하락 전환,"D+1(2026-07-21) 시가 -1.42%, 종가 +0.16%; D+5 -2.52%; D+10 -7.89%"
2026-07-20,365660,레몬헬스케어,foreign_buy_streak_2,"foreign_buy_streak_2,foreign_buy_2d_all",2,33538,57537,2412,0.37,6990,2026-07-21,7570,8.30,6350,-9.16,4605,-34.12,5460,-21.89,,,하락 전환,"D+1(2026-07-21) 시가 +8.30%, 종가 -9.16%; D+5 -34.12%; D+10 -21.89%"
2026-07-20,387690,레메디,foreign_buy_streak_2,"foreign_buy_streak_2,foreign_buy_2d_all",2,6639,14665,-84261,0.20,12370,2026-07-21,12560,1.54,12030,-2.75,9590,-22.47,8020,-35.17,,,하락 전환,"D+1(2026-07-21) 시가 +1.54%, 종가 -2.75%; D+5 -22.47%; D+10 -35.17%"
2026-07-21,005930,삼성전자,foreign_buy_streak_2,"foreign_buy_streak_2,foreign_buy_2d_all,foreign_buy_vol_0_5pct,foreign_buy_vol_1pct,foreign_buy_vol_2pct",2,1943936,3073019,2246943,9.54,259000,2026-07-22,276000,6.56,260500,0.58,220000,-15.06,240000,-7.34,,,하락 전환,"D+1(2026-07-22) 시가 +6.56%, 종가 +0.58%; D+5 -15.06%; D+10 -7.34%"
2026-07-21,005935,삼성전자우,foreign_buy_streak_2,"foreign_buy_streak_2,foreign_buy_2d_all,foreign_buy_vol_0_5pct,foreign_buy_vol_1pct,foreign_buy_vol_2pct",2,189623,903200,-117983,6.04,181000,2026-07-22,192000,6.08,185100,2.27,158200,-12.60,176400,-2.54,,,보합,"D+1(2026-07-22) 시가 +6.08%, 종가 +2.27%; D+5 -12.60%; D+10 -2.54%"
2026-07-21,475150,SK이터닉스,foreign_buy_streak_2,"foreign_buy_streak_2,foreign_buy_2d_all,foreign_buy_vol_0_5pct,foreign_buy_vol_1pct,foreign_buy_vol_2pct",2,388334,402292,93792,5.44,55900,2026-07-22,57000,1.97,62000,10.91,48700,-12.88,55800,-0.18,,,보합,"D+1(2026-07-22) 시가 +1.97%, 종가 +10.91%; D+5 -12.88%; D+10 -0.18%"
2026-07-21,028260,삼성물산,foreign_buy_streak_4,"foreign_buy_streak_2,foreign_buy_streak_3,foreign_buy_2d_all,foreign_buy_3d_all,foreign_buy_vol_0_5pct,foreign_buy_vol_1pct,foreign_buy_vol_2pct",4,55144,63445,116254,8.42,343500,2026-07-22,359000,4.51,354000,3.06,305000,-11.21,322500,-6.11,,,하락 전환,"D+1(2026-07-22) 시가 +4.51%, 종가 +3.06%; D+5 -11.21%; D+10 -6.11%"
2026-07-21,034020,두산에너빌리티,foreign_buy_streak_2,"foreign_buy_streak_2,foreign_buy_2d_all,foreign_buy_vol_0_5pct,foreign_buy_vol_1pct,foreign_buy_vol_2pct",2,539303,790049,626769,20.65,66800,2026-07-22,69100,3.44,69200,3.59,64700,-3.14,73000,9.28,,,상승 지속,"D+1(2026-07-22) 시가 +3.44%, 종가 +3.59%; D+5 -3.14%; D+10 +9.28%"
2026-07-21,012330,현대모비스,foreign_buy_streak_9,"foreign_buy_streak_2,foreign_buy_streak_3,foreign_buy_2d_all,foreign_buy_3d_all,foreign_buy_vol_0_5pct,foreign_buy_vol_1pct,foreign_buy_vol_2pct",9,19673,72779,89626,6.07,479500,2026-07-22,505000,5.32,513000,6.99,440000,-8.24,481500,0.42,,,상승,"D+1(2026-07-22) 시가 +5.32%, 종가 +6.99%; D+5 -8.24%; D+10 +0.42%"
2026-07-21,006400,삼성SDI,foreign_buy_streak_2,"foreign_buy_streak_2,foreign_buy_2d_all,foreign_buy_vol_0_5pct,foreign_buy_vol_1pct,foreign_buy_vol_2pct",2,51604,87221,87103,15.02,416500,2026-07-22,429000,3.00,419000,0.60,382000,-8.28,419500,0.72,,,상승,"D+1(2026-07-22) 시가 +3.00%, 종가 +0.60%; D+5 -8.28%; D+10 +0.72%"
2026-07-21,010120,LS ELECTRIC,foreign_buy_streak_2,"foreign_buy_streak_2,foreign_buy_2d_all,foreign_buy_vol_0_5pct,foreign_buy_vol_1pct,foreign_buy_vol_2pct",2,38666,43536,-10345,5.48,189100,2026-07-22,196600,3.97,190600,0.79,175500,-7.19,197000,4.18,,,상승,"D+1(2026-07-22) 시가 +3.97%, 종가 +0.79%; D+5 -7.19%; D+10 +4.18%"
2026-07-21,011070,LG이노텍,foreign_buy_streak_10,"foreign_buy_streak_2,foreign_buy_streak_3,foreign_buy_2d_all,foreign_buy_3d_all,foreign_buy_vol_0_5pct,foreign_buy_vol_1pct,foreign_buy_vol_2pct",10,37956,38099,54264,19.33,629000,2026-07-22,657000,4.45,647000,2.86,514000,-18.28,525000,-16.53,,,하락 전환,"D+1(2026-07-22) 시가 +4.45%, 종가 +2.86%; D+5 -18.28%; D+10 -16.53%"
2026-07-21,095610,테스,foreign_buy_streak_2,"foreign_buy_streak_2,foreign_buy_2d_all,foreign_buy_vol_0_5pct,foreign_buy_vol_1pct,foreign_buy_vol_2pct",2,10538,31351,-59098,2.15,165700,2026-07-22,175000,5.61,156500,-5.55,122100,-26.31,132400,-20.10,,,하락 전환,"D+1(2026-07-22) 시가 +5.61%, 종가 -5.55%; D+5 -26.31%; D+10 -20.10%"
2026-07-21,347850,디앤디파마텍,foreign_buy_streak_2,"foreign_buy_streak_2,foreign_buy_2d_all,foreign_buy_vol_0_5pct,foreign_buy_vol_1pct,foreign_buy_vol_2pct",2,88884,181288,-95678,7.35,61000,2026-07-22,62400,2.30,59000,-3.28,55500,-9.02,64800,6.23,,,상승 지속,"D+1(2026-07-22) 시가 +2.30%, 종가 -3.28%; D+5 -9.02%; D+10 +6.23%"
2026-07-21,010170,대한광통신,foreign_buy_streak_2,"foreign_buy_streak_2,foreign_buy_2d_all,foreign_buy_vol_0_5pct,foreign_buy_vol_1pct,foreign_buy_vol_2pct",2,365443,956001,231249,5.41,9860,2026-07-22,10470,6.19,10090,2.33,8450,-14.30,10180,3.25,,,상승,"D+1(2026-07-22) 시가 +6.19%, 종가 +2.33%; D+5 -14.30%; D+10 +3.25%"
2026-07-21,365660,레몬헬스케어,foreign_buy_streak_3,"foreign_buy_streak_2,foreign_buy_streak_3,foreign_buy_2d_all,foreign_buy_3d_all,foreign_buy_vol_0_5pct,foreign_buy_vol_1pct",3,102987,136525,160524,1.17,6350,2026-07-22,6390,0.63,6030,-5.04,3880,-38.90,5910,-6.93,,,하락 전환,"D+1(2026-07-22) 시가 +0.63%, 종가 -5.04%; D+5 -38.90%; D+10 -6.93%"
2026-07-21,089970,브이엠,foreign_buy_streak_2,"foreign_buy_streak_2,foreign_buy_2d_all,foreign_buy_vol_0_5pct,foreign_buy_vol_1pct,foreign_buy_vol_2pct",2,46242,61059,-126056,6.51,89300,2026-07-22,94300,5.60,82100,-8.06,62900,-29.56,66900,-25.08,,,하락 전환,"D+1(2026-07-22) 시가 +5.60%, 종가 -8.06%; D+5 -29.56%; D+10 -25.08%"
2026-07-21,141080,리가켐바이오,foreign_buy_streak_5,"foreign_buy_streak_2,foreign_buy_streak_3,foreign_buy_2d_all,foreign_buy_3d_all,foreign_buy_vol_0_5pct,foreign_buy_vol_1pct,foreign_buy_vol_2pct",5,271679,330563,430621,42.02,93600,2026-07-22,95400,1.92,93900,0.32,90600,-3.21,109900,17.41,,,상승 지속,"D+1(2026-07-22) 시가 +1.92%, 종가 +0.32%; D+5 -3.21%; D+10 +17.41%"
2026-07-21,039030,이오테크닉스,foreign_buy_streak_3,"foreign_buy_streak_2,foreign_buy_streak_3,foreign_buy_2d_all,foreign_buy_3d_all,foreign_buy_vol_0_5pct,foreign_buy_vol_1pct,foreign_buy_vol_2pct",3,10274,57261,67884,6.85,317500,2026-07-22,330000,3.94,308500,-2.83,270000,-14.96,309000,-2.68,,,보합,"D+1(2026-07-22) 시가 +3.94%, 종가 -2.83%; D+5 -14.96%; D+10 -2.68%"
2026-07-21,0039P0,매드업,foreign_buy_streak_2,"foreign_buy_streak_2,foreign_buy_2d_all,foreign_buy_vol_0_5pct",2,66551,88579,83240,0.92,5700,2026-07-22,5780,1.40,5830,2.28,4560,-20.00,7320,28.42,,,상승 지속,"D+1(2026-07-22) 시가 +1.40%, 종가 +2.28%; D+5 -20.00%; D+10 +28.42%"
2026-07-21,178320,서진시스템,foreign_buy_streak_2,"foreign_buy_streak_2,foreign_buy_2d_all,foreign_buy_vol_0_5pct,foreign_buy_vol_1pct,foreign_buy_vol_2pct",2,143575,248552,211216,12.19,36200,2026-07-22,37700,4.14,36250,0.14,33050,-8.70,36800,1.66,,,상승,"D+1(2026-07-22) 시가 +4.14%, 종가 +0.14%; D+5 -8.70%; D+10 +1.66%"
2026-07-22,005930,삼성전자,foreign_buy_streak_3,"foreign_buy_streak_2,foreign_buy_streak_3,foreign_buy_2d_all,foreign_buy_3d_all,foreign_buy_vol_0_5pct,foreign_buy_vol_1pct,foreign_buy_vol_2pct",3,2136159,4080095,5209178,9.58,260500,2026-07-23,269000,3.26,270000,3.65,208500,-19.96,246000,-5.57,,,하락 전환,"D+1(2026-07-23) 시가 +3.26%, 종가 +3.65%; D+5 -19.96%; D+10 -5.57%"
2026-07-22,475150,SK이터닉스,foreign_buy_streak_3,"foreign_buy_streak_2,foreign_buy_streak_3,foreign_buy_2d_all,foreign_buy_3d_all,foreign_buy_vol_0_5pct,foreign_buy_vol_1pct,foreign_buy_vol_2pct",3,927966,1316300,1330258,6.92,62000,2026-07-23,64500,4.03,80600,30.00,43450,-29.92,57700,-6.94,,,하락 전환,"D+1(2026-07-23) 시가 +4.03%, 종가 +30.00%; D+5 -29.92%; D+10 -6.94%"
2026-07-22,005935,삼성전자우,foreign_buy_streak_3,"foreign_buy_streak_2,foreign_buy_streak_3,foreign_buy_2d_all,foreign_buy_3d_all,foreign_buy_vol_0_5pct,foreign_buy_vol_1pct",3,42317,231940,945517,1.09,185100,2026-07-23,193800,4.70,191100,3.24,153400,-17.13,183900,-0.65,,,보합,"D+1(2026-07-23) 시가 +4.70%, 종가 +3.24%; D+5 -17.13%; D+10 -0.65%"
2026-07-22,066570,LG전자,foreign_buy_streak_2,"foreign_buy_streak_2,foreign_buy_2d_all,foreign_buy_vol_0_5pct,foreign_buy_vol_1pct,foreign_buy_vol_2pct",2,353264,549645,546090,20.32,182700,2026-07-23,186000,1.81,187500,2.63,150500,-17.62,179500,-1.75,,,보합,"D+1(2026-07-23) 시가 +1.81%, 종가 +2.63%; D+5 -17.62%; D+10 -1.75%"
2026-07-22,034020,두산에너빌리티,foreign_buy_streak_3,"foreign_buy_streak_2,foreign_buy_streak_3,foreign_buy_2d_all,foreign_buy_3d_all,foreign_buy_vol_0_5pct,foreign_buy_vol_1pct,foreign_buy_vol_2pct",3,482817,1022120,1272866,16.09,69200,2026-07-23,70300,1.59,73200,5.78,60800,-12.14,77000,11.27,,,상승 지속,"D+1(2026-07-23) 시가 +1.59%, 종가 +5.78%; D+5 -12.14%; D+10 +11.27%"
2026-07-22,028260,삼성물산,foreign_buy_streak_5,"foreign_buy_streak_2,foreign_buy_streak_3,foreign_buy_2d_all,foreign_buy_3d_all,foreign_buy_vol_0_5pct,foreign_buy_vol_1pct,foreign_buy_vol_2pct",5,98391,153535,161836,18.00,354000,2026-07-23,354500,0.14,360000,1.69,285500,-19.35,347500,-1.84,,,보합,"D+1(2026-07-23) 시가 +0.14%, 종가 +1.69%; D+5 -19.35%; D+10 -1.84%"
2026-07-22,010120,LS ELECTRIC,foreign_buy_streak_3,"foreign_buy_streak_2,foreign_buy_streak_3,foreign_buy_2d_all,foreign_buy_3d_all,foreign_buy_vol_0_5pct,foreign_buy_vol_1pct,foreign_buy_vol_2pct",3,43862,82528,87398,6.21,190600,2026-07-23,196500,3.10,223500,17.26,163800,-14.06,212000,11.23,,,상승 지속,"D+1(2026-07-23) 시가 +3.10%, 종가 +17.26%; D+5 -14.06%; D+10 +11.23%"
2026-07-22,042660,한화오션,foreign_buy_streak_2,"foreign_buy_streak_2,foreign_buy_2d_all,foreign_buy_vol_0_5pct,foreign_buy_vol_1pct,foreign_buy_vol_2pct",2,296956,310747,-292668,18.28,83900,2026-07-23,83700,-0.24,89900,7.15,74600,-11.08,91900,9.54,,,상승 지속,"D+1(2026-07-23) 시가 -0.24%, 종가 +7.15%; D+5 -11.08%; D+10 +9.54%"
2026-07-22,006400,삼성SDI,foreign_buy_streak_3,"foreign_buy_streak_2,foreign_buy_streak_3,foreign_buy_2d_all,foreign_buy_3d_all,foreign_buy_vol_0_5pct,foreign_buy_vol_1pct,foreign_buy_vol_2pct",3,51438,103042,138659,16.02,419000,2026-07-23,421500,0.60,467000,11.46,364000,-13.13,429000,2.39,,,상승,"D+1(2026-07-23) 시가 +0.60%, 종가 +11.46%; D+5 -13.13%; D+10 +2.39%"
2026-07-22,011070,LG이노텍,foreign_buy_streak_11,"foreign_buy_streak_2,foreign_buy_streak_3,foreign_buy_2d_all,foreign_buy_3d_all,foreign_buy_vol_0_5pct,foreign_buy_vol_1pct,foreign_buy_vol_2pct",11,8183,46139,46282,4.00,647000,2026-07-23,667000,3.09,679000,4.95,458000,-29.21,601000,-7.11,,,하락 전환,"D+1(2026-07-23) 시가 +3.09%, 종가 +4.95%; D+5 -29.21%; D+10 -7.11%"
2026-07-22,000270,기아,foreign_buy_streak_2,"foreign_buy_streak_2,foreign_buy_2d_all,foreign_buy_vol_0_5pct,foreign_buy_vol_1pct,foreign_buy_vol_2pct",2,102040,396433,279331,12.91,146800,2026-07-23,146500,-0.20,149800,2.04,120400,-17.98,133000,-9.40,,,하락 전환,"D+1(2026-07-23) 시가 -0.20%, 종가 +2.04%; D+5 -17.98%; D+10 -9.40%"
2026-07-22,055550,신한지주,foreign_buy_streak_2,"foreign_buy_streak_2,foreign_buy_2d_all,foreign_buy_vol_0_5pct,foreign_buy_vol_1pct,foreign_buy_vol_2pct",2,285286,289935,76738,25.74,104500,2026-07-23,104000,-0.48,103800,-0.67,98300,-5.93,103600,-0.86,,,보합,"D+1(2026-07-23) 시가 -0.48%, 종가 -0.67%; D+5 -5.93%; D+10 -0.86%"
2026-07-22,032830,삼성생명,foreign_buy_streak_2,"foreign_buy_streak_2,foreign_buy_2d_all,foreign_buy_vol_0_5pct,foreign_buy_vol_1pct,foreign_buy_vol_2pct",2,47533,97297,78919,13.75,320000,2026-07-23,320500,0.16,329500,2.97,265500,-17.03,294000,-8.13,,,하락 전환,"D+1(2026-07-23) 시가 +0.16%, 종가 +2.97%; D+5 -17.03%; D+10 -8.13%"
2026-07-22,329180,HD현대중공업,foreign_buy_streak_2,"foreign_buy_streak_2,foreign_buy_2d_all,foreign_buy_vol_0_5pct,foreign_buy_vol_1pct,foreign_buy_vol_2pct",2,16747,20679,14490,6.87,464500,2026-07-23,464500,0.00,498000,7.21,434000,-6.57,509000,9.58,,,상승 지속,"D+1(2026-07-23) 시가 +0.00%, 종가 +7.21%; D+5 -6.57%; D+10 +9.58%"
2026-07-22,010170,대한광통신,foreign_buy_streak_3,"foreign_buy_streak_2,foreign_buy_streak_3,foreign_buy_2d_all,foreign_buy_3d_all,foreign_buy_vol_0_5pct,foreign_buy_vol_1pct,foreign_buy_vol_2pct",3,740925,1106368,1696926,9.58,10090,2026-07-23,10330,2.38,10840,7.43,7450,-26.16,12070,19.62,,,상승 지속,"D+1(2026-07-23) 시가 +2.38%, 종가 +7.43%; D+5 -26.16%; D+10 +19.62%"
2026-07-22,196170,알테오젠,foreign_buy_streak_2,"foreign_buy_streak_2,foreign_buy_2d_all,foreign_buy_vol_0_5pct,foreign_buy_vol_1pct,foreign_buy_vol_2pct",2,37362,80553,72357,12.78,268000,2026-07-23,207367,-22.62,235837,-12.00,217370,-18.89,277000,3.36,,,상승,"D+1(2026-07-23) 시가 -22.62%, 종가 -12.00%; D+5 -18.89%; D+10 +3.36%"
2026-07-22,413630,씨피시스템,foreign_buy_streak_2,"foreign_buy_streak_2,foreign_buy_2d_all,foreign_buy_vol_0_5pct",2,91342,146260,142458,0.59,3570,2026-07-23,3700,3.64,3165,-11.34,3950,10.64,4335,21.43,,,상승 지속,"D+1(2026-07-23) 시가 +3.64%, 종가 -11.34%; D+5 +10.64%; D+10 +21.43%"
2026-07-22,086520,에코프로,foreign_buy_streak_2,"foreign_buy_streak_2,foreign_buy_2d_all,foreign_buy_vol_0_5pct,foreign_buy_vol_1pct,foreign_buy_vol_2pct",2,136450,183824,142412,18.19,77100,2026-07-23,77700,0.78,84300,9.34,67400,-12.58,82300,6.74,,,상승 지속,"D+1(2026-07-23) 시가 +0.78%, 종가 +9.34%; D+5 -12.58%; D+10 +6.74%"
2026-07-23,000660,SK하이닉스,foreign_buy_streak_2,"foreign_buy_streak_2,foreign_buy_2d_all,foreign_buy_vol_0_5pct,foreign_buy_vol_1pct,foreign_buy_vol_2pct",2,689697,1330115,1092698,16.74,1919000,2026-07-24,1894000,-1.30,1759000,-8.34,1322000,-31.11,1495000,-22.09,,,하락 전환,"D+1(2026-07-24) 시가 -1.30%, 종가 -8.34%; D+5 -31.11%; D+10 -22.09%"
2026-07-23,005930,삼성전자,foreign_buy_streak_4,"foreign_buy_streak_2,foreign_buy_streak_3,foreign_buy_2d_all,foreign_buy_3d_all,foreign_buy_vol_0_5pct,foreign_buy_vol_1pct,foreign_buy_vol_2pct",4,1299490,3435649,5379585,8.12,270000,2026-07-24,266000,-1.48,249500,-7.59,207000,-23.33,230500,-14.63,,,하락 전환,"D+1(2026-07-24) 시가 -1.48%, 종가 -7.59%; D+5 -23.33%; D+10 -14.63%"
2026-07-23,475150,SK이터닉스,foreign_buy_streak_4,"foreign_buy_streak_2,foreign_buy_streak_3,foreign_buy_2d_all,foreign_buy_3d_all,foreign_buy_vol_0_5pct,foreign_buy_vol_1pct,foreign_buy_vol_2pct",4,837976,1765942,2154276,4.59,80600,2026-07-24,80800,0.25,80900,0.37,41800,-48.14,55000,-31.76,,,하락 전환,"D+1(2026-07-24) 시가 +0.25%, 종가 +0.37%; D+5 -48.14%; D+10 -31.76%"
2026-07-23,009150,삼성전기,foreign_buy_streak_2,"foreign_buy_streak_2,foreign_buy_2d_all,foreign_buy_vol_0_5pct,foreign_buy_vol_1pct,foreign_buy_vol_2pct",2,47409,105143,63184,7.15,1448000,2026-07-24,1450000,0.14,1326000,-8.43,879000,-39.30,1229000,-15.12,,,하락 전환,"D+1(2026-07-24) 시가 +0.14%, 종가 -8.43%; D+5 -39.30%; D+10 -15.12%"
2026-07-23,006340,대원전선,foreign_buy_streak_2,"foreign_buy_streak_2,foreign_buy_2d_all,foreign_buy_vol_0_5pct,foreign_buy_vol_1pct,foreign_buy_vol_2pct",2,980468,1197951,695936,3.37,14200,2026-07-24,13720,-3.38,13730,-3.31,10320,-27.32,14400,1.41,,,상승,"D+1(2026-07-24) 시가 -3.38%, 종가 -3.31%; D+5 -27.32%; D+10 +1.41%"
2026-07-23,005380,현대차,foreign_buy_streak_2,"foreign_buy_streak_2,foreign_buy_2d_all,foreign_buy_vol_0_5pct,foreign_buy_vol_1pct,foreign_buy_vol_2pct",2,48177,155835,114781,6.71,432000,2026-07-24,418500,-3.12,401000,-7.18,351000,-18.75,400000,-7.41,,,하락 전환,"D+1(2026-07-24) 시가 -3.12%, 종가 -7.18%; D+5 -18.75%; D+10 -7.41%"
2026-07-23,010120,LS ELECTRIC,foreign_buy_streak_4,"foreign_buy_streak_2,foreign_buy_streak_3,foreign_buy_2d_all,foreign_buy_3d_all,foreign_buy_vol_0_5pct,foreign_buy_vol_1pct,foreign_buy_vol_2pct",4,74574,118436,157102,5.69,223500,2026-07-24,218500,-2.24,202000,-9.62,150300,-32.75,202500,-9.40,,,하락 전환,"D+1(2026-07-24) 시가 -2.24%, 종가 -9.62%; D+5 -32.75%; D+10 -9.40%"
2026-07-23,006360,GS건설,foreign_buy_streak_2,"foreign_buy_streak_2,foreign_buy_2d_all,foreign_buy_vol_0_5pct,foreign_buy_vol_1pct,foreign_buy_vol_2pct",2,489474,904736,796016,6.12,34400,2026-07-24,33350,-3.05,30250,-12.06,22250,-35.32,32600,-5.23,,,하락 전환,"D+1(2026-07-24) 시가 -3.05%, 종가 -12.06%; D+5 -35.32%; D+10 -5.23%"
2026-07-23,096770,SK이노베이션,foreign_buy_streak_3,"foreign_buy_streak_2,foreign_buy_streak_3,foreign_buy_2d_all,foreign_buy_3d_all,foreign_buy_vol_0_5pct,foreign_buy_vol_1pct,foreign_buy_vol_2pct",3,380223,577575,595729,22.54,132200,2026-07-24,129700,-1.89,130100,-1.59,116600,-11.80,108600,-17.85,,,하락 전환,"D+1(2026-07-24) 시가 -1.89%, 종가 -1.59%; D+5 -11.80%; D+10 -17.85%"
2026-07-23,006400,삼성SDI,foreign_buy_streak_4,"foreign_buy_streak_2,foreign_buy_streak_3,foreign_buy_2d_all,foreign_buy_3d_all,foreign_buy_vol_0_5pct,foreign_buy_vol_1pct,foreign_buy_vol_2pct",4,21914,73352,124956,4.86,467000,2026-07-24,454000,-2.78,428000,-8.35,358500,-23.23,427000,-8.57,,,하락 전환,"D+1(2026-07-24) 시가 -2.78%, 종가 -8.35%; D+5 -23.23%; D+10 -8.57%"
2026-07-23,012450,한화에어로스페이스,foreign_buy_streak_2,"foreign_buy_streak_2,foreign_buy_2d_all,foreign_buy_vol_0_5pct,foreign_buy_vol_1pct,foreign_buy_vol_2pct",2,24477,43569,43079,11.67,958000,2026-07-24,981000,2.40,979000,2.19,865000,-9.71,1054000,10.02,,,상승 지속,"D+1(2026-07-24) 시가 +2.40%, 종가 +2.19%; D+5 -9.71%; D+10 +10.02%"
2026-07-23,105560,KB금융,foreign_buy_streak_2,"foreign_buy_streak_2,foreign_buy_2d_all,foreign_buy_vol_0_5pct,foreign_buy_vol_1pct,foreign_buy_vol_2pct",2,252522,453229,436000,24.18,176300,2026-07-24,174900,-0.79,171500,-2.72,167400,-5.05,171500,-2.72,,,보합,"D+1(2026-07-24) 시가 -0.79%, 종가 -2.72%; D+5 -5.05%; D+10 -2.72%"
2026-07-23,042660,한화오션,foreign_buy_streak_3,"foreign_buy_streak_2,foreign_buy_streak_3,foreign_buy_2d_all,foreign_buy_3d_all,foreign_buy_vol_0_5pct,foreign_buy_vol_1pct,foreign_buy_vol_2pct",3,474345,771301,785092,24.81,89900,2026-07-24,90000,0.11,87900,-2.22,79300,-11.79,90700,0.89,,,상승,"D+1(2026-07-24) 시가 +0.11%, 종가 -2.22%; D+5 -11.79%; D+10 +0.89%"
2026-07-23,196170,알테오젠,foreign_buy_streak_3,"foreign_buy_streak_2,foreign_buy_streak_3,foreign_buy_2d_all,foreign_buy_3d_all,foreign_buy_vol_0_5pct,foreign_buy_vol_1pct,foreign_buy_vol_2pct",3,136160,173522,216713,24.45,306500,2026-07-24,228912,-25.31,231220,-24.56,215062,-29.83,293500,-4.24,,,보합,"D+1(2026-07-24) 시가 -25.31%, 종가 -24.56%; D+5 -29.83%; D+10 -4.24%"
2026-07-23,009830,한화솔루션,foreign_buy_streak_6,"foreign_buy_streak_2,foreign_buy_streak_3,foreign_buy_2d_all,foreign_buy_3d_all",6,5566,340534,533044,0.13,30000,2026-07-24,30000,0.00,30000,0.00,23500,-21.67,30400,1.33,,,상승,"D+1(2026-07-24) 시가 +0.00%, 종가 +0.00%; D+5 -21.67%; D+10 +1.33%"
2026-07-23,034020,두산에너빌리티,foreign_buy_streak_4,"foreign_buy_streak_2,foreign_buy_streak_3,foreign_buy_2d_all,foreign_buy_3d_all,foreign_buy_vol_0_5pct,foreign_buy_vol_1pct,foreign_buy_vol_2pct",4,195539,678356,1217659,11.08,73200,2026-07-24,72500,-0.96,72100,-1.50,60200,-17.76,76400,4.37,,,상승,"D+1(2026-07-24) 시가 -0.96%, 종가 -1.50%; D+5 -17.76%; D+10 +4.37%"
2026-07-23,119850,지엔씨에너지,foreign_buy_streak_2,"foreign_buy_streak_2,foreign_buy_2d_all,foreign_buy_vol_0_5pct,foreign_buy_vol_1pct,foreign_buy_vol_2pct",2,146920,160186,147062,5.09,45550,2026-07-24,45400,-0.33,45300,-0.55,29750,-34.69,51100,12.18,,,상승 지속,"D+1(2026-07-24) 시가 -0.33%, 종가 -0.55%; D+5 -34.69%; D+10 +12.18%"
2026-07-23,032830,삼성생명,foreign_buy_streak_3,"foreign_buy_streak_2,foreign_buy_streak_3,foreign_buy_2d_all,foreign_buy_3d_all,foreign_buy_vol_0_5pct,foreign_buy_vol_1pct,foreign_buy_vol_2pct",3,79591,127124,176888,21.65,329500,2026-07-24,325500,-1.21,318000,-3.49,264000,-19.88,287500,-12.75,,,하락 전환,"D+1(2026-07-24) 시가 -1.21%, 종가 -3.49%; D+5 -19.88%; D+10 -12.75%"
2026-07-23,024060,흥구석유,foreign_buy_streak_2,"foreign_buy_streak_2,foreign_buy_2d_all,foreign_buy_vol_0_5pct",2,37159,198809,152969,0.63,13870,2026-07-24,15070,8.65,14120,1.80,10910,-21.34,10170,-26.68,,,하락 전환,"D+1(2026-07-24) 시가 +8.65%, 종가 +1.80%; D+5 -21.34%; D+10 -26.68%"
2026-07-23,086520,에코프로,foreign_buy_streak_3,"foreign_buy_streak_2,foreign_buy_streak_3,foreign_buy_2d_all,foreign_buy_3d_all",3,1776,138226,185600,0.19,84300,2026-07-24,81800,-2.97,78100,-7.35,70600,-16.25,83600,-0.83,,,보합,"D+1(2026-07-24) 시가 -2.97%, 종가 -7.35%; D+5 -16.25%; D+10 -0.83%"
2026-07-23,089030,테크윙,foreign_buy_streak_2,"foreign_buy_streak_2,foreign_buy_2d_all,foreign_buy_vol_0_5pct,foreign_buy_vol_1pct,foreign_buy_vol_2pct",2,358122,445944,385299,24.35,50800,2026-07-24,49800,-1.97,45050,-11.32,31900,-37.20,47300,-6.89,,,하락 전환,"D+1(2026-07-24) 시가 -1.97%, 종가 -11.32%; D+5 -37.20%; D+10 -6.89%"
2026-07-23,010170,대한광통신,foreign_buy_streak_4,"foreign_buy_streak_2,foreign_buy_streak_3,foreign_buy_2d_all,foreign_buy_3d_all,foreign_buy_vol_0_5pct,foreign_buy_vol_1pct,foreign_buy_vol_2pct",4,732961,1473886,1839329,13.75,10840,2026-07-24,10550,-2.68,9920,-8.49,7160,-33.95,11070,2.12,,,상승,"D+1(2026-07-24) 시가 -2.68%, 종가 -8.49%; D+5 -33.95%; D+10 +2.12%"
2026-07-23,058470,리노공업,foreign_buy_streak_2,"foreign_buy_streak_2,foreign_buy_2d_all,foreign_buy_vol_0_5pct,foreign_buy_vol_1pct,foreign_buy_vol_2pct",2,32508,228509,190146,4.97,73900,2026-07-24,72400,-2.03,68600,-7.17,55200,-25.30,66900,-9.47,,,하락 전환,"D+1(2026-07-24) 시가 -2.03%, 종가 -7.17%; D+5 -25.30%; D+10 -9.47%"
2026-07-24,096770,SK이노베이션,foreign_buy_streak_4,"foreign_buy_streak_2,foreign_buy_streak_3,foreign_buy_2d_all,foreign_buy_3d_all,foreign_buy_vol_0_5pct,foreign_buy_vol_1pct",4,19764,399987,597339,1.40,130100,2026-07-27,126900,-2.46,116700,-10.30,110500,-15.07,,,,,하락 전환,"D+1(2026-07-27) 시가 -2.46%, 종가 -10.30%; D+5 -15.07%"
2026-07-24,086790,하나금융지주,foreign_buy_streak_3,"foreign_buy_streak_2,foreign_buy_streak_3,foreign_buy_2d_all,foreign_buy_3d_all,foreign_buy_vol_0_5pct,foreign_buy_vol_1pct,foreign_buy_vol_2pct",3,168569,222350,264976,13.40,132400,2026-07-27,132500,0.08,130600,-1.36,125400,-5.29,,,,,하락 전환,"D+1(2026-07-27) 시가 +0.08%, 종가 -1.36%; D+5 -5.29%"
2026-07-24,119850,지엔씨에너지,foreign_buy_streak_3,"foreign_buy_streak_2,foreign_buy_streak_3,foreign_buy_2d_all,foreign_buy_3d_all,foreign_buy_vol_0_5pct,foreign_buy_vol_1pct,foreign_buy_vol_2pct",3,204864,351784,365050,6.90,45300,2026-07-27,44950,-0.77,37400,-17.44,36600,-19.21,,,,,하락 전환,"D+1(2026-07-27) 시가 -0.77%, 종가 -17.44%; D+5 -19.21%"
2026-07-24,068270,셀트리온,foreign_buy_streak_4,"foreign_buy_streak_2,foreign_buy_streak_3,foreign_buy_2d_all,foreign_buy_3d_all,foreign_buy_vol_0_5pct,foreign_buy_vol_1pct,foreign_buy_vol_2pct",4,116712,199992,261048,14.50,177600,2026-07-27,179100,0.84,178700,0.62,186700,5.12,,,,,상승 지속,"D+1(2026-07-27) 시가 +0.84%, 종가 +0.62%; D+5 +5.12%"
2026-07-24,196170,알테오젠,foreign_buy_streak_4,"foreign_buy_streak_2,foreign_buy_streak_3,foreign_buy_2d_all,foreign_buy_3d_all,foreign_buy_vol_0_5pct,foreign_buy_vol_1pct,foreign_buy_vol_2pct",4,31856,168016,205378,8.42,300500,2026-07-27,237760,-20.88,240069,-20.11,237376,-21.01,,,,,하락 전환,"D+1(2026-07-27) 시가 -20.88%, 종가 -20.11%; D+5 -21.01%"
2026-07-24,460930,현대힘스,foreign_buy_streak_3,"foreign_buy_streak_2,foreign_buy_streak_3,foreign_buy_2d_all,foreign_buy_3d_all,foreign_buy_vol_0_5pct,foreign_buy_vol_1pct",3,106464,203207,213533,1.46,15950,2026-07-27,16100,0.94,14040,-11.97,13650,-14.42,,,,,하락 전환,"D+1(2026-07-27) 시가 +0.94%, 종가 -11.97%; D+5 -14.42%"
2026-07-24,240810,원익IPS,foreign_buy_streak_2,"foreign_buy_streak_2,foreign_buy_2d_all,foreign_buy_vol_0_5pct,foreign_buy_vol_1pct,foreign_buy_vol_2pct",2,33859,127898,-76115,3.33,100500,2026-07-27,102500,1.99,106000,5.47,97600,-2.89,,,,,보합,"D+1(2026-07-27) 시가 +1.99%, 종가 +5.47%; D+5 -2.89%"
2026-07-24,095610,테스,foreign_buy_streak_2,"foreign_buy_streak_2,foreign_buy_2d_all,foreign_buy_vol_0_5pct,foreign_buy_vol_1pct,foreign_buy_vol_2pct",2,58196,267959,228447,9.45,136100,2026-07-27,137400,0.96,142100,4.41,130000,-4.48,,,,,보합,"D+1(2026-07-27) 시가 +0.96%, 종가 +4.41%; D+5 -4.48%"
2026-07-24,477850,마키나락스,foreign_buy_streak_2,"foreign_buy_streak_2,foreign_buy_2d_all,foreign_buy_vol_0_5pct,foreign_buy_vol_1pct,foreign_buy_vol_2pct",2,337288,434274,390567,10.84,24250,2026-07-27,25500,5.15,26750,10.31,19990,-17.57,,,,,하락 전환,"D+1(2026-07-27) 시가 +5.15%, 종가 +10.31%; D+5 -17.57%"
2026-07-24,319660,피에스케이,foreign_buy_streak_2,"foreign_buy_streak_2,foreign_buy_2d_all,foreign_buy_vol_0_5pct,foreign_buy_vol_1pct,foreign_buy_vol_2pct",2,161887,271376,251040,33.07,143900,2026-07-27,145600,1.18,146000,1.46,129600,-9.94,,,,,하락 전환,"D+1(2026-07-27) 시가 +1.18%, 종가 +1.46%; D+5 -9.94%"
2026-07-24,131290,티에스이,foreign_buy_streak_5,"foreign_buy_streak_2,foreign_buy_streak_3,foreign_buy_2d_all,foreign_buy_3d_all,foreign_buy_vol_0_5pct,foreign_buy_vol_1pct,foreign_buy_vol_2pct",5,118557,147842,150807,48.03,202500,2026-07-27,215500,6.42,209000,3.21,186600,-7.85,,,,,하락 전환,"D+1(2026-07-27) 시가 +6.42%, 종가 +3.21%; D+5 -7.85%"
2026-07-24,089970,브이엠,foreign_buy_streak_2,"foreign_buy_streak_2,foreign_buy_2d_all,foreign_buy_vol_0_5pct,foreign_buy_vol_1pct,foreign_buy_vol_2pct",2,180370,263680,256262,27.06,73300,2026-07-27,74100,1.09,74900,2.18,65500,-10.64,,,,,하락 전환,"D+1(2026-07-27) 시가 +1.09%, 종가 +2.18%; D+5 -10.64%"
2026-07-24,222800,심텍,foreign_buy_streak_2,"foreign_buy_streak_2,foreign_buy_2d_all,foreign_buy_vol_0_5pct,foreign_buy_vol_1pct,foreign_buy_vol_2pct",2,121332,141444,108053,24.31,88500,2026-07-27,90800,2.60,92300,4.29,82900,-6.33,,,,,하락 전환,"D+1(2026-07-27) 시가 +2.60%, 종가 +4.29%; D+5 -6.33%"
2026-07-24,347850,디앤디파마텍,foreign_buy_streak_2,"foreign_buy_streak_2,foreign_buy_2d_all,foreign_buy_vol_0_5pct,foreign_buy_vol_1pct",2,12744,92652,75569,1.81,59600,2026-07-27,61500,3.19,59000,-1.01,50400,-15.44,,,,,하락 전환,"D+1(2026-07-27) 시가 +3.19%, 종가 -1.01%; D+5 -15.44%"
2026-07-24,067310,하나마이크론,foreign_buy_streak_2,"foreign_buy_streak_2,foreign_buy_2d_all,foreign_buy_vol_0_5pct,foreign_buy_vol_1pct,foreign_buy_vol_2pct",2,61992,64502,-142591,5.47,33200,2026-07-27,33900,2.11,35200,6.02,29700,-10.54,,,,,하락 전환,"D+1(2026-07-27) 시가 +2.11%, 종가 +6.02%; D+5 -10.54%"
2026-07-27,036930,주성엔지니어링,foreign_buy_streak_2,"foreign_buy_streak_2,foreign_buy_2d_all,foreign_buy_vol_0_5pct,foreign_buy_vol_1pct,foreign_buy_vol_2pct",2,30962,89856,57993,2.25,149900,2026-07-28,137600,-8.21,128800,-14.08,127800,-14.74,,,,,하락 전환,"D+1(2026-07-28) 시가 -8.21%, 종가 -14.08%; D+5 -14.74%"
2026-07-27,316140,우리금융지주,foreign_buy_streak_4,"foreign_buy_streak_2,foreign_buy_streak_3,foreign_buy_2d_all,foreign_buy_3d_all,foreign_buy_vol_0_5pct,foreign_buy_vol_1pct,foreign_buy_vol_2pct",4,861208,964218,1204599,18.87,33100,2026-07-28,32600,-1.51,31750,-4.08,33350,0.76,,,,,상승,"D+1(2026-07-28) 시가 -1.51%, 종가 -4.08%; D+5 +0.76%"
2026-07-27,003230,삼양식품,foreign_buy_streak_3,"foreign_buy_streak_2,foreign_buy_streak_3,foreign_buy_2d_all,foreign_buy_3d_all,foreign_buy_vol_0_5pct,foreign_buy_vol_1pct,foreign_buy_vol_2pct",3,10029,23671,41359,12.38,1220000,2026-07-28,1221000,0.08,1183000,-3.03,1151000,-5.66,,,,,하락 전환,"D+1(2026-07-28) 시가 +0.08%, 종가 -3.03%; D+5 -5.66%"
2026-07-27,240810,원익IPS,foreign_buy_streak_3,"foreign_buy_streak_2,foreign_buy_streak_3,foreign_buy_2d_all,foreign_buy_3d_all,foreign_buy_vol_0_5pct",3,8778,42637,136676,0.95,106000,2026-07-28,95200,-10.19,89500,-15.57,93700,-11.60,,,,,하락 전환,"D+1(2026-07-28) 시가 -10.19%, 종가 -15.57%; D+5 -11.60%"
2026-07-27,095610,테스,foreign_buy_streak_3,"foreign_buy_streak_2,foreign_buy_streak_3,foreign_buy_2d_all,foreign_buy_3d_all,foreign_buy_vol_0_5pct,foreign_buy_vol_1pct,foreign_buy_vol_2pct",3,40471,98667,308430,8.83,142100,2026-07-28,125300,-11.82,122100,-14.07,127200,-10.49,,,,,하락 전환,"D+1(2026-07-28) 시가 -11.82%, 종가 -14.07%; D+5 -10.49%"
2026-07-27,319660,피에스케이,foreign_buy_streak_3,"foreign_buy_streak_2,foreign_buy_streak_3,foreign_buy_2d_all,foreign_buy_3d_all,foreign_buy_vol_0_5pct",3,3479,165366,274855,0.85,146000,2026-07-28,134000,-8.22,125500,-14.04,125500,-14.04,,,,,하락 전환,"D+1(2026-07-28) 시가 -8.22%, 종가 -14.04%; D+5 -14.04%"
2026-07-27,119850,지엔씨에너지,foreign_buy_streak_4,"foreign_buy_streak_2,foreign_buy_streak_3,foreign_buy_2d_all,foreign_buy_3d_all,foreign_buy_vol_0_5pct,foreign_buy_vol_1pct,foreign_buy_vol_2pct",4,310381,515245,662165,26.80,37400,2026-07-28,35750,-4.41,32000,-14.44,42000,12.30,,,,,상승 지속,"D+1(2026-07-28) 시가 -4.41%, 종가 -14.44%; D+5 +12.30%"
2026-07-27,222800,심텍,foreign_buy_streak_3,"foreign_buy_streak_2,foreign_buy_streak_3,foreign_buy_2d_all,foreign_buy_3d_all,foreign_buy_vol_0_5pct,foreign_buy_vol_1pct,foreign_buy_vol_2pct",3,36204,157536,177648,10.03,92300,2026-07-28,84300,-8.67,75500,-18.20,87500,-5.20,,,,,하락 전환,"D+1(2026-07-28) 시가 -8.67%, 종가 -18.20%; D+5 -5.20%"
2026-07-27,067310,하나마이크론,foreign_buy_streak_3,"foreign_buy_streak_2,foreign_buy_streak_3,foreign_buy_2d_all,foreign_buy_3d_all,foreign_buy_vol_0_5pct,foreign_buy_vol_1pct,foreign_buy_vol_2pct",3,156612,218604,221114,16.94,35200,2026-07-28,32850,-6.68,30050,-14.63,30150,-14.35,,,,,하락 전환,"D+1(2026-07-28) 시가 -6.68%, 종가 -14.63%; D+5 -14.35%"
2026-07-28,475150,SK이터닉스,foreign_buy_streak_2,"foreign_buy_streak_2,foreign_buy_2d_all,foreign_buy_vol_0_5pct,foreign_buy_vol_1pct,foreign_buy_vol_2pct",2,643150,804296,1377,8.74,48700,2026-07-29,48800,0.21,43450,-10.78,55800,14.58,,,,,상승 지속,"D+1(2026-07-29) 시가 +0.21%, 종가 -10.78%; D+5 +14.58%"
2026-07-28,028260,삼성물산,foreign_buy_streak_3,"foreign_buy_streak_2,foreign_buy_streak_3,foreign_buy_2d_all,foreign_buy_3d_all,foreign_buy_vol_0_5pct,foreign_buy_vol_1pct,foreign_buy_vol_2pct",3,73923,97966,125030,11.56,305000,2026-07-29,305500,0.16,285500,-6.39,322500,5.74,,,,,상승 지속,"D+1(2026-07-29) 시가 +0.16%, 종가 -6.39%; D+5 +5.74%"
2026-07-28,036930,주성엔지니어링,foreign_buy_streak_3,"foreign_buy_streak_2,foreign_buy_streak_3,foreign_buy_2d_all,foreign_buy_3d_all,foreign_buy_vol_0_5pct,foreign_buy_vol_1pct,foreign_buy_vol_2pct",3,121626,152588,211482,11.50,128800,2026-07-29,129500,0.54,116100,-9.86,136000,5.59,,,,,상승 지속,"D+1(2026-07-29) 시가 +0.54%, 종가 -9.86%; D+5 +5.59%"
2026-07-28,080220,제주반도체,foreign_buy_streak_2,"foreign_buy_streak_2,foreign_buy_2d_all,foreign_buy_vol_0_5pct,foreign_buy_vol_1pct,foreign_buy_vol_2pct",2,309680,368876,52988,20.02,62400,2026-07-29,63800,2.24,55100,-11.70,70000,12.18,,,,,상승 지속,"D+1(2026-07-29) 시가 +2.24%, 종가 -11.70%; D+5 +12.18%"
2026-07-28,240810,원익IPS,foreign_buy_streak_4,"foreign_buy_streak_2,foreign_buy_streak_3,foreign_buy_2d_all,foreign_buy_3d_all,foreign_buy_vol_0_5pct,foreign_buy_vol_1pct,foreign_buy_vol_2pct",4,235916,244694,278553,23.09,89500,2026-07-29,90000,0.56,83200,-7.04,96500,7.82,,,,,상승 지속,"D+1(2026-07-29) 시가 +0.56%, 종가 -7.04%; D+5 +7.82%"
2026-07-28,095610,테스,foreign_buy_streak_4,"foreign_buy_streak_2,foreign_buy_streak_3,foreign_buy_2d_all,foreign_buy_3d_all,foreign_buy_vol_0_5pct,foreign_buy_vol_1pct,foreign_buy_vol_2pct",4,144451,184922,243118,28.18,122100,2026-07-29,122400,0.25,114300,-6.39,132400,8.44,,,,,상승 지속,"D+1(2026-07-29) 시가 +0.25%, 종가 -6.39%; D+5 +8.44%"
2026-07-28,403870,HPSP,foreign_buy_streak_2,"foreign_buy_streak_2,foreign_buy_2d_all",2,4344,222211,-214636,0.23,32700,2026-07-29,32850,0.46,29650,-9.33,35400,8.26,,,,,상승 지속,"D+1(2026-07-29) 시가 +0.46%, 종가 -9.33%; D+5 +8.26%"
2026-07-28,440110,파두,foreign_buy_streak_3,"foreign_buy_streak_2,foreign_buy_streak_3,foreign_buy_2d_all,foreign_buy_3d_all,foreign_buy_vol_0_5pct,foreign_buy_vol_1pct,foreign_buy_vol_2pct",3,451225,498638,549136,41.90,56300,2026-07-29,56600,0.53,50300,-10.66,61900,9.95,,,,,상승 지속,"D+1(2026-07-29) 시가 +0.53%, 종가 -10.66%; D+5 +9.95%"
2026-07-28,222800,심텍,foreign_buy_streak_4,"foreign_buy_streak_2,foreign_buy_streak_3,foreign_buy_2d_all,foreign_buy_3d_all,foreign_buy_vol_0_5pct,foreign_buy_vol_1pct,foreign_buy_vol_2pct",4,385568,421772,543104,48.30,75500,2026-07-29,75500,0.00,68600,-9.14,97100,28.61,,,,,상승 지속,"D+1(2026-07-29) 시가 +0.00%, 종가 -9.14%; D+5 +28.61%"
2026-07-28,319660,피에스케이,foreign_buy_streak_4,"foreign_buy_streak_2,foreign_buy_streak_3,foreign_buy_2d_all,foreign_buy_3d_all,foreign_buy_vol_0_5pct,foreign_buy_vol_1pct,foreign_buy_vol_2pct",4,229967,233446,395333,50.85,125500,2026-07-29,126400,0.72,114900,-8.45,126000,0.40,,,,,상승,"D+1(2026-07-29) 시가 +0.72%, 종가 -8.45%; D+5 +0.40%"
2026-07-28,067310,하나마이크론,foreign_buy_streak_4,"foreign_buy_streak_2,foreign_buy_streak_3,foreign_buy_2d_all,foreign_buy_3d_all,foreign_buy_vol_0_5pct,foreign_buy_vol_1pct,foreign_buy_vol_2pct",4,550799,707411,769403,32.52,30050,2026-07-29,30300,0.83,26650,-11.31,31000,3.16,,,,,상승,"D+1(2026-07-29) 시가 +0.83%, 종가 -11.31%; D+5 +3.16%"
2026-07-28,044340,위닉스,foreign_buy_streak_2,"foreign_buy_streak_2,foreign_buy_2d_all,foreign_buy_vol_0_5pct,foreign_buy_vol_1pct",2,98410,128340,34587,1.18,5290,2026-07-29,5300,0.19,4490,-15.12,5840,10.40,,,,,상승 지속,"D+1(2026-07-29) 시가 +0.19%, 종가 -15.12%; D+5 +10.40%"
2026-07-28,119850,지엔씨에너지,foreign_buy_streak_5,"foreign_buy_streak_2,foreign_buy_streak_3,foreign_buy_2d_all,foreign_buy_3d_all,foreign_buy_vol_0_5pct,foreign_buy_vol_1pct,foreign_buy_vol_2pct",5,358181,668562,873426,29.16,32000,2026-07-29,32000,0.00,28600,-10.62,51200,60.00,,,,,상승 지속,"D+1(2026-07-29) 시가 +0.00%, 종가 -10.62%; D+5 +60.00%"
2026-07-29,009150,삼성전기,foreign_buy_streak_2,"foreign_buy_streak_2,foreign_buy_2d_all,foreign_buy_vol_0_5pct,foreign_buy_vol_1pct,foreign_buy_vol_2pct",2,29380,36510,-62244,2.05,1029000,2026-07-30,1005000,-2.33,879000,-14.58,1356000,31.78,,,,,상승 지속,"D+1(2026-07-30) 시가 -2.33%, 종가 -14.58%; D+5 +31.78%"
2026-07-29,005935,삼성전자우,foreign_buy_streak_2,"foreign_buy_streak_2,foreign_buy_2d_all,foreign_buy_vol_0_5pct,foreign_buy_vol_1pct,foreign_buy_vol_2pct",2,1020966,1108887,964592,12.37,153400,2026-07-30,153900,0.33,151000,-1.56,183900,19.88,,,,,상승 지속,"D+1(2026-07-30) 시가 +0.33%, 종가 -1.56%; D+5 +19.88%"
2026-07-29,402340,SK스퀘어,foreign_buy_streak_2,"foreign_buy_streak_2,foreign_buy_2d_all,foreign_buy_vol_0_5pct,foreign_buy_vol_1pct,foreign_buy_vol_2pct",2,209522,279093,266752,16.20,850000,2026-07-30,826000,-2.82,799000,-6.00,1119000,31.65,,,,,상승 지속,"D+1(2026-07-30) 시가 -2.82%, 종가 -6.00%; D+5 +31.65%"
2026-07-29,475150,SK이터닉스,foreign_buy_streak_3,"foreign_buy_streak_2,foreign_buy_streak_3,foreign_buy_2d_all,foreign_buy_3d_all,foreign_buy_vol_0_5pct,foreign_buy_vol_1pct,foreign_buy_vol_2pct",3,395962,1039112,1200258,6.64,43450,2026-07-30,43350,-0.23,41800,-3.80,57700,32.80,,,,,상승 지속,"D+1(2026-07-30) 시가 -0.23%, 종가 -3.80%; D+5 +32.80%"
2026-07-29,036930,주성엔지니어링,foreign_buy_streak_4,"foreign_buy_streak_2,foreign_buy_streak_3,foreign_buy_2d_all,foreign_buy_3d_all,foreign_buy_vol_0_5pct,foreign_buy_vol_1pct,foreign_buy_vol_2pct",4,461170,582796,613758,20.83,116100,2026-07-30,104500,-9.99,98300,-15.33,142900,23.08,,,,,상승 지속,"D+1(2026-07-30) 시가 -9.99%, 종가 -15.33%; D+5 +23.08%"
2026-07-29,066570,LG전자,foreign_buy_streak_2,"foreign_buy_streak_2,foreign_buy_2d_all,foreign_buy_vol_0_5pct,foreign_buy_vol_1pct,foreign_buy_vol_2pct",2,209682,223458,179186,12.69,150500,2026-07-30,144200,-4.19,148000,-1.66,179500,19.27,,,,,상승 지속,"D+1(2026-07-30) 시가 -4.19%, 종가 -1.66%; D+5 +19.27%"
2026-07-29,012330,현대모비스,foreign_buy_streak_2,"foreign_buy_streak_2,foreign_buy_2d_all,foreign_buy_vol_0_5pct,foreign_buy_vol_1pct,foreign_buy_vol_2pct",2,32779,119504,75580,6.23,445000,2026-07-30,445000,0.00,445000,0.00,503000,13.03,,,,,상승 지속,"D+1(2026-07-30) 시가 +0.00%, 종가 +0.00%; D+5 +13.03%"
2026-07-29,042700,한미반도체,foreign_buy_streak_2,"foreign_buy_streak_2,foreign_buy_2d_all,foreign_buy_vol_0_5pct,foreign_buy_vol_1pct,foreign_buy_vol_2pct",2,254154,254255,177849,18.44,167600,2026-07-30,160200,-4.42,167600,0.00,209000,24.70,,,,,상승 지속,"D+1(2026-07-30) 시가 -4.42%, 종가 +0.00%; D+5 +24.70%"
2026-07-29,329180,HD현대중공업,foreign_buy_streak_2,"foreign_buy_streak_2,foreign_buy_2d_all,foreign_buy_vol_0_5pct,foreign_buy_vol_1pct,foreign_buy_vol_2pct",2,32256,85967,67642,6.75,434000,2026-07-30,425500,-1.96,448000,3.23,509000,17.28,,,,,상승 지속,"D+1(2026-07-30) 시가 -1.96%, 종가 +3.23%; D+5 +17.28%"
2026-07-29,034730,SK,foreign_buy_streak_2,"foreign_buy_streak_2,foreign_buy_2d_all,foreign_buy_vol_0_5pct,foreign_buy_vol_1pct,foreign_buy_vol_2pct",2,33648,102970,81510,8.20,489000,2026-07-30,482500,-1.33,468500,-4.19,562000,14.93,,,,,상승 지속,"D+1(2026-07-30) 시가 -1.33%, 종가 -4.19%; D+5 +14.93%"
2026-07-29,011070,LG이노텍,foreign_buy_streak_2,"foreign_buy_streak_2,foreign_buy_2d_all,foreign_buy_vol_0_5pct,foreign_buy_vol_1pct,foreign_buy_vol_2pct",2,13077,31827,6919,3.28,458000,2026-07-30,437000,-4.59,424000,-7.42,601000,31.22,,,,,상승 지속,"D+1(2026-07-30) 시가 -4.59%, 종가 -7.42%; D+5 +31.22%"
2026-07-29,035720,카카오,foreign_buy_streak_3,"foreign_buy_streak_2,foreign_buy_streak_3,foreign_buy_2d_all,foreign_buy_3d_all,foreign_buy_vol_0_5pct,foreign_buy_vol_1pct,foreign_buy_vol_2pct",3,534702,536748,557848,10.88,35300,2026-07-30,35000,-0.85,36150,2.41,38150,8.07,,,,,상승 지속,"D+1(2026-07-30) 시가 -0.85%, 종가 +2.41%; D+5 +8.07%"
2026-07-29,080220,제주반도체,foreign_buy_streak_3,"foreign_buy_streak_2,foreign_buy_streak_3,foreign_buy_2d_all,foreign_buy_3d_all,foreign_buy_vol_0_5pct,foreign_buy_vol_1pct,foreign_buy_vol_2pct",3,587408,897088,956284,20.12,55100,2026-07-30,52700,-4.36,50100,-9.07,75500,37.02,,,,,상승 지속,"D+1(2026-07-30) 시가 -4.36%, 종가 -9.07%; D+5 +37.02%"
2026-07-29,240810,원익IPS,foreign_buy_streak_5,"foreign_buy_streak_2,foreign_buy_streak_3,foreign_buy_2d_all,foreign_buy_3d_all,foreign_buy_vol_0_5pct,foreign_buy_vol_1pct,foreign_buy_vol_2pct",5,402892,638808,647586,21.64,83200,2026-07-30,79600,-4.33,76300,-8.29,97700,17.43,,,,,상승 지속,"D+1(2026-07-30) 시가 -4.33%, 종가 -8.29%; D+5 +17.43%"
2026-07-29,413630,씨피시스템,foreign_buy_streak_2,"foreign_buy_streak_2,foreign_buy_2d_all",2,95349,507642,359428,0.31,3950,2026-07-30,3880,-1.77,3550,-10.13,4335,9.75,,,,,상승 지속,"D+1(2026-07-30) 시가 -1.77%, 종가 -10.13%; D+5 +9.75%"
2026-07-29,403870,HPSP,foreign_buy_streak_3,"foreign_buy_streak_2,foreign_buy_streak_3,foreign_buy_2d_all,foreign_buy_3d_all,foreign_buy_vol_0_5pct,foreign_buy_vol_1pct,foreign_buy_vol_2pct",3,268476,272820,490687,8.13,29650,2026-07-30,28050,-5.40,28550,-3.71,36600,23.44,,,,,상승 지속,"D+1(2026-07-30) 시가 -5.40%, 종가 -3.71%; D+5 +23.44%"
2026-07-29,319660,피에스케이,foreign_buy_streak_5,"foreign_buy_streak_2,foreign_buy_streak_3,foreign_buy_2d_all,foreign_buy_3d_all,foreign_buy_vol_0_5pct,foreign_buy_vol_1pct,foreign_buy_vol_2pct",5,267196,497163,500642,31.20,114900,2026-07-30,109400,-4.79,101400,-11.75,127700,11.14,,,,,상승 지속,"D+1(2026-07-30) 시가 -4.79%, 종가 -11.75%; D+5 +11.14%"
2026-07-29,095610,테스,foreign_buy_streak_5,"foreign_buy_streak_2,foreign_buy_streak_3,foreign_buy_2d_all,foreign_buy_3d_all,foreign_buy_vol_0_5pct,foreign_buy_vol_1pct,foreign_buy_vol_2pct",5,96509,240960,281431,12.42,114300,2026-07-30,110900,-2.97,100000,-12.51,136000,18.99,,,,,상승 지속,"D+1(2026-07-30) 시가 -2.97%, 종가 -12.51%; D+5 +18.99%"
2026-07-29,347850,디앤디파마텍,foreign_buy_streak_2,"foreign_buy_streak_2,foreign_buy_2d_all,foreign_buy_vol_0_5pct,foreign_buy_vol_1pct,foreign_buy_vol_2pct",2,373288,485091,349876,22.78,48650,2026-07-30,48100,-1.13,45700,-6.06,53100,9.15,,,,,상승 지속,"D+1(2026-07-30) 시가 -1.13%, 종가 -6.06%; D+5 +9.15%"
2026-07-29,222800,심텍,foreign_buy_streak_5,"foreign_buy_streak_2,foreign_buy_streak_3,foreign_buy_2d_all,foreign_buy_3d_all,foreign_buy_vol_0_5pct,foreign_buy_vol_1pct,foreign_buy_vol_2pct",5,40221,425789,461993,4.30,68600,2026-07-30,67000,-2.33,63800,-7.00,103000,50.15,,,,,상승 지속,"D+1(2026-07-30) 시가 -2.33%, 종가 -7.00%; D+5 +50.15%"
2026-07-29,067310,하나마이크론,foreign_buy_streak_5,"foreign_buy_streak_2,foreign_buy_streak_3,foreign_buy_2d_all,foreign_buy_3d_all,foreign_buy_vol_0_5pct,foreign_buy_vol_1pct,foreign_buy_vol_2pct",5,226551,777350,933962,10.09,26650,2026-07-30,25500,-4.32,24750,-7.13,31900,19.70,,,,,상승 지속,"D+1(2026-07-30) 시가 -4.32%, 종가 -7.13%; D+5 +19.70%"
2026-07-29,089970,브이엠,foreign_buy_streak_2,"foreign_buy_streak_2,foreign_buy_2d_all,foreign_buy_vol_0_5pct,foreign_buy_vol_1pct,foreign_buy_vol_2pct",2,193910,446031,414659,18.48,57100,2026-07-30,54700,-4.20,50600,-11.38,68200,19.44,,,,,상승 지속,"D+1(2026-07-30) 시가 -4.20%, 종가 -11.38%; D+5 +19.44%"
2026-07-29,058470,리노공업,foreign_buy_streak_2,"foreign_buy_streak_2,foreign_buy_2d_all,foreign_buy_vol_0_5pct,foreign_buy_vol_1pct,foreign_buy_vol_2pct",2,255625,369799,319354,25.52,58200,2026-07-30,54700,-6.01,55200,-5.15,66900,14.95,,,,,상승 지속,"D+1(2026-07-30) 시가 -6.01%, 종가 -5.15%; D+5 +14.95%"
2026-07-29,141080,리가켐바이오,foreign_buy_streak_2,"foreign_buy_streak_2,foreign_buy_2d_all,foreign_buy_vol_0_5pct,foreign_buy_vol_1pct,foreign_buy_vol_2pct",2,276815,333594,299220,40.58,82900,2026-07-30,79300,-4.34,77900,-6.03,109500,32.09,,,,,상승 지속,"D+1(2026-07-30) 시가 -4.34%, 종가 -6.03%; D+5 +32.09%"
2026-07-29,039030,이오테크닉스,foreign_buy_streak_4,"foreign_buy_streak_2,foreign_buy_streak_3,foreign_buy_2d_all,foreign_buy_3d_all,foreign_buy_vol_0_5pct,foreign_buy_vol_1pct,foreign_buy_vol_2pct",4,13489,61003,63155,6.31,249000,2026-07-30,237500,-4.62,240000,-3.61,327000,31.33,,,,,상승 지속,"D+1(2026-07-30) 시가 -4.62%, 종가 -3.61%; D+5 +31.33%"
2026-07-29,440110,파두,foreign_buy_streak_4,"foreign_buy_streak_2,foreign_buy_streak_3,foreign_buy_2d_all,foreign_buy_3d_all,foreign_buy_vol_0_5pct,foreign_buy_vol_1pct,foreign_buy_vol_2pct",4,334326,785551,832964,37.41,50300,2026-07-30,49000,-2.58,48800,-2.98,66500,32.21,,,,,상승 지속,"D+1(2026-07-30) 시가 -2.58%, 종가 -2.98%; D+5 +32.21%"
2026-07-30,402340,SK스퀘어,foreign_buy_streak_3,"foreign_buy_streak_2,foreign_buy_streak_3,foreign_buy_2d_all,foreign_buy_3d_all,foreign_buy_vol_0_5pct,foreign_buy_vol_1pct,foreign_buy_vol_2pct",3,204799,414321,483892,15.01,799000,2026-07-31,995000,24.53,1038000,29.91,970000,21.40,,,,,상승 지속,"D+1(2026-07-31) 시가 +24.53%, 종가 +29.91%; D+5 +21.40%"
2026-07-30,005935,삼성전자우,foreign_buy_streak_3,"foreign_buy_streak_2,foreign_buy_streak_3,foreign_buy_2d_all,foreign_buy_3d_all,foreign_buy_vol_0_5pct,foreign_buy_vol_1pct,foreign_buy_vol_2pct",3,242276,1263242,1351163,4.27,151000,2026-07-31,180500,19.54,191000,26.49,172100,13.97,,,,,상승 지속,"D+1(2026-07-31) 시가 +19.54%, 종가 +26.49%; D+5 +13.97%"
2026-07-30,005380,현대차,foreign_buy_streak_2,"foreign_buy_streak_2,foreign_buy_2d_all,foreign_buy_vol_0_5pct,foreign_buy_vol_1pct,foreign_buy_vol_2pct",2,73521,216860,52597,7.65,351000,2026-07-31,370000,5.41,388000,10.54,400000,13.96,,,,,상승 지속,"D+1(2026-07-31) 시가 +5.41%, 종가 +10.54%; D+5 +13.96%"
2026-07-30,035420,NAVER,foreign_buy_streak_2,"foreign_buy_streak_2,foreign_buy_2d_all,foreign_buy_vol_0_5pct,foreign_buy_vol_1pct,foreign_buy_vol_2pct",2,57712,198187,60513,3.43,194700,2026-07-31,205000,5.29,208000,6.83,226000,16.08,,,,,상승 지속,"D+1(2026-07-31) 시가 +5.29%, 종가 +6.83%; D+5 +16.08%"
2026-07-30,036930,주성엔지니어링,foreign_buy_streak_5,"foreign_buy_streak_2,foreign_buy_streak_3,foreign_buy_2d_all,foreign_buy_3d_all,foreign_buy_vol_0_5pct,foreign_buy_vol_1pct,foreign_buy_vol_2pct",5,174473,635643,757269,6.32,98300,2026-07-31,116100,18.11,124500,26.65,133400,35.71,,,,,상승 지속,"D+1(2026-07-31) 시가 +18.11%, 종가 +26.65%; D+5 +35.71%"
2026-07-30,042700,한미반도체,foreign_buy_streak_3,"foreign_buy_streak_2,foreign_buy_streak_3,foreign_buy_2d_all,foreign_buy_3d_all,foreign_buy_vol_0_5pct,foreign_buy_vol_1pct,foreign_buy_vol_2pct",3,144393,398547,398648,10.33,167600,2026-07-31,195600,16.71,214500,27.98,200500,19.63,,,,,상승 지속,"D+1(2026-07-31) 시가 +16.71%, 종가 +27.98%; D+5 +19.63%"
2026-07-30,298040,효성중공업,foreign_buy_streak_2,"foreign_buy_streak_2,foreign_buy_2d_all,foreign_buy_vol_0_5pct,foreign_buy_vol_1pct,foreign_buy_vol_2pct",2,32365,37848,37468,27.77,1894000,2026-07-31,2180000,15.10,2417000,27.61,2708000,42.98,,,,,상승 지속,"D+1(2026-07-31) 시가 +15.10%, 종가 +27.61%; D+5 +42.98%"
2026-07-30,042660,한화오션,foreign_buy_streak_2,"foreign_buy_streak_2,foreign_buy_2d_all,foreign_buy_vol_0_5pct,foreign_buy_vol_1pct,foreign_buy_vol_2pct",2,520913,879797,847754,20.52,79300,2026-07-31,81600,2.90,85200,7.44,90700,14.38,,,,,상승 지속,"D+1(2026-07-31) 시가 +2.90%, 종가 +7.44%; D+5 +14.38%"
2026-07-30,010120,LS ELECTRIC,foreign_buy_streak_2,"foreign_buy_streak_2,foreign_buy_2d_all",2,5968,301716,205677,0.47,150300,2026-07-31,165700,10.25,184800,22.95,202500,34.73,,,,,상승 지속,"D+1(2026-07-31) 시가 +10.25%, 종가 +22.95%; D+5 +34.73%"
2026-07-30,034020,두산에너빌리티,foreign_buy_streak_2,"foreign_buy_streak_2,foreign_buy_2d_all,foreign_buy_vol_0_5pct,foreign_buy_vol_1pct,foreign_buy_vol_2pct",2,165082,211989,59564,5.17,60200,2026-07-31,64000,6.31,67100,11.46,76400,26.91,,,,,상승 지속,"D+1(2026-07-31) 시가 +6.31%, 종가 +11.46%; D+5 +26.91%"
2026-07-30,066570,LG전자,foreign_buy_streak_3,"foreign_buy_streak_2,foreign_buy_streak_3,foreign_buy_2d_all,foreign_buy_3d_all,foreign_buy_vol_0_5pct,foreign_buy_vol_1pct,foreign_buy_vol_2pct",3,131571,341253,355029,10.40,148000,2026-07-31,157500,6.42,162100,9.53,175200,18.38,,,,,상승 지속,"D+1(2026-07-31) 시가 +6.42%, 종가 +9.53%; D+5 +18.38%"
2026-07-30,012330,현대모비스,foreign_buy_streak_3,"foreign_buy_streak_2,foreign_buy_streak_3,foreign_buy_2d_all,foreign_buy_3d_all,foreign_buy_vol_0_5pct",3,1905,34684,121409,0.50,445000,2026-07-31,470500,5.73,476000,6.97,508000,14.16,,,,,상승 지속,"D+1(2026-07-31) 시가 +5.73%, 종가 +6.97%; D+5 +14.16%"
2026-07-30,011070,LG이노텍,foreign_buy_streak_3,"foreign_buy_streak_2,foreign_buy_streak_3,foreign_buy_2d_all,foreign_buy_3d_all,foreign_buy_vol_0_5pct,foreign_buy_vol_1pct,foreign_buy_vol_2pct",3,72467,85544,104294,18.81,424000,2026-07-31,473500,11.67,514000,21.23,554000,30.66,,,,,상승 지속,"D+1(2026-07-31) 시가 +11.67%, 종가 +21.23%; D+5 +30.66%"
2026-07-30,000270,기아,foreign_buy_streak_2,"foreign_buy_streak_2,foreign_buy_2d_all,foreign_buy_vol_0_5pct,foreign_buy_vol_1pct,foreign_buy_vol_2pct",2,72588,117653,105937,5.27,120800,2026-07-31,126100,4.39,131900,9.19,133600,10.60,,,,,상승 지속,"D+1(2026-07-31) 시가 +4.39%, 종가 +9.19%; D+5 +10.60%"
2026-07-30,373220,LG에너지솔루션,foreign_buy_streak_3,"foreign_buy_streak_2,foreign_buy_streak_3,foreign_buy_2d_all,foreign_buy_3d_all,foreign_buy_vol_0_5pct,foreign_buy_vol_1pct,foreign_buy_vol_2pct",3,19896,33411,52370,4.14,320000,2026-07-31,328500,2.66,328000,2.50,345000,7.81,,,,,상승 지속,"D+1(2026-07-31) 시가 +2.66%, 종가 +2.50%; D+5 +7.81%"
2026-07-30,090430,아모레퍼시픽,foreign_buy_streak_2,"foreign_buy_streak_2,foreign_buy_2d_all,foreign_buy_vol_0_5pct,foreign_buy_vol_1pct,foreign_buy_vol_2pct",2,52518,76777,55439,4.46,134000,2026-07-31,131000,-2.24,130000,-2.99,137800,2.84,,,,,상승,"D+1(2026-07-31) 시가 -2.24%, 종가 -2.99%; D+5 +2.84%"
2026-07-30,0039P0,매드업,foreign_buy_streak_4,"foreign_buy_streak_2,foreign_buy_streak_3,foreign_buy_2d_all,foreign_buy_3d_all",4,66997,188697,200515,0.36,6600,2026-07-31,6900,4.55,6500,-1.52,9940,50.61,,,,,상승 지속,"D+1(2026-07-31) 시가 +4.55%, 종가 -1.52%; D+5 +50.61%"
2026-07-30,080220,제주반도체,foreign_buy_streak_4,"foreign_buy_streak_2,foreign_buy_streak_3,foreign_buy_2d_all,foreign_buy_3d_all,foreign_buy_vol_0_5pct,foreign_buy_vol_1pct,foreign_buy_vol_2pct",4,211252,798660,1108340,9.66,50100,2026-07-31,59900,19.56,65100,29.94,74300,48.30,,,,,상승 지속,"D+1(2026-07-31) 시가 +19.56%, 종가 +29.94%; D+5 +48.30%"
2026-07-30,240810,원익IPS,foreign_buy_streak_6,"foreign_buy_streak_2,foreign_buy_streak_3,foreign_buy_2d_all,foreign_buy_3d_all,foreign_buy_vol_0_5pct,foreign_buy_vol_1pct,foreign_buy_vol_2pct",6,208953,611845,847761,15.65,76300,2026-07-31,90200,18.22,97600,27.92,92600,21.36,,,,,상승 지속,"D+1(2026-07-31) 시가 +18.22%, 종가 +27.92%; D+5 +21.36%"
2026-07-30,319660,피에스케이,foreign_buy_streak_6,"foreign_buy_streak_2,foreign_buy_streak_3,foreign_buy_2d_all,foreign_buy_3d_all,foreign_buy_vol_0_5pct,foreign_buy_vol_1pct,foreign_buy_vol_2pct",6,211892,479088,709055,31.06,101400,2026-07-31,126400,24.65,129600,27.81,121200,19.53,,,,,상승 지속,"D+1(2026-07-31) 시가 +24.65%, 종가 +27.81%; D+5 +19.53%"
2026-07-30,095610,테스,foreign_buy_streak_6,"foreign_buy_streak_2,foreign_buy_streak_3,foreign_buy_2d_all,foreign_buy_3d_all,foreign_buy_vol_0_5pct,foreign_buy_vol_1pct,foreign_buy_vol_2pct",6,164360,260869,405320,26.85,100000,2026-07-31,125600,25.60,130000,30.00,130100,30.10,,,,,상승 지속,"D+1(2026-07-31) 시가 +25.60%, 종가 +30.00%; D+5 +30.10%"
2026-07-30,403870,HPSP,foreign_buy_streak_4,"foreign_buy_streak_2,foreign_buy_streak_3,foreign_buy_2d_all,foreign_buy_3d_all,foreign_buy_vol_0_5pct,foreign_buy_vol_1pct",4,29941,298417,302761,1.54,28550,2026-07-31,31900,11.73,34600,21.19,35800,25.39,,,,,상승 지속,"D+1(2026-07-31) 시가 +11.73%, 종가 +21.19%; D+5 +25.39%"
2026-07-30,347850,디앤디파마텍,foreign_buy_streak_3,"foreign_buy_streak_2,foreign_buy_streak_3,foreign_buy_2d_all,foreign_buy_3d_all,foreign_buy_vol_0_5pct,foreign_buy_vol_1pct,foreign_buy_vol_2pct",3,119907,493195,604998,11.06,45700,2026-07-31,47200,3.28,50400,10.28,55700,21.88,,,,,상승 지속,"D+1(2026-07-31) 시가 +3.28%, 종가 +10.28%; D+5 +21.88%"
2026-07-30,222800,심텍,foreign_buy_streak_6,"foreign_buy_streak_2,foreign_buy_streak_3,foreign_buy_2d_all,foreign_buy_3d_all,foreign_buy_vol_0_5pct,foreign_buy_vol_1pct,foreign_buy_vol_2pct",6,68199,108420,493988,9.84,63800,2026-07-31,78100,22.41,82900,29.94,106000,66.14,,,,,상승 지속,"D+1(2026-07-31) 시가 +22.41%, 종가 +29.94%; D+5 +66.14%"
2026-07-30,089970,브이엠,foreign_buy_streak_3,"foreign_buy_streak_2,foreign_buy_streak_3,foreign_buy_2d_all,foreign_buy_3d_all,foreign_buy_vol_0_5pct,foreign_buy_vol_1pct,foreign_buy_vol_2pct",3,267345,461255,713376,32.88,50600,2026-07-31,60500,19.57,65500,29.45,64200,26.88,,,,,상승 지속,"D+1(2026-07-31) 시가 +19.57%, 종가 +29.45%; D+5 +26.88%"
2026-07-30,058470,리노공업,foreign_buy_streak_3,"foreign_buy_streak_2,foreign_buy_streak_3,foreign_buy_2d_all,foreign_buy_3d_all,foreign_buy_vol_0_5pct,foreign_buy_vol_1pct,foreign_buy_vol_2pct",3,117397,373022,487196,16.34,55200,2026-07-31,60000,8.70,64100,16.12,66900,21.20,,,,,상승 지속,"D+1(2026-07-31) 시가 +8.70%, 종가 +16.12%; D+5 +21.20%"
2026-07-30,141080,리가켐바이오,foreign_buy_streak_3,"foreign_buy_streak_2,foreign_buy_streak_3,foreign_buy_2d_all,foreign_buy_3d_all,foreign_buy_vol_0_5pct,foreign_buy_vol_1pct,foreign_buy_vol_2pct",3,113072,389887,446666,25.97,77900,2026-07-31,81400,4.49,87500,12.32,110900,42.36,,,,,상승 지속,"D+1(2026-07-31) 시가 +4.49%, 종가 +12.32%; D+5 +42.36%"
2026-07-30,067310,하나마이크론,foreign_buy_streak_6,"foreign_buy_streak_2,foreign_buy_streak_3,foreign_buy_2d_all,foreign_buy_3d_all,foreign_buy_vol_0_5pct,foreign_buy_vol_1pct",6,22732,249283,800082,1.75,24750,2026-07-31,28350,14.55,29700,20.00,30900,24.85,,,,,상승 지속,"D+1(2026-07-31) 시가 +14.55%, 종가 +20.00%; D+5 +24.85%"
2026-07-31,000660,SK하이닉스,foreign_buy_streak_2,"foreign_buy_streak_2,foreign_buy_2d_all,foreign_buy_vol_0_5pct,foreign_buy_vol_1pct,foreign_buy_vol_2pct",2,2205767,2650265,1728388,21.01,1718000,2026-08-03,1642000,-4.42,1567000,-8.79,,,,,,,하락 전환,"D+1(2026-08-03) 시가 -4.42%, 종가 -8.79%"
2026-07-31,005930,삼성전자,foreign_buy_streak_2,"foreign_buy_streak_2,foreign_buy_2d_all,foreign_buy_vol_0_5pct,foreign_buy_vol_1pct,foreign_buy_vol_2pct",2,8359011,9015691,5465002,14.29,262500,2026-08-03,248000,-5.52,239500,-8.76,,,,,,,하락 전환,"D+1(2026-08-03) 시가 -5.52%, 종가 -8.76%"
2026-07-31,005935,삼성전자우,foreign_buy_streak_4,"foreign_buy_streak_2,foreign_buy_streak_3,foreign_buy_2d_all,foreign_buy_3d_all,foreign_buy_vol_0_5pct,foreign_buy_vol_1pct,foreign_buy_vol_2pct",4,1443852,1686128,2707094,16.66,191000,2026-08-03,183000,-4.19,178000,-6.81,,,,,,,하락 전환,"D+1(2026-08-03) 시가 -4.19%, 종가 -6.81%"
2026-07-31,402340,SK스퀘어,foreign_buy_streak_4,"foreign_buy_streak_2,foreign_buy_streak_3,foreign_buy_2d_all,foreign_buy_3d_all,foreign_buy_vol_0_5pct,foreign_buy_vol_1pct,foreign_buy_vol_2pct",4,327069,531868,741390,31.48,1038000,2026-08-03,1070000,3.08,1025000,-1.25,,,,,,,보합,"D+1(2026-08-03) 시가 +3.08%, 종가 -1.25%"
2026-07-31,042700,한미반도체,foreign_buy_streak_4,"foreign_buy_streak_2,foreign_buy_streak_3,foreign_buy_2d_all,foreign_buy_3d_all,foreign_buy_vol_0_5pct,foreign_buy_vol_1pct,foreign_buy_vol_2pct",4,427479,571872,826026,19.23,214500,2026-08-03,209500,-2.33,202500,-5.59,,,,,,,하락 전환,"D+1(2026-08-03) 시가 -2.33%, 종가 -5.59%"
2026-07-31,005380,현대차,foreign_buy_streak_3,"foreign_buy_streak_2,foreign_buy_streak_3,foreign_buy_2d_all,foreign_buy_3d_all,foreign_buy_vol_0_5pct,foreign_buy_vol_1pct,foreign_buy_vol_2pct",3,110551,184072,327411,10.18,388000,2026-08-03,383000,-1.29,393000,1.29,,,,,,,상승,"D+1(2026-08-03) 시가 -1.29%, 종가 +1.29%"
2026-07-31,035420,NAVER,foreign_buy_streak_3,"foreign_buy_streak_2,foreign_buy_streak_3,foreign_buy_2d_all,foreign_buy_3d_all,foreign_buy_vol_0_5pct,foreign_buy_vol_1pct",3,26008,83720,224195,1.47,208000,2026-08-03,206500,-0.72,207500,-0.24,,,,,,,보합,"D+1(2026-08-03) 시가 -0.72%, 종가 -0.24%"
2026-07-31,010120,LS ELECTRIC,foreign_buy_streak_3,"foreign_buy_streak_2,foreign_buy_streak_3,foreign_buy_2d_all,foreign_buy_3d_all,foreign_buy_vol_0_5pct,foreign_buy_vol_1pct,foreign_buy_vol_2pct",3,134400,140368,436116,7.80,184800,2026-08-03,180000,-2.60,188400,1.95,,,,,,,상승,"D+1(2026-08-03) 시가 -2.60%, 종가 +1.95%"
2026-07-31,036930,주성엔지니어링,foreign_buy_streak_6,"foreign_buy_streak_2,foreign_buy_streak_3,foreign_buy_2d_all,foreign_buy_3d_all,foreign_buy_vol_0_5pct,foreign_buy_vol_1pct",6,46777,221250,682420,1.89,124500,2026-08-03,124600,0.08,127800,2.65,,,,,,,상승,"D+1(2026-08-03) 시가 +0.08%, 종가 +2.65%"
2026-07-31,298040,효성중공업,foreign_buy_streak_3,"foreign_buy_streak_2,foreign_buy_streak_3,foreign_buy_2d_all,foreign_buy_3d_all,foreign_buy_vol_0_5pct,foreign_buy_vol_1pct,foreign_buy_vol_2pct",3,12303,44668,50151,11.83,2417000,2026-08-03,2585000,6.95,2495000,3.23,,,,,,,상승,"D+1(2026-08-03) 시가 +6.95%, 종가 +3.23%"
2026-07-31,012450,한화에어로스페이스,foreign_buy_streak_2,"foreign_buy_streak_2,foreign_buy_2d_all,foreign_buy_vol_0_5pct,foreign_buy_vol_1pct,foreign_buy_vol_2pct",2,15576,18635,-15954,6.01,917000,2026-08-03,925000,0.87,919000,0.22,,,,,,,상승,"D+1(2026-08-03) 시가 +0.87%, 종가 +0.22%"
2026-07-31,034020,두산에너빌리티,foreign_buy_streak_3,"foreign_buy_streak_2,foreign_buy_streak_3,foreign_buy_2d_all,foreign_buy_3d_all,foreign_buy_vol_0_5pct,foreign_buy_vol_1pct,foreign_buy_vol_2pct",3,594935,760017,806924,18.54,67100,2026-08-03,67400,0.45,67700,0.89,,,,,,,상승,"D+1(2026-08-03) 시가 +0.45%, 종가 +0.89%"
2026-07-31,000270,기아,foreign_buy_streak_3,"foreign_buy_streak_2,foreign_buy_streak_3,foreign_buy_2d_all,foreign_buy_3d_all,foreign_buy_vol_0_5pct,foreign_buy_vol_1pct,foreign_buy_vol_2pct",3,391271,463859,508924,27.27,131900,2026-08-03,127000,-3.71,129600,-1.74,,,,,,,보합,"D+1(2026-08-03) 시가 -3.71%, 종가 -1.74%"
2026-07-31,267260,HD현대일렉트릭,foreign_buy_streak_2,"foreign_buy_streak_2,foreign_buy_2d_all,foreign_buy_vol_0_5pct,foreign_buy_vol_1pct,foreign_buy_vol_2pct",2,29153,78619,74560,11.52,684000,2026-08-03,678000,-0.88,673000,-1.61,,,,,,,보합,"D+1(2026-08-03) 시가 -0.88%, 종가 -1.61%"
2026-07-31,012330,현대모비스,foreign_buy_streak_4,"foreign_buy_streak_2,foreign_buy_streak_3,foreign_buy_2d_all,foreign_buy_3d_all,foreign_buy_vol_0_5pct,foreign_buy_vol_1pct,foreign_buy_vol_2pct",4,22228,24133,56912,6.22,476000,2026-08-03,472000,-0.84,493500,3.68,,,,,,,상승,"D+1(2026-08-03) 시가 -0.84%, 종가 +3.68%"
2026-07-31,042660,한화오션,foreign_buy_streak_3,"foreign_buy_streak_2,foreign_buy_streak_3,foreign_buy_2d_all,foreign_buy_3d_all,foreign_buy_vol_0_5pct,foreign_buy_vol_1pct,foreign_buy_vol_2pct",3,189584,710497,1069381,10.10,85200,2026-08-03,83000,-2.58,83000,-2.58,,,,,,,보합,"D+1(2026-08-03) 시가 -2.58%, 종가 -2.58%"
2026-07-31,196170,알테오젠,foreign_buy_streak_2,"foreign_buy_streak_2,foreign_buy_2d_all,foreign_buy_vol_0_5pct,foreign_buy_vol_1pct,foreign_buy_vol_2pct",2,64404,83351,32063,18.38,308500,2026-08-03,233144,-24.43,244301,-20.81,,,,,,,하락 전환,"D+1(2026-08-03) 시가 -24.43%, 종가 -20.81%"
2026-07-31,086520,에코프로,foreign_buy_streak_2,"foreign_buy_streak_2,foreign_buy_2d_all,foreign_buy_vol_0_5pct,foreign_buy_vol_1pct,foreign_buy_vol_2pct",2,205643,463492,398956,15.35,79100,2026-08-03,77100,-2.53,77400,-2.15,,,,,,,보합,"D+1(2026-08-03) 시가 -2.53%, 종가 -2.15%"
2026-07-31,214450,파마리서치,foreign_buy_streak_2,"foreign_buy_streak_2,foreign_buy_2d_all,foreign_buy_vol_0_5pct,foreign_buy_vol_1pct,foreign_buy_vol_2pct",2,40202,47770,-44767,15.63,338500,2026-08-03,345000,1.92,372000,9.90,,,,,,,상승 지속,"D+1(2026-08-03) 시가 +1.92%, 종가 +9.90%"
2026-07-31,098460,고영,foreign_buy_streak_2,"foreign_buy_streak_2,foreign_buy_2d_all,foreign_buy_vol_0_5pct,foreign_buy_vol_1pct,foreign_buy_vol_2pct",2,404391,665501,424413,13.23,27250,2026-08-03,26900,-1.28,27600,1.28,,,,,,,상승,"D+1(2026-08-03) 시가 -1.28%, 종가 +1.28%"
2026-07-31,0039P0,매드업,foreign_buy_streak_5,"foreign_buy_streak_2,foreign_buy_streak_3,foreign_buy_2d_all,foreign_buy_3d_all,foreign_buy_vol_0_5pct",5,55465,122462,244162,0.53,6500,2026-08-03,6600,1.54,7350,13.08,,,,,,,상승 지속,"D+1(2026-08-03) 시가 +1.54%, 종가 +13.08%"
2026-07-31,222800,심텍,foreign_buy_streak_7,"foreign_buy_streak_2,foreign_buy_streak_3,foreign_buy_2d_all,foreign_buy_3d_all,foreign_buy_vol_0_5pct,foreign_buy_vol_1pct,foreign_buy_vol_2pct",7,44371,112570,152791,5.17,82900,2026-08-03,81500,-1.69,87500,5.55,,,,,,,상승 지속,"D+1(2026-08-03) 시가 -1.69%, 종가 +5.55%"
2026-07-31,365660,레몬헬스케어,foreign_buy_streak_2,"foreign_buy_streak_2,foreign_buy_2d_all",2,23637,65326,-53326,0.20,5350,2026-08-03,5700,6.54,5460,2.06,,,,,,,상승,"D+1(2026-08-03) 시가 +6.54%, 종가 +2.06%"
2026-07-31,347850,디앤디파마텍,foreign_buy_streak_4,"foreign_buy_streak_2,foreign_buy_streak_3,foreign_buy_2d_all,foreign_buy_3d_all,foreign_buy_vol_0_5pct,foreign_buy_vol_1pct,foreign_buy_vol_2pct",4,75384,195291,568579,7.85,50400,2026-08-03,49550,-1.69,56700,12.50,,,,,,,상승 지속,"D+1(2026-08-03) 시가 -1.69%, 종가 +12.50%"
2026-08-03,005380,현대차,foreign_buy_streak_4,"foreign_buy_streak_2,foreign_buy_streak_3,foreign_buy_2d_all,foreign_buy_3d_all,foreign_buy_vol_0_5pct,foreign_buy_vol_1pct,foreign_buy_vol_2pct",4,90752,201303,274824,10.98,393000,2026-08-04,395500,0.64,392500,-0.13,,,,,,,보합,"D+1(2026-08-04) 시가 +0.64%, 종가 -0.13%"
2026-08-03,439960,코스모로보틱스,foreign_buy_streak_2,"foreign_buy_streak_2,foreign_buy_2d_all,foreign_buy_vol_0_5pct",2,171531,405066,326000,0.93,17880,2026-08-04,17000,-4.92,17980,0.56,,,,,,,상승,"D+1(2026-08-04) 시가 -4.92%, 종가 +0.56%"
2026-08-03,010120,LS ELECTRIC,foreign_buy_streak_4,"foreign_buy_streak_2,foreign_buy_streak_3,foreign_buy_2d_all,foreign_buy_3d_all,foreign_buy_vol_0_5pct,foreign_buy_vol_1pct,foreign_buy_vol_2pct",4,45875,180275,186243,5.15,188400,2026-08-04,196200,4.14,197000,4.56,,,,,,,상승,"D+1(2026-08-04) 시가 +4.14%, 종가 +4.56%"
2026-08-03,298040,효성중공업,foreign_buy_streak_4,"foreign_buy_streak_2,foreign_buy_streak_3,foreign_buy_2d_all,foreign_buy_3d_all,foreign_buy_vol_0_5pct,foreign_buy_vol_1pct,foreign_buy_vol_2pct",4,2714,15017,47382,4.16,2495000,2026-08-04,2697000,8.10,2655000,6.41,,,,,,,상승 지속,"D+1(2026-08-04) 시가 +8.10%, 종가 +6.41%"
2026-08-03,012450,한화에어로스페이스,foreign_buy_streak_3,"foreign_buy_streak_2,foreign_buy_streak_3,foreign_buy_2d_all,foreign_buy_3d_all,foreign_buy_vol_0_5pct,foreign_buy_vol_1pct,foreign_buy_vol_2pct",3,23105,38681,41740,13.05,919000,2026-08-04,919000,0.00,1004000,9.25,,,,,,,상승 지속,"D+1(2026-08-04) 시가 +0.00%, 종가 +9.25%"
2026-08-03,012330,현대모비스,foreign_buy_streak_5,"foreign_buy_streak_2,foreign_buy_streak_3,foreign_buy_2d_all,foreign_buy_3d_all,foreign_buy_vol_0_5pct,foreign_buy_vol_1pct,foreign_buy_vol_2pct",5,59746,81974,83879,18.20,493500,2026-08-04,490500,-0.61,481500,-2.43,,,,,,,보합,"D+1(2026-08-04) 시가 -0.61%, 종가 -2.43%"
2026-08-03,105560,KB금융,foreign_buy_streak_2,"foreign_buy_streak_2,foreign_buy_2d_all,foreign_buy_vol_0_5pct,foreign_buy_vol_1pct,foreign_buy_vol_2pct",2,108660,327751,181176,11.79,169500,2026-08-04,169800,0.18,168800,-0.41,,,,,,,보합,"D+1(2026-08-04) 시가 +0.18%, 종가 -0.41%"
2026-08-03,277810,레인보우로보틱스,foreign_buy_streak_2,"foreign_buy_streak_2,foreign_buy_2d_all,foreign_buy_vol_0_5pct,foreign_buy_vol_1pct,foreign_buy_vol_2pct",2,6283,86831,47690,2.14,458500,2026-08-04,454000,-0.98,467000,1.85,,,,,,,상승,"D+1(2026-08-04) 시가 -0.98%, 종가 +1.85%"
2026-08-03,035420,NAVER,foreign_buy_streak_4,"foreign_buy_streak_2,foreign_buy_streak_3,foreign_buy_2d_all,foreign_buy_3d_all,foreign_buy_vol_0_5pct,foreign_buy_vol_1pct,foreign_buy_vol_2pct",4,125762,151770,209482,18.99,207500,2026-08-04,219000,5.54,226500,9.16,,,,,,,상승 지속,"D+1(2026-08-04) 시가 +5.54%, 종가 +9.16%"
2026-08-03,006400,삼성SDI,foreign_buy_streak_2,"foreign_buy_streak_2,foreign_buy_2d_all,foreign_buy_vol_0_5pct,foreign_buy_vol_1pct,foreign_buy_vol_2pct",2,18909,84290,45604,5.93,389500,2026-08-04,399500,2.57,419500,7.70,,,,,,,상승 지속,"D+1(2026-08-04) 시가 +2.57%, 종가 +7.70%"
2026-08-03,032830,삼성생명,foreign_buy_streak_2,"foreign_buy_streak_2,foreign_buy_2d_all,foreign_buy_vol_0_5pct,foreign_buy_vol_1pct,foreign_buy_vol_2pct",2,17042,46066,8397,4.80,287500,2026-08-04,284000,-1.22,278000,-3.30,,,,,,,보합,"D+1(2026-08-04) 시가 -1.22%, 종가 -3.30%"
2026-08-03,055550,신한지주,foreign_buy_streak_2,"foreign_buy_streak_2,foreign_buy_2d_all,foreign_buy_vol_0_5pct,foreign_buy_vol_1pct,foreign_buy_vol_2pct",2,99413,267858,133021,10.03,102700,2026-08-04,100800,-1.85,102300,-0.39,,,,,,,보합,"D+1(2026-08-04) 시가 -1.85%, 종가 -0.39%"
2026-08-03,319400,현대무벡스,foreign_buy_streak_2,"foreign_buy_streak_2,foreign_buy_2d_all,foreign_buy_vol_0_5pct,foreign_buy_vol_1pct,foreign_buy_vol_2pct",2,117669,665026,252051,2.97,23150,2026-08-04,22550,-2.59,23700,2.38,,,,,,,상승,"D+1(2026-08-04) 시가 -2.59%, 종가 +2.38%"
2026-08-03,005490,POSCO홀딩스,foreign_buy_streak_4,"foreign_buy_streak_2,foreign_buy_streak_3,foreign_buy_2d_all,foreign_buy_3d_all,foreign_buy_vol_0_5pct,foreign_buy_vol_1pct,foreign_buy_vol_2pct",4,18664,52757,78874,6.33,303500,2026-08-04,305500,0.66,313000,3.13,,,,,,,상승,"D+1(2026-08-04) 시가 +0.66%, 종가 +3.13%"
2026-08-03,000270,기아,foreign_buy_streak_4,"foreign_buy_streak_2,foreign_buy_streak_3,foreign_buy_2d_all,foreign_buy_3d_all,foreign_buy_vol_0_5pct,foreign_buy_vol_1pct,foreign_buy_vol_2pct",4,79654,470925,543513,11.61,129600,2026-08-04,128400,-0.93,129600,0.00,,,,,,,보합,"D+1(2026-08-04) 시가 -0.93%, 종가 +0.00%"
2026-08-03,214450,파마리서치,foreign_buy_streak_3,"foreign_buy_streak_2,foreign_buy_streak_3,foreign_buy_2d_all,foreign_buy_3d_all,foreign_buy_vol_0_5pct,foreign_buy_vol_1pct,foreign_buy_vol_2pct",3,8969,49171,56739,3.76,372000,2026-08-04,368500,-0.94,384500,3.36,,,,,,,상승,"D+1(2026-08-04) 시가 -0.94%, 종가 +3.36%"
2026-08-03,0039P0,매드업,foreign_buy_streak_6,"foreign_buy_streak_2,foreign_buy_streak_3,foreign_buy_2d_all,foreign_buy_3d_all",6,14292,69757,136754,0.12,7350,2026-08-04,7700,4.76,7320,-0.41,,,,,,,보합,"D+1(2026-08-04) 시가 +4.76%, 종가 -0.41%"
2026-08-03,089030,테크윙,foreign_buy_streak_2,"foreign_buy_streak_2,foreign_buy_2d_all,foreign_buy_vol_0_5pct,foreign_buy_vol_1pct,foreign_buy_vol_2pct",2,53134,374206,366982,2.99,46300,2026-08-04,46350,0.11,48100,3.89,,,,,,,상승,"D+1(2026-08-04) 시가 +0.11%, 종가 +3.89%"
2026-08-03,030530,원익홀딩스,foreign_buy_streak_4,"foreign_buy_streak_2,foreign_buy_streak_3,foreign_buy_2d_all,foreign_buy_3d_all,foreign_buy_vol_0_5pct,foreign_buy_vol_1pct,foreign_buy_vol_2pct",4,80799,173466,214776,2.00,19860,2026-08-04,19860,0.00,20400,2.72,,,,,,,상승,"D+1(2026-08-04) 시가 +0.00%, 종가 +2.72%"
2026-08-03,347850,디앤디파마텍,foreign_buy_streak_5,"foreign_buy_streak_2,foreign_buy_streak_3,foreign_buy_2d_all,foreign_buy_3d_all",5,2407,77791,197698,0.18,56700,2026-08-04,56000,-1.23,64800,14.29,,,,,,,상승 지속,"D+1(2026-08-04) 시가 -1.23%, 종가 +14.29%"
2026-08-03,087010,펩트론,foreign_buy_streak_2,"foreign_buy_streak_2,foreign_buy_2d_all,foreign_buy_vol_0_5pct,foreign_buy_vol_1pct,foreign_buy_vol_2pct",2,20920,38420,32215,7.88,166100,2026-08-04,161600,-2.71,173800,4.64,,,,,,,상승,"D+1(2026-08-04) 시가 -2.71%, 종가 +4.64%"
2026-08-04,035420,NAVER,foreign_buy_streak_5,"foreign_buy_streak_2,foreign_buy_streak_3,foreign_buy_2d_all,foreign_buy_3d_all,foreign_buy_vol_0_5pct,foreign_buy_vol_1pct,foreign_buy_vol_2pct",5,165855,291617,317625,7.28,226500,2026-08-05,227000,0.22,229000,1.10,,,,,,,상승,"D+1(2026-08-05) 시가 +0.22%, 종가 +1.10%"
2026-08-04,012450,한화에어로스페이스,foreign_buy_streak_4,"foreign_buy_streak_2,foreign_buy_streak_3,foreign_buy_2d_all,foreign_buy_3d_all,foreign_buy_vol_0_5pct,foreign_buy_vol_1pct,foreign_buy_vol_2pct",4,29094,52199,67775,9.94,1004000,2026-08-05,1006000,0.20,1007000,0.30,,,,,,,상승,"D+1(2026-08-05) 시가 +0.20%, 종가 +0.30%"
2026-08-04,066570,LG전자,foreign_buy_streak_2,"foreign_buy_streak_2,foreign_buy_2d_all,foreign_buy_vol_0_5pct,foreign_buy_vol_1pct,foreign_buy_vol_2pct",2,116794,121757,30953,9.90,165500,2026-08-05,170900,3.26,179500,8.46,,,,,,,상승 지속,"D+1(2026-08-05) 시가 +3.26%, 종가 +8.46%"
2026-08-04,010120,LS ELECTRIC,foreign_buy_streak_5,"foreign_buy_streak_2,foreign_buy_streak_3,foreign_buy_2d_all,foreign_buy_3d_all,foreign_buy_vol_0_5pct,foreign_buy_vol_1pct,foreign_buy_vol_2pct",5,57619,103494,237894,6.96,197000,2026-08-05,207500,5.33,212000,7.61,,,,,,,상승 지속,"D+1(2026-08-05) 시가 +5.33%, 종가 +7.61%"
2026-08-04,028260,삼성물산,foreign_buy_streak_2,"foreign_buy_streak_2,foreign_buy_2d_all,foreign_buy_vol_0_5pct,foreign_buy_vol_1pct,foreign_buy_vol_2pct",2,121216,144522,61648,24.95,322500,2026-08-05,338500,4.96,347500,7.75,,,,,,,상승 지속,"D+1(2026-08-05) 시가 +4.96%, 종가 +7.75%"
2026-08-04,006360,GS건설,foreign_buy_streak_2,"foreign_buy_streak_2,foreign_buy_2d_all,foreign_buy_vol_0_5pct,foreign_buy_vol_1pct,foreign_buy_vol_2pct",2,219227,354655,-443910,4.04,28750,2026-08-05,29100,1.22,31150,8.35,,,,,,,상승 지속,"D+1(2026-08-05) 시가 +1.22%, 종가 +8.35%"
2026-08-04,079550,LIG디펜스앤에어로스페이스,foreign_buy_streak_5,"foreign_buy_streak_2,foreign_buy_streak_3,foreign_buy_2d_all,foreign_buy_3d_all,foreign_buy_vol_0_5pct,foreign_buy_vol_1pct,foreign_buy_vol_2pct",5,37285,43187,68940,20.44,801000,2026-08-05,793000,-1.00,798000,-0.37,,,,,,,보합,"D+1(2026-08-05) 시가 -1.00%, 종가 -0.37%"
2026-08-04,011070,LG이노텍,foreign_buy_streak_2,"foreign_buy_streak_2,foreign_buy_2d_all,foreign_buy_vol_0_5pct,foreign_buy_vol_1pct,foreign_buy_vol_2pct",2,32412,78011,56468,12.64,525000,2026-08-05,610000,16.19,601000,14.48,,,,,,,상승 지속,"D+1(2026-08-05) 시가 +16.19%, 종가 +14.48%"
2026-08-04,105560,KB금융,foreign_buy_streak_3,"foreign_buy_streak_2,foreign_buy_streak_3,foreign_buy_2d_all,foreign_buy_3d_all,foreign_buy_vol_0_5pct,foreign_buy_vol_1pct,foreign_buy_vol_2pct",3,53725,162385,381476,7.22,168800,2026-08-05,172000,1.90,170700,1.13,,,,,,,상승,"D+1(2026-08-05) 시가 +1.90%, 종가 +1.13%"
2026-08-04,277810,레인보우로보틱스,foreign_buy_streak_3,"foreign_buy_streak_2,foreign_buy_streak_3,foreign_buy_2d_all,foreign_buy_3d_all,foreign_buy_vol_0_5pct,foreign_buy_vol_1pct,foreign_buy_vol_2pct",3,5883,12166,92714,4.02,467000,2026-08-05,477000,2.14,484000,3.64,,,,,,,상승,"D+1(2026-08-05) 시가 +2.14%, 종가 +3.64%"
2026-08-04,214450,파마리서치,foreign_buy_streak_4,"foreign_buy_streak_2,foreign_buy_streak_3,foreign_buy_2d_all,foreign_buy_3d_all",4,696,9665,49867,0.40,384500,2026-08-05,381500,-0.78,378000,-1.69,,,,,,,보합,"D+1(2026-08-05) 시가 -0.78%, 종가 -1.69%"
2026-08-04,032820,우리기술,foreign_buy_streak_5,"foreign_buy_streak_2,foreign_buy_streak_3,foreign_buy_2d_all,foreign_buy_3d_all,foreign_buy_vol_0_5pct,foreign_buy_vol_1pct",5,67794,411584,1342358,1.23,10840,2026-08-05,11400,5.17,11730,8.21,,,,,,,상승 지속,"D+1(2026-08-05) 시가 +5.17%, 종가 +8.21%"
2026-08-05,005930,삼성전자,foreign_buy_streak_2,"foreign_buy_streak_2,foreign_buy_2d_all,foreign_buy_vol_0_5pct,foreign_buy_vol_1pct,foreign_buy_vol_2pct",2,2298577,3149104,-747385,10.18,246000,2026-08-06,241500,-1.83,230500,-6.30,,,,,,,하락 전환,"D+1(2026-08-06) 시가 -1.83%, 종가 -6.30%"
2026-08-05,035420,NAVER,foreign_buy_streak_6,"foreign_buy_streak_2,foreign_buy_streak_3,foreign_buy_2d_all,foreign_buy_3d_all,foreign_buy_vol_0_5pct,foreign_buy_vol_1pct,foreign_buy_vol_2pct",6,90692,256547,382309,8.32,229000,2026-08-06,225000,-1.75,226000,-1.31,,,,,,,보합,"D+1(2026-08-06) 시가 -1.75%, 종가 -1.31%"
2026-08-05,066570,LG전자,foreign_buy_streak_3,"foreign_buy_streak_2,foreign_buy_streak_3,foreign_buy_2d_all,foreign_buy_3d_all",3,1607,118401,123364,0.12,179500,2026-08-06,176700,-1.56,175200,-2.40,,,,,,,보합,"D+1(2026-08-06) 시가 -1.56%, 종가 -2.40%"
2026-08-05,105560,KB금융,foreign_buy_streak_4,"foreign_buy_streak_2,foreign_buy_streak_3,foreign_buy_2d_all,foreign_buy_3d_all,foreign_buy_vol_0_5pct,foreign_buy_vol_1pct,foreign_buy_vol_2pct",4,134636,188361,297021,16.13,170700,2026-08-06,172000,0.76,171500,0.47,,,,,,,상승,"D+1(2026-08-06) 시가 +0.76%, 종가 +0.47%"
2026-08-05,006360,GS건설,foreign_buy_streak_3,"foreign_buy_streak_2,foreign_buy_streak_3,foreign_buy_2d_all,foreign_buy_3d_all,foreign_buy_vol_0_5pct,foreign_buy_vol_1pct,foreign_buy_vol_2pct",3,281078,500305,635733,6.13,31150,2026-08-06,30900,-0.80,32600,4.65,,,,,,,상승,"D+1(2026-08-06) 시가 -0.80%, 종가 +4.65%"
2026-08-05,010120,LS ELECTRIC,foreign_buy_streak_6,"foreign_buy_streak_2,foreign_buy_streak_3,foreign_buy_2d_all,foreign_buy_3d_all,foreign_buy_vol_0_5pct,foreign_buy_vol_1pct,foreign_buy_vol_2pct",6,85172,142791,188666,13.05,212000,2026-08-06,207500,-2.12,202500,-4.48,,,,,,,보합,"D+1(2026-08-06) 시가 -2.12%, 종가 -4.48%"
2026-08-05,477850,마키나락스,foreign_buy_streak_2,"foreign_buy_streak_2,foreign_buy_2d_all,foreign_buy_vol_0_5pct,foreign_buy_vol_1pct,foreign_buy_vol_2pct",2,669111,870272,798305,14.57,29800,2026-08-06,30800,3.36,31900,7.05,,,,,,,상승 지속,"D+1(2026-08-06) 시가 +3.36%, 종가 +7.05%"
2026-08-05,267260,HD현대일렉트릭,foreign_buy_streak_2,"foreign_buy_streak_2,foreign_buy_2d_all,foreign_buy_vol_0_5pct,foreign_buy_vol_1pct,foreign_buy_vol_2pct",2,16277,33920,13192,9.90,772000,2026-08-06,760000,-1.55,761000,-1.42,,,,,,,보합,"D+1(2026-08-06) 시가 -1.55%, 종가 -1.42%"
2026-08-05,028050,삼성E&A,foreign_buy_streak_2,"foreign_buy_streak_2,foreign_buy_2d_all,foreign_buy_vol_0_5pct,foreign_buy_vol_1pct,foreign_buy_vol_2pct",2,63868,418526,387098,2.61,49100,2026-08-06,49300,0.41,49450,0.71,,,,,,,상승,"D+1(2026-08-06) 시가 +0.41%, 종가 +0.71%"
2026-08-05,068270,셀트리온,foreign_buy_streak_2,"foreign_buy_streak_2,foreign_buy_2d_all,foreign_buy_vol_0_5pct,foreign_buy_vol_1pct,foreign_buy_vol_2pct",2,171277,309946,287591,27.73,190300,2026-08-06,191000,0.37,195000,2.47,,,,,,,상승,"D+1(2026-08-06) 시가 +0.37%, 종가 +2.47%"
2026-08-05,028260,삼성물산,foreign_buy_streak_3,"foreign_buy_streak_2,foreign_buy_streak_3,foreign_buy_2d_all,foreign_buy_3d_all,foreign_buy_vol_0_5pct,foreign_buy_vol_1pct,foreign_buy_vol_2pct",3,105471,226687,249993,31.11,347500,2026-08-06,343000,-1.29,334000,-3.88,,,,,,,보합,"D+1(2026-08-06) 시가 -1.29%, 종가 -3.88%"
2026-08-05,069540,빛과전자,foreign_buy_streak_4,"foreign_buy_streak_2,foreign_buy_streak_3,foreign_buy_2d_all,foreign_buy_3d_all,foreign_buy_vol_0_5pct,foreign_buy_vol_1pct,foreign_buy_vol_2pct",4,1908365,2461692,2721951,6.50,2890,2026-08-06,2890,0.00,2910,0.69,,,,,,,상승,"D+1(2026-08-06) 시가 +0.00%, 종가 +0.69%"
2026-08-05,214450,파마리서치,foreign_buy_streak_5,"foreign_buy_streak_2,foreign_buy_streak_3,foreign_buy_2d_all,foreign_buy_3d_all,foreign_buy_vol_0_5pct,foreign_buy_vol_1pct,foreign_buy_vol_2pct",5,95416,96112,105081,47.56,378000,2026-08-06,383000,1.32,394500,4.37,,,,,,,상승,"D+1(2026-08-06) 시가 +1.32%, 종가 +4.37%"
2026-08-05,277810,레인보우로보틱스,foreign_buy_streak_4,"foreign_buy_streak_2,foreign_buy_streak_3,foreign_buy_2d_all,foreign_buy_3d_all,foreign_buy_vol_0_5pct,foreign_buy_vol_1pct,foreign_buy_vol_2pct",4,25274,31157,37440,17.60,484000,2026-08-06,509000,5.17,489500,1.14,,,,,,,상승,"D+1(2026-08-06) 시가 +5.17%, 종가 +1.14%"
2026-08-05,032820,우리기술,foreign_buy_streak_6,"foreign_buy_streak_2,foreign_buy_streak_3,foreign_buy_2d_all,foreign_buy_3d_all,foreign_buy_vol_0_5pct,foreign_buy_vol_1pct,foreign_buy_vol_2pct",6,141287,209081,552871,3.00,11730,2026-08-06,11250,-4.09,11240,-4.18,,,,,,,보합,"D+1(2026-08-06) 시가 -4.09%, 종가 -4.18%"
2026-08-05,024840,KBI메탈,foreign_buy_streak_2,"foreign_buy_streak_2,foreign_buy_2d_all,foreign_buy_vol_0_5pct,foreign_buy_vol_1pct",2,131173,158881,110307,1.19,4985,2026-08-06,5240,5.12,5420,8.73,,,,,,,상승 지속,"D+1(2026-08-06) 시가 +5.12%, 종가 +8.73%"
2026-08-05,108490,로보티즈,foreign_buy_streak_2,"foreign_buy_streak_2,foreign_buy_2d_all",2,967,6383,-24044,0.44,242000,2026-08-06,248000,2.48,233500,-3.51,,,,,,,보합,"D+1(2026-08-06) 시가 +2.48%, 종가 -3.51%"
2026-08-06,012450,한화에어로스페이스,foreign_buy_streak_6,"foreign_buy_streak_2,foreign_buy_streak_3,foreign_buy_2d_all,foreign_buy_3d_all,foreign_buy_vol_0_5pct,foreign_buy_vol_1pct,foreign_buy_vol_2pct",6,11936,16759,45853,4.40,1054000,,,,,,,,,,,,,
2026-08-06,035420,NAVER,foreign_buy_streak_7,"foreign_buy_streak_2,foreign_buy_streak_3,foreign_buy_2d_all,foreign_buy_3d_all,foreign_buy_vol_0_5pct,foreign_buy_vol_1pct,foreign_buy_vol_2pct",7,47085,137777,303632,4.90,226000,,,,,,,,,,,,,
2026-08-06,005380,현대차,foreign_buy_streak_2,"foreign_buy_streak_2,foreign_buy_2d_all,foreign_buy_vol_0_5pct,foreign_buy_vol_1pct,foreign_buy_vol_2pct",2,19913,77397,43856,3.77,400000,,,,,,,,,,,,,
2026-08-06,073240,금호타이어,foreign_buy_streak_3,"foreign_buy_streak_2,foreign_buy_streak_3,foreign_buy_2d_all,foreign_buy_3d_all,foreign_buy_vol_0_5pct,foreign_buy_vol_1pct,foreign_buy_vol_2pct",3,677965,1426508,2529355,3.40,7940,,,,,,,,,,,,,
2026-08-06,068270,셀트리온,foreign_buy_streak_3,"foreign_buy_streak_2,foreign_buy_streak_3,foreign_buy_2d_all,foreign_buy_3d_all,foreign_buy_vol_0_5pct,foreign_buy_vol_1pct,foreign_buy_vol_2pct",3,48407,219684,358353,6.04,195000,,,,,,,,,,,,,
2026-08-06,024840,KBI메탈,foreign_buy_streak_3,"foreign_buy_streak_2,foreign_buy_streak_3,foreign_buy_2d_all,foreign_buy_3d_all,foreign_buy_vol_0_5pct,foreign_buy_vol_1pct,foreign_buy_vol_2pct",3,844159,975332,1003040,3.55,5420,,,,,,,,,,,,,
2026-08-06,012330,현대모비스,foreign_buy_streak_2,"foreign_buy_streak_2,foreign_buy_2d_all,foreign_buy_vol_0_5pct,foreign_buy_vol_1pct,foreign_buy_vol_2pct",2,23414,95977,43642,9.43,508000,,,,,,,,,,,,,
2026-08-06,0039P0,매드업,foreign_buy_streak_2,"foreign_buy_streak_2,foreign_buy_2d_all,foreign_buy_vol_0_5pct,foreign_buy_vol_1pct,foreign_buy_vol_2pct",2,361053,391423,51928,2.77,9940,,,,,,,,,,,,,
2026-08-06,055550,신한지주,foreign_buy_streak_5,"foreign_buy_streak_2,foreign_buy_streak_3,foreign_buy_2d_all,foreign_buy_3d_all,foreign_buy_vol_0_5pct,foreign_buy_vol_1pct,foreign_buy_vol_2pct",5,104304,177062,182808,10.36,107400,,,,,,,,,,,,,
2026-08-06,028260,삼성물산,foreign_buy_streak_4,"foreign_buy_streak_2,foreign_buy_streak_3,foreign_buy_2d_all,foreign_buy_3d_all,foreign_buy_vol_0_5pct,foreign_buy_vol_1pct,foreign_buy_vol_2pct",4,23044,128515,249731,7.21,334000,,,,,,,,,,,,,
2026-08-06,000270,기아,foreign_buy_streak_7,"foreign_buy_streak_2,foreign_buy_streak_3,foreign_buy_2d_all,foreign_buy_3d_all,foreign_buy_vol_0_5pct,foreign_buy_vol_1pct,foreign_buy_vol_2pct",7,166186,292508,308806,20.86,133600,,,,,,,,,,,,,
2026-08-06,067290,JW신약,foreign_buy_streak_2,"foreign_buy_streak_2,foreign_buy_2d_all,foreign_buy_vol_0_5pct,foreign_buy_vol_1pct,foreign_buy_vol_2pct",2,823273,951874,860281,2.57,2330,,,,,,,,,,,,,
2026-08-06,463020,뉴엔AI,foreign_buy_streak_3,"foreign_buy_streak_2,foreign_buy_streak_3,foreign_buy_2d_all,foreign_buy_3d_all",3,8605,16047,20547,0.13,11310,,,,,,,,,,,,,
2026-08-06,086520,에코프로,foreign_buy_streak_2,"foreign_buy_streak_2,foreign_buy_2d_all,foreign_buy_vol_0_5pct",2,6297,20864,-56449,0.72,83600,,,,,,,,,,,,,
2026-08-06,041830,인바디,foreign_buy_streak_2,"foreign_buy_streak_2,foreign_buy_2d_all,foreign_buy_vol_0_5pct",2,6160,7141,-36234,0.94,70000,,,,,,,,,,,,,
2026-08-06,119850,지엔씨에너지,foreign_buy_streak_2,"foreign_buy_streak_2,foreign_buy_2d_all,foreign_buy_vol_0_5pct",2,5539,48741,-245558,0.63,51100,,,,,,,,,,,,,
